record_id,agency,category,brand_exact,product_exact,agency_status_exact,certification_or_symbol,certification_recorded,symbol_required_for_approval,physical_symbol_independently_observed,in_list_1_approved_only_when_bearing_symbol,in_list_2,in_list_3,in_list_4,conditions_exact,plain_language_explanation,official_source_url,source_location,checked_date,verification_status
STARK-item-WGN7JWIU,STAR-K,Beer,AC Golden,ACG McMango Face,Approved,OU,True,,no_evidence,False,True,False,False,,STAR-K approves this beer and records it as Certified By OU.,https://www.star-k.org/resource/list/W56J90P5/all_liquor#item-WGN7JWIU,"STAR-K all_liquor listing, item block item-WGN7JWIU (imported row index 49)",2026-08-11,verified_against_current_official_source
STARK-item-XQLZYXCM,STAR-K,Beer,AC Golden,All The Juice,Approved,OU,True,,no_evidence,False,True,False,False,,STAR-K approves this beer and records it as Certified By OU.,https://www.star-k.org/resource/list/W56J90P5/all_liquor#item-XQLZYXCM,"STAR-K all_liquor listing, item block item-XQLZYXCM (imported row index 50)",2026-08-11,verified_against_current_official_source
STARK-item-Y1JSDZ7E,STAR-K,Beer,AC Golden,Batch 19,Approved,OU,True,,no_evidence,False,True,False,False,,STAR-K approves this beer and records it as Certified By OU.,https://www.star-k.org/resource/list/W56J90P5/all_liquor#item-Y1JSDZ7E,"STAR-K all_liquor listing, item block item-Y1JSDZ7E (imported row index 51)",2026-08-11,verified_against_current_official_source
STARK-item-ZAHMS2Z7,STAR-K,Beer,AC Golden,Cold Crush Crispy Lager,Approved,OU,True,,no_evidence,False,True,False,False,,STAR-K approves this beer and records it as Certified By OU.,https://www.star-k.org/resource/list/W56J90P5/all_liquor#item-ZAHMS2Z7,"STAR-K all_liquor listing, item block item-ZAHMS2Z7 (imported row index 52)",2026-08-11,verified_against_current_official_source
STARK-item-2KFF84TY,STAR-K,Beer,AC Golden,Orange Haze,Approved,OU,True,,no_evidence,False,True,False,False,,STAR-K approves this beer and records it as Certified By OU.,https://www.star-k.org/resource/list/W56J90P5/all_liquor#item-2KFF84TY,"STAR-K all_liquor listing, item block item-2KFF84TY (imported row index 53)",2026-08-11,verified_against_current_official_source
STARK-item-3TC0M6NQ,STAR-K,Beer,AC Golden,Sneaky 8,Approved,OU,True,,no_evidence,False,True,False,False,,STAR-K approves this beer and records it as Certified By OU.,https://www.star-k.org/resource/list/W56J90P5/all_liquor#item-3TC0M6NQ,"STAR-K all_liquor listing, item block item-3TC0M6NQ (imported row index 54)",2026-08-11,verified_against_current_official_source
STARK-item-RHHAMELI,STAR-K,Beer,APA Beer,APA Beer,Approved,OK,True,,no_evidence,False,True,False,False,,STAR-K approves this beer and records it as Certified By OK.,https://www.star-k.org/resource/list/W56J90P5/all_liquor#item-RHHAMELI,"STAR-K all_liquor listing, item block item-RHHAMELI (imported row index 55)",2026-08-11,verified_against_current_official_source
STARK-item-SRF42GEA,STAR-K,Beer,Aspen Edge,Lager,Approved,OU,True,,no_evidence,False,True,False,False,,STAR-K approves this beer and records it as Certified By OU.,https://www.star-k.org/resource/list/W56J90P5/all_liquor#item-SRF42GEA,"STAR-K all_liquor listing, item block item-SRF42GEA (imported row index 143)",2026-08-11,verified_against_current_official_source
STARK-item-T1DXGH93,STAR-K,Beer,Ballast Point Brewing,Aloha Sculpin IPA,Approved,KCOR,True,,no_evidence,False,True,False,False,,STAR-K approves this beer and records it as Certified By KCOR.,https://www.star-k.org/resource/list/W56J90P5/all_liquor#item-T1DXGH93,"STAR-K all_liquor listing, item block item-T1DXGH93 (imported row index 203)",2026-08-11,verified_against_current_official_source
STARK-item-UABQVJ3U,STAR-K,Beer,Ballast Point Brewing,Grapefruit Sculpin IPA,Approved,KCOR,True,,no_evidence,False,True,False,False,,STAR-K approves this beer and records it as Certified By KCOR.,https://www.star-k.org/resource/list/W56J90P5/all_liquor#item-UABQVJ3U,"STAR-K all_liquor listing, item block item-UABQVJ3U (imported row index 204)",2026-08-11,verified_against_current_official_source
STARK-item-WK0JALWM,STAR-K,Beer,Ballast Point Brewing,Hazy Sculpin IPA,Approved,KCOR,True,,no_evidence,False,True,False,False,,STAR-K approves this beer and records it as Certified By KCOR.,https://www.star-k.org/resource/list/W56J90P5/all_liquor#item-WK0JALWM,"STAR-K all_liquor listing, item block item-WK0JALWM (imported row index 205)",2026-08-11,verified_against_current_official_source
STARK-item-XU7DPNQE,STAR-K,Beer,Ballast Point Brewing,Pineapple Sculpin IPA,Approved,KCOR,True,,no_evidence,False,True,False,False,,STAR-K approves this beer and records it as Certified By KCOR.,https://www.star-k.org/resource/list/W56J90P5/all_liquor#item-XU7DPNQE,"STAR-K all_liquor listing, item block item-XU7DPNQE (imported row index 206)",2026-08-11,verified_against_current_official_source
STARK-item-Y5575PJ7,STAR-K,Beer,Ballast Point Brewing,Sculpin IPA,Approved,KCOR,True,,no_evidence,False,True,False,False,,STAR-K approves this beer and records it as Certified By KCOR.,https://www.star-k.org/resource/list/W56J90P5/all_liquor#item-Y5575PJ7,"STAR-K all_liquor listing, item block item-Y5575PJ7 (imported row index 207)",2026-08-11,verified_against_current_official_source
STARK-item-1E31JQDY,STAR-K,Beer,Ballast Point Brewing,Swingin' Friar Ale,Approved,KCOR,True,,no_evidence,False,True,False,False,,STAR-K approves this beer and records it as Certified By KCOR.,https://www.star-k.org/resource/list/W56J90P5/all_liquor#item-1E31JQDY,"STAR-K all_liquor listing, item block item-1E31JQDY (imported row index 208)",2026-08-11,verified_against_current_official_source
STARK-item-3YYMDU2I,STAR-K,Beer,Bear Beer,Bear Beer 4.2%,Approved,KF,True,,no_evidence,False,True,False,False,,STAR-K approves this beer and records it as Certified By KF.,https://www.star-k.org/resource/list/W56J90P5/all_liquor#item-3YYMDU2I,"STAR-K all_liquor listing, item block item-3YYMDU2I (imported row index 249)",2026-08-11,verified_against_current_official_source
STARK-item-RL4NC4YA,STAR-K,Beer,Bear Beer,Bear Beer 7.7%,Approved,KF,True,,no_evidence,False,True,False,False,,STAR-K approves this beer and records it as Certified By KF.,https://www.star-k.org/resource/list/W56J90P5/all_liquor#item-RL4NC4YA,"STAR-K all_liquor listing, item block item-RL4NC4YA (imported row index 250)",2026-08-11,verified_against_current_official_source
STARK-item-SV2HR6S3,STAR-K,Beer,Bear Beer,Bear Beer 8.5%,Approved,KF,True,,no_evidence,False,True,False,False,,STAR-K approves this beer and records it as Certified By KF.,https://www.star-k.org/resource/list/W56J90P5/all_liquor#item-SV2HR6S3,"STAR-K all_liquor listing, item block item-SV2HR6S3 (imported row index 251)",2026-08-11,verified_against_current_official_source
STARK-item-2O1TYS8Q,STAR-K,Beer,Bear Beer,Bear Beer 10%,Approved,KF,True,,no_evidence,False,True,False,False,,STAR-K approves this beer and records it as Certified By KF.,https://www.star-k.org/resource/list/W56J90P5/all_liquor#item-2O1TYS8Q,"STAR-K all_liquor listing, item block item-2O1TYS8Q (imported row index 252)",2026-08-11,verified_against_current_official_source
STARK-item-T6YA78MU,STAR-K,Beer,Bear Beer,Bear Beer Dark 5.3%,Approved,KF,True,,no_evidence,False,True,False,False,,STAR-K approves this beer and records it as Certified By KF.,https://www.star-k.org/resource/list/W56J90P5/all_liquor#item-T6YA78MU,"STAR-K all_liquor listing, item block item-T6YA78MU (imported row index 253)",2026-08-11,verified_against_current_official_source
STARK-item-VFW5L0GM,STAR-K,Beer,Bear Beer,Bear Beer Dark Wheat 5.4%,Approved,KF,True,,no_evidence,False,True,False,False,,STAR-K approves this beer and records it as Certified By KF.,https://www.star-k.org/resource/list/W56J90P5/all_liquor#item-VFW5L0GM,"STAR-K all_liquor listing, item block item-VFW5L0GM (imported row index 254)",2026-08-11,verified_against_current_official_source
STARK-item-WPUX1AAE,STAR-K,Beer,Bear Beer,Bear Beer Extra Strong 12%,Approved,KF,True,,no_evidence,False,True,False,False,,STAR-K approves this beer and records it as Certified By KF.,https://www.star-k.org/resource/list/W56J90P5/all_liquor#item-WPUX1AAE,"STAR-K all_liquor listing, item block item-WPUX1AAE (imported row index 255)",2026-08-11,verified_against_current_official_source
STARK-item-XZSRFC47,STAR-K,Beer,Bear Beer,Bear Beer Lager 5%,Approved,KF,True,,no_evidence,False,True,False,False,,STAR-K approves this beer and records it as Certified By KF.,https://www.star-k.org/resource/list/W56J90P5/all_liquor#item-XZSRFC47,"STAR-K all_liquor listing, item block item-XZSRFC47 (imported row index 256)",2026-08-11,verified_against_current_official_source
STARK-item-Y0QKVEXY,STAR-K,Beer,Bear Beer,Bear Beer Strong Stout 8%,Approved,KF,True,,no_evidence,False,True,False,False,,STAR-K approves this beer and records it as Certified By KF.,https://www.star-k.org/resource/list/W56J90P5/all_liquor#item-Y0QKVEXY,"STAR-K all_liquor listing, item block item-Y0QKVEXY (imported row index 257)",2026-08-11,verified_against_current_official_source
STARK-item-1JNDAGRQ,STAR-K,Beer,Bear Beer,Bear Beer Wheat 5%,Approved,KF,True,,no_evidence,False,True,False,False,,STAR-K approves this beer and records it as Certified By KF.,https://www.star-k.org/resource/list/W56J90P5/all_liquor#item-1JNDAGRQ,"STAR-K all_liquor listing, item block item-1JNDAGRQ (imported row index 258)",2026-08-11,verified_against_current_official_source
STARK-item-2TL8PILI,STAR-K,Beer,Bear Beer,Burg Beer 5.5%,Approved,KF,True,,no_evidence,False,True,False,False,,STAR-K approves this beer and records it as Certified By KF.,https://www.star-k.org/resource/list/W56J90P5/all_liquor#item-2TL8PILI,"STAR-K all_liquor listing, item block item-2TL8PILI (imported row index 259)",2026-08-11,verified_against_current_official_source
STARK-item-34J15KEA,STAR-K,Beer,Bear Republic Racer 5,IPA,Approved,KCOR,True,,no_evidence,False,True,False,False,,STAR-K approves this beer and records it as Certified By KCOR.,https://www.star-k.org/resource/list/W56J90P5/all_liquor#item-34J15KEA,"STAR-K all_liquor listing, item block item-34J15KEA (imported row index 260)",2026-08-11,verified_against_current_official_source
STARK-item-RQO24SC3,STAR-K,Beer,Beerhunter Organic,Gluten-Free Lager,Approved,OK,True,,no_evidence,False,True,False,False,,STAR-K approves this beer and records it as Certified By OK.,https://www.star-k.org/resource/list/W56J90P5/all_liquor#item-RQO24SC3,"STAR-K all_liquor listing, item block item-RQO24SC3 (imported row index 265)",2026-08-11,verified_against_current_official_source
STARK-item-S1MVIU7U,STAR-K,Beer,Beerhunter Organic IPA,IPA,Approved,OK,True,,no_evidence,False,True,False,False,,STAR-K approves this beer and records it as Certified By OK.,https://www.star-k.org/resource/list/W56J90P5/all_liquor#item-S1MVIU7U,"STAR-K all_liquor listing, item block item-S1MVIU7U (imported row index 266)",2026-08-11,verified_against_current_official_source
STARK-item-TAKOXW1M,STAR-K,Beer,Bel Pils,"Bel Pils, Bottle/Keg (Belgium)",Approved,KF Belgium,True,,no_evidence,False,True,False,False,,STAR-K approves this beer and records it as Certified By KF.,https://www.star-k.org/resource/list/W56J90P5/all_liquor#item-TAKOXW1M,"STAR-K all_liquor listing, item block item-TAKOXW1M (imported row index 267)",2026-08-11,verified_against_current_official_source
STARK-item-VKIHCYUE,STAR-K,Beer,Berliner,Kindl Jubilaums Pilsener,Approved,KF,True,,no_evidence,False,True,False,False,,STAR-K approves this beer and records it as Certified By KF.,https://www.star-k.org/resource/list/W56J90P5/all_liquor#item-VKIHCYUE,"STAR-K all_liquor listing, item block item-VKIHCYUE (imported row index 303)",2026-08-11,verified_against_current_official_source
STARK-item-WUFBR1N7,STAR-K,Beer,Berliner,Pilsner,Approved,KF,True,,no_evidence,False,True,False,False,,STAR-K approves this beer and records it as Certified By KF.,https://www.star-k.org/resource/list/W56J90P5/all_liquor#item-WUFBR1N7,"STAR-K all_liquor listing, item block item-WUFBR1N7 (imported row index 304)",2026-08-11,verified_against_current_official_source
STARK-item-YDBYL4BQ,STAR-K,Beer,Big Eddy,Cherry Doppelschwarz,Approved,OU,True,,no_evidence,False,True,False,False,,STAR-K approves this beer and records it as Certified By OU.,https://www.star-k.org/resource/list/W56J90P5/all_liquor#item-YDBYL4BQ,"STAR-K all_liquor listing, item block item-YDBYL4BQ (imported row index 308)",2026-08-11,verified_against_current_official_source
STARK-item-1N0R166I,STAR-K,Beer,Big Eddy,Royal Nektar,Approved,OU,True,,no_evidence,False,True,False,False,,STAR-K approves this beer and records it as Certified By OU.,https://www.star-k.org/resource/list/W56J90P5/all_liquor#item-1N0R166I,"STAR-K all_liquor listing, item block item-1N0R166I (imported row index 309)",2026-08-11,verified_against_current_official_source
STARK-item-2X8LF8YA,STAR-K,Beer,Big Eddy,Russian Imperial Stout,Approved,OU,True,,no_evidence,False,True,False,False,,STAR-K approves this beer and records it as Certified By OU.,https://www.star-k.org/resource/list/W56J90P5/all_liquor#item-2X8LF8YA,"STAR-K all_liquor listing, item block item-2X8LF8YA (imported row index 310)",2026-08-11,verified_against_current_official_source
STARK-item-386EU0S3,STAR-K,Beer,Big Eddy,Ryewine Ale,Approved,OU,True,,no_evidence,False,True,False,False,,STAR-K approves this beer and records it as Certified By OU.,https://www.star-k.org/resource/list/W56J90P5/all_liquor#item-386EU0S3,"STAR-K all_liquor listing, item block item-386EU0S3 (imported row index 311)",2026-08-11,verified_against_current_official_source
STARK-item-RUAFUIQU,STAR-K,Beer,Big Eddy,Uber-Oktoberfest,Approved,OU,True,,no_evidence,False,True,False,False,,STAR-K approves this beer and records it as Certified By OU.,https://www.star-k.org/resource/list/W56J90P5/all_liquor#item-RUAFUIQU,"STAR-K all_liquor listing, item block item-RUAFUIQU (imported row index 312)",2026-08-11,verified_against_current_official_source
STARK-item-S5890KKM,STAR-K,Beer,Bio Pecsi,Premium Glutenmentes Lager [Gluten-Free],Approved,OK,True,,no_evidence,False,True,False,False,,STAR-K approves this beer and records it as Certified By OK.,https://www.star-k.org/resource/list/W56J90P5/all_liquor#item-S5890KKM,"STAR-K all_liquor listing, item block item-S5890KKM (imported row index 314)",2026-08-11,verified_against_current_official_source
STARK-item-UE63OMEE,STAR-K,Beer,Bio Pecsi,Premium IPA,Approved,OK,True,,no_evidence,False,True,False,False,,STAR-K approves this beer and records it as Certified By OK.,https://www.star-k.org/resource/list/W56J90P5/all_liquor#item-UE63OMEE,"STAR-K all_liquor listing, item block item-UE63OMEE (imported row index 315)",2026-08-11,verified_against_current_official_source
STARK-item-VO4V4N87,STAR-K,Beer,Bio Pecsi,Premium Pale Ale,Approved,OK,True,,no_evidence,False,True,False,False,,STAR-K approves this beer and records it as Certified By OK.,https://www.star-k.org/resource/list/W56J90P5/all_liquor#item-VO4V4N87,"STAR-K all_liquor listing, item block item-VO4V4N87 (imported row index 316)",2026-08-11,verified_against_current_official_source
STARK-item-WY2PIP2Y,STAR-K,Beer,Bio Pecsi,Premium Weissbier,Approved,OK,True,,no_evidence,False,True,False,False,,STAR-K approves this beer and records it as Certified By OK.,https://www.star-k.org/resource/list/W56J90P5/all_liquor#item-WY2PIP2Y,"STAR-K all_liquor listing, item block item-WY2PIP2Y (imported row index 317)",2026-08-11,verified_against_current_official_source
STARK-item-X9ZIXRVQ,STAR-K,Beer,Bio Winter Bock,Bio Winter Bock,Approved,OK,True,,no_evidence,False,True,False,False,,STAR-K approves this beer and records it as Certified By OK.,https://www.star-k.org/resource/list/W56J90P5/all_liquor#item-X9ZIXRVQ,"STAR-K all_liquor listing, item block item-X9ZIXRVQ (imported row index 318)",2026-08-11,verified_against_current_official_source
STARK-item-1SU6RVIA,STAR-K,Beer,Blue Moon,1st Peach Wheat,Approved,OU,True,,no_evidence,False,True,False,False,,STAR-K approves this beer and records it as Certified By OU.,https://www.star-k.org/resource/list/W56J90P5/all_liquor#item-1SU6RVIA,"STAR-K all_liquor listing, item block item-1SU6RVIA (imported row index 334)",2026-08-11,verified_against_current_official_source
STARK-item-23SY7WC3,STAR-K,Beer,Blue Moon,2nd Anniversary Blend,Approved,OU,True,,no_evidence,False,True,False,False,,STAR-K approves this beer and records it as Certified By OU.,https://www.star-k.org/resource/list/W56J90P5/all_liquor#item-23SY7WC3,"STAR-K all_liquor listing, item block item-23SY7WC3 (imported row index 335)",2026-08-11,verified_against_current_official_source
STARK-item-3CQSLY7U,STAR-K,Beer,Blue Moon,5 Alive IPA,Approved,OU,True,,no_evidence,False,True,False,False,,STAR-K approves this beer and records it as Certified By OU.,https://www.star-k.org/resource/list/W56J90P5/all_liquor#item-3CQSLY7U,"STAR-K all_liquor listing, item block item-3CQSLY7U (imported row index 336)",2026-08-11,verified_against_current_official_source
STARK-item-RZVTK85M,STAR-K,Beer,Blue Moon,Ale-Belgian White,Approved,OU,True,,no_evidence,False,True,False,False,,STAR-K approves this beer and records it as Certified By OU.,https://www.star-k.org/resource/list/W56J90P5/all_liquor#item-RZVTK85M,"STAR-K all_liquor listing, item block item-RZVTK85M (imported row index 337)",2026-08-11,verified_against_current_official_source
STARK-item-S0TMZ0YE,STAR-K,Beer,Blue Moon,Artisan Ale,Approved,OU,True,,no_evidence,False,True,False,False,,STAR-K approves this beer and records it as Certified By OU.,https://www.star-k.org/resource/list/W56J90P5/all_liquor#item-S0TMZ0YE,"STAR-K all_liquor listing, item block item-S0TMZ0YE (imported row index 338)",2026-08-11,verified_against_current_official_source
STARK-item-UJRGEBR7,STAR-K,Beer,Blue Moon,Azaca Brut IPA,Approved,OU,True,,no_evidence,False,True,False,False,,STAR-K approves this beer and records it as Certified By OU.,https://www.star-k.org/resource/list/W56J90P5/all_liquor#item-UJRGEBR7,"STAR-K all_liquor listing, item block item-UJRGEBR7 (imported row index 339)",2026-08-11,verified_against_current_official_source
STARK-item-VTO0TDLY,STAR-K,Beer,Blue Moon,Banana Porter,Approved,OU,True,,no_evidence,False,True,False,False,,STAR-K approves this beer and records it as Certified By OU.,https://www.star-k.org/resource/list/W56J90P5/all_liquor#item-VTO0TDLY,"STAR-K all_liquor listing, item block item-VTO0TDLY (imported row index 340)",2026-08-11,verified_against_current_official_source
STARK-item-W4M30FFQ,STAR-K,Beer,Blue Moon,Barrel Aged Strawberry Dopplebock,Approved,OU,True,,no_evidence,False,True,False,False,,STAR-K approves this beer and records it as Certified By OU.,https://www.star-k.org/resource/list/W56J90P5/all_liquor#item-W4M30FFQ,"STAR-K all_liquor listing, item block item-W4M30FFQ (imported row index 341)",2026-08-11,verified_against_current_official_source
STARK-item-XDKWOG0I,STAR-K,Beer,Blue Moon,Batch 19,Approved,OU,True,,no_evidence,False,True,False,False,,STAR-K approves this beer and records it as Certified By OU.,https://www.star-k.org/resource/list/W56J90P5/all_liquor#item-XDKWOG0I,"STAR-K all_liquor listing, item block item-XDKWOG0I (imported row index 342)",2026-08-11,verified_against_current_official_source
STARK-item-ZNIP4I3A,STAR-K,Beer,Blue Moon,Beckenbauer German Export Lager,Approved,OU,True,,no_evidence,False,True,False,False,,STAR-K approves this beer and records it as Certified By OU.,https://www.star-k.org/resource/list/W56J90P5/all_liquor#item-ZNIP4I3A,"STAR-K all_liquor listing, item block item-ZNIP4I3A (imported row index 343)",2026-08-11,verified_against_current_official_source
STARK-item-1XGJIKW3,STAR-K,Beer,Blue Moon,Belgian White Ale,Approved,OU,True,,no_evidence,False,True,False,False,,STAR-K approves this beer and records it as Certified By OU.,https://www.star-k.org/resource/list/W56J90P5/all_liquor#item-1XGJIKW3,"STAR-K all_liquor listing, item block item-1XGJIKW3 (imported row index 344)",2026-08-11,verified_against_current_official_source
STARK-item-27DCXMQU,STAR-K,Beer,Blue Moon,Belgian White Ale,Approved,OU,True,,no_evidence,False,True,False,False,,STAR-K approves this beer and records it as Certified By OU.,https://www.star-k.org/resource/list/W56J90P5/all_liquor#item-27DCXMQU,"STAR-K all_liquor listing, item block item-27DCXMQU (imported row index 345)",2026-08-11,verified_against_current_official_source
STARK-item-4GB6COKM,STAR-K,Beer,Blue Moon,Belgian White RiNo,Approved,OU,True,,no_evidence,False,True,False,False,,STAR-K approves this beer and records it as Certified By OU.,https://www.star-k.org/resource/list/W56J90P5/all_liquor#item-4GB6COKM,"STAR-K all_liquor listing, item block item-4GB6COKM (imported row index 346)",2026-08-11,verified_against_current_official_source
STARK-item-R5G7BXIE,STAR-K,Beer,Blue Moon,Belly Slide,Approved,OU,True,,no_evidence,False,True,False,False,,STAR-K approves this beer and records it as Certified By OU.,https://www.star-k.org/resource/list/W56J90P5/all_liquor#item-R5G7BXIE,"STAR-K all_liquor listing, item block item-R5G7BXIE (imported row index 347)",2026-08-11,verified_against_current_official_source
STARK-item-TEE1QYB7,STAR-K,Beer,Blue Moon,Birthday Cake Barleywine,Approved,OU,True,,no_evidence,False,True,False,False,,STAR-K approves this beer and records it as Certified By OU.,https://www.star-k.org/resource/list/W56J90P5/all_liquor#item-TEE1QYB7,"STAR-K all_liquor listing, item block item-TEE1QYB7 (imported row index 348)",2026-08-11,verified_against_current_official_source
STARK-item-UNCT616Y,STAR-K,Beer,Blue Moon,Blackberry Tart Ale,Approved,OU,True,,no_evidence,False,True,False,False,,STAR-K approves this beer and records it as Certified By OU.,https://www.star-k.org/resource/list/W56J90P5/all_liquor#item-UNCT616Y,"STAR-K all_liquor listing, item block item-UNCT616Y (imported row index 349)",2026-08-11,verified_against_current_official_source
STARK-item-VXANK3ZQ,STAR-K,Beer,Blue Moon,Blackberry Vienna,Approved,OU,True,,no_evidence,False,True,False,False,,STAR-K approves this beer and records it as Certified By OU.,https://www.star-k.org/resource/list/W56J90P5/all_liquor#item-VXANK3ZQ,"STAR-K all_liquor listing, item block item-VXANK3ZQ (imported row index 350)",2026-08-11,verified_against_current_official_source
STARK-item-W89GZ5TI,STAR-K,Beer,Blue Moon,Blood Orange Moon,Approved,OU,True,,no_evidence,False,True,False,False,,STAR-K approves this beer and records it as Certified By OU.,https://www.star-k.org/resource/list/W56J90P5/all_liquor#item-W89GZ5TI,"STAR-K all_liquor listing, item block item-W89GZ5TI (imported row index 351)",2026-08-11,verified_against_current_official_source
STARK-item-YH6AE7MA,STAR-K,Beer,Blue Moon,Blood Orange Pale Ale,Approved,OU,True,,no_evidence,False,True,False,False,,STAR-K approves this beer and records it as Certified By OU.,https://www.star-k.org/resource/list/W56J90P5/all_liquor#item-YH6AE7MA,"STAR-K all_liquor listing, item block item-YH6AE7MA (imported row index 352)",2026-08-11,verified_against_current_official_source
STARK-item-ZR44T9G3,STAR-K,Beer,Blue Moon,Blue Baer,Approved,OU,True,,no_evidence,False,True,False,False,,STAR-K approves this beer and records it as Certified By OU.,https://www.star-k.org/resource/list/W56J90P5/all_liquor#item-ZR44T9G3,"STAR-K all_liquor listing, item block item-ZR44T9G3 (imported row index 353)",2026-08-11,verified_against_current_official_source
STARK-item-122W90AU,STAR-K,Beer,Blue Moon,Blue Moon Winter Wheat,Approved,OU,True,,no_evidence,False,True,False,False,,STAR-K approves this beer and records it as Certified By OU.,https://www.star-k.org/resource/list/W56J90P5/all_liquor#item-122W90AU,"STAR-K all_liquor listing, item block item-122W90AU (imported row index 354)",2026-08-11,verified_against_current_official_source
STARK-item-2BZQNB5M,STAR-K,Beer,Blue Moon,Blueberry Berliner,Approved,OU,True,,no_evidence,False,True,False,False,,STAR-K approves this beer and records it as Certified By OU.,https://www.star-k.org/resource/list/W56J90P5/all_liquor#item-2BZQNB5M,"STAR-K all_liquor listing, item block item-2BZQNB5M (imported row index 355)",2026-08-11,verified_against_current_official_source
STARK-item-4LXJ3DYE,STAR-K,Beer,Blue Moon,Boho Dark Lager,Approved,OU,True,,no_evidence,False,True,False,False,,STAR-K approves this beer and records it as Certified By OU.,https://www.star-k.org/resource/list/W56J90P5/all_liquor#item-4LXJ3DYE,"STAR-K all_liquor listing, item block item-4LXJ3DYE (imported row index 356)",2026-08-11,verified_against_current_official_source
STARK-item-ZWPHKXUU,STAR-K,Beer,Blue Moon,CL Smoothie,Approved,OU,True,,no_evidence,False,True,False,False,,STAR-K approves this beer and records it as Certified By OU.,https://www.star-k.org/resource/list/W56J90P5/all_liquor#item-ZWPHKXUU,"STAR-K all_liquor listing, item block item-ZWPHKXUU (imported row index 357)",2026-08-11,verified_against_current_official_source
STARK-item-R93K3MV7,STAR-K,Beer,Blue Moon,Cancer Can Go To Helles,Approved,OU,True,,no_evidence,False,True,False,False,,STAR-K approves this beer and records it as Certified By OU.,https://www.star-k.org/resource/list/W56J90P5/all_liquor#item-R93K3MV7,"STAR-K all_liquor listing, item block item-R93K3MV7 (imported row index 358)",2026-08-11,verified_against_current_official_source
STARK-item-TI1EHOPY,STAR-K,Beer,Blue Moon,Carrot Orange Lager,Approved,OU,True,,no_evidence,False,True,False,False,,STAR-K approves this beer and records it as Certified By OU.,https://www.star-k.org/resource/list/W56J90P5/all_liquor#item-TI1EHOPY,"STAR-K all_liquor listing, item block item-TI1EHOPY (imported row index 359)",2026-08-11,verified_against_current_official_source
STARK-item-USX8WQJQ,STAR-K,Beer,Blue Moon,Champagne Moon,Approved,OU,True,,no_evidence,False,True,False,False,,STAR-K approves this beer and records it as Certified By OU.,https://www.star-k.org/resource/list/W56J90P5/all_liquor#item-USX8WQJQ,"STAR-K all_liquor listing, item block item-USX8WQJQ (imported row index 360)",2026-08-11,verified_against_current_official_source
STARK-item-V3V1BRDI,STAR-K,Beer,Blue Moon,Chardonnay All Day,Approved,OU,True,,no_evidence,False,True,False,False,,STAR-K approves this beer and records it as Certified By OU.,https://www.star-k.org/resource/list/W56J90P5/all_liquor#item-V3V1BRDI,"STAR-K all_liquor listing, item block item-V3V1BRDI (imported row index 361)",2026-08-11,verified_against_current_official_source
STARK-item-WCTUQT7A,STAR-K,Beer,Blue Moon,Chile Golden Ale,Approved,OU,True,,no_evidence,False,True,False,False,,STAR-K approves this beer and records it as Certified By OU.,https://www.star-k.org/resource/list/W56J90P5/all_liquor#item-WCTUQT7A,"STAR-K all_liquor listing, item block item-WCTUQT7A (imported row index 362)",2026-08-11,verified_against_current_official_source
STARK-item-YMRN6V13,STAR-K,Beer,Blue Moon,Cinnamon Horchata,Approved,OU,True,,no_evidence,False,True,False,False,,STAR-K approves this beer and records it as Certified By OU.,https://www.star-k.org/resource/list/W56J90P5/all_liquor#item-YMRN6V13,"STAR-K all_liquor listing, item block item-YMRN6V13 (imported row index 363)",2026-08-11,verified_against_current_official_source
STARK-item-17MAZZOM,STAR-K,Beer,Blue Moon,Colorado Brut IPA,Approved,OU,True,,no_evidence,False,True,False,False,,STAR-K approves this beer and records it as Certified By OU.,https://www.star-k.org/resource/list/W56J90P5/all_liquor#item-17MAZZOM,"STAR-K all_liquor listing, item block item-17MAZZOM (imported row index 364)",2026-08-11,verified_against_current_official_source
STARK-item-3GK5E2IE,STAR-K,Beer,Blue Moon,Cranberry Lavender Blonde,Approved,OU,True,,no_evidence,False,True,False,False,,STAR-K approves this beer and records it as Certified By OU.,https://www.star-k.org/resource/list/W56J90P5/all_liquor#item-3GK5E2IE,"STAR-K all_liquor listing, item block item-3GK5E2IE (imported row index 365)",2026-08-11,verified_against_current_official_source
STARK-item-4QIXT3B7,STAR-K,Beer,Blue Moon,Crazy Hazy IPA,Approved,OU,True,,no_evidence,False,True,False,False,,STAR-K approves this beer and records it as Certified By OU.,https://www.star-k.org/resource/list/W56J90P5/all_liquor#item-4QIXT3B7,"STAR-K all_liquor listing, item block item-4QIXT3B7 (imported row index 366)",2026-08-11,verified_against_current_official_source
STARK-item-RDNYSB0Y,STAR-K,Beer,Blue Moon,Crikey Australian IPA,Approved,OU,True,,no_evidence,False,True,False,False,,STAR-K approves this beer and records it as Certified By OU.,https://www.star-k.org/resource/list/W56J90P5/all_liquor#item-RDNYSB0Y,"STAR-K all_liquor listing, item block item-RDNYSB0Y (imported row index 367)",2026-08-11,verified_against_current_official_source
STARK-item-TNLR8D4Q,STAR-K,Beer,Blue Moon,Czech Dark Lager,Approved,OU,True,,no_evidence,False,True,False,False,,STAR-K approves this beer and records it as Certified By OU.,https://www.star-k.org/resource/list/W56J90P5/all_liquor#item-TNLR8D4Q,"STAR-K all_liquor listing, item block item-TNLR8D4Q (imported row index 368)",2026-08-11,verified_against_current_official_source
STARK-item-UXJLNFXI,STAR-K,Beer,Blue Moon,Dirty Banana,Approved,OU,True,,no_evidence,False,True,False,False,,STAR-K approves this beer and records it as Certified By OU.,https://www.star-k.org/resource/list/W56J90P5/all_liquor#item-UXJLNFXI,"STAR-K all_liquor listing, item block item-UXJLNFXI (imported row index 369)",2026-08-11,verified_against_current_official_source
STARK-item-V8HE3HQA,STAR-K,Beer,Blue Moon,Dortmunder,Approved,OU,True,,no_evidence,False,True,False,False,,STAR-K approves this beer and records it as Certified By OU.,https://www.star-k.org/resource/list/W56J90P5/all_liquor#item-V8HE3HQA,"STAR-K all_liquor listing, item block item-V8HE3HQA (imported row index 370)",2026-08-11,verified_against_current_official_source
STARK-item-XHE9HJK3,STAR-K,Beer,Blue Moon,Down to Earth IPA,Approved,OU,True,,no_evidence,False,True,False,False,,STAR-K approves this beer and records it as Certified By OU.,https://www.star-k.org/resource/list/W56J90P5/all_liquor#item-XHE9HJK3,"STAR-K all_liquor listing, item block item-XHE9HJK3 (imported row index 371)",2026-08-11,verified_against_current_official_source
STARK-item-YQC2WLEU,STAR-K,Beer,Blue Moon,Eclipse Pilsner,Approved,OU,True,,no_evidence,False,True,False,False,,STAR-K approves this beer and records it as Certified By OU.,https://www.star-k.org/resource/list/W56J90P5/all_liquor#item-YQC2WLEU,"STAR-K all_liquor listing, item block item-YQC2WLEU (imported row index 372)",2026-08-11,verified_against_current_official_source
STARK-item-Z1AUBM9M,STAR-K,Beer,Blue Moon,Eclipse Sips,Approved,OU,True,,no_evidence,False,True,False,False,,STAR-K approves this beer and records it as Certified By OU.,https://www.star-k.org/resource/list/W56J90P5/all_liquor#item-Z1AUBM9M,"STAR-K all_liquor listing, item block item-Z1AUBM9M (imported row index 373)",2026-08-11,verified_against_current_official_source
STARK-item-1A9OQO3E,STAR-K,Beer,Blue Moon,El Dorado IPA for Haas,Approved,OU,True,,no_evidence,False,True,False,False,,STAR-K approves this beer and records it as Certified By OU.,https://www.star-k.org/resource/list/W56J90P5/all_liquor#item-1A9OQO3E,"STAR-K all_liquor listing, item block item-1A9OQO3E (imported row index 374)",2026-08-11,verified_against_current_official_source
STARK-item-3K7H6QV7,STAR-K,Beer,Blue Moon,Extra Bases ESB,Approved,OU,True,,no_evidence,False,True,False,False,,STAR-K approves this beer and records it as Certified By OU.,https://www.star-k.org/resource/list/W56J90P5/all_liquor#item-3K7H6QV7,"STAR-K all_liquor listing, item block item-3K7H6QV7 (imported row index 375)",2026-08-11,verified_against_current_official_source
STARK-item-4U4BKSPY,STAR-K,Beer,Blue Moon,Foudre Baere,Approved,OU,True,,no_evidence,False,True,False,False,,STAR-K approves this beer and records it as Certified By OU.,https://www.star-k.org/resource/list/W56J90P5/all_liquor#item-4U4BKSPY,"STAR-K all_liquor listing, item block item-4U4BKSPY (imported row index 376)",2026-08-11,verified_against_current_official_source
STARK-item-Q9R3IGRQ,STAR-K,Beer,Blue Moon,Fresh Hop Hefe,Approved,OU,True,,no_evidence,False,True,False,False,,STAR-K approves this beer and records it as Certified By OU.,https://www.star-k.org/resource/list/W56J90P5/all_liquor#item-Q9R3IGRQ,"STAR-K all_liquor listing, item block item-Q9R3IGRQ (imported row index 377)",2026-08-11,verified_against_current_official_source
STARK-item-SIPVXILI,STAR-K,Beer,Blue Moon,Fresh Hop Rye Pale Ale,Approved,OU,True,,no_evidence,False,True,False,False,,STAR-K approves this beer and records it as Certified By OU.,https://www.star-k.org/resource/list/W56J90P5/all_liquor#item-SIPVXILI,"STAR-K all_liquor listing, item block item-SIPVXILI (imported row index 378)",2026-08-11,verified_against_current_official_source
STARK-item-TSNOCKEA,STAR-K,Beer,Blue Moon,Galaxy Pale Ale,Approved,OU,True,,no_evidence,False,True,False,False,,STAR-K approves this beer and records it as Certified By OU.,https://www.star-k.org/resource/list/W56J90P5/all_liquor#item-TSNOCKEA,"STAR-K all_liquor listing, item block item-TSNOCKEA (imported row index 379)",2026-08-11,verified_against_current_official_source
STARK-item-U3LIRL93,STAR-K,Beer,Blue Moon,Garam Masala Blonde,Approved,OU,True,,no_evidence,False,True,False,False,,STAR-K approves this beer and records it as Certified By OU.,https://www.star-k.org/resource/list/W56J90P5/all_liquor#item-U3LIRL93,"STAR-K all_liquor listing, item block item-U3LIRL93 (imported row index 380)",2026-08-11,verified_against_current_official_source
STARK-item-VCIB7N3U,STAR-K,Beer,Blue Moon,German Kolsch IPA,Approved,OU,True,,no_evidence,False,True,False,False,,STAR-K approves this beer and records it as Certified By OU.,https://www.star-k.org/resource/list/W56J90P5/all_liquor#item-VCIB7N3U,"STAR-K all_liquor listing, item block item-VCIB7N3U (imported row index 381)",2026-08-11,verified_against_current_official_source
STARK-item-XMG6LPWM,STAR-K,Beer,Blue Moon,Ghost Spider Pineapple Pepper Ale,Approved,OU,True,,no_evidence,False,True,False,False,,STAR-K approves this beer and records it as Certified By OU.,https://www.star-k.org/resource/list/W56J90P5/all_liquor#item-XMG6LPWM,"STAR-K all_liquor listing, item block item-XMG6LPWM (imported row index 382)",2026-08-11,verified_against_current_official_source
STARK-item-YWEY1RQE,STAR-K,Beer,Blue Moon,Gingerbread Spiced Ale,Approved,OU,True,,no_evidence,False,True,False,False,,STAR-K approves this beer and records it as Certified By OU.,https://www.star-k.org/resource/list/W56J90P5/all_liquor#item-YWEY1RQE,"STAR-K all_liquor listing, item block item-YWEY1RQE (imported row index 383)",2026-08-11,verified_against_current_official_source
STARK-item-Z6CSFTJ7,STAR-K,Beer,Blue Moon,Grape Ape IPA,Approved,OU,True,,no_evidence,False,True,False,False,,STAR-K approves this beer and records it as Certified By OU.,https://www.star-k.org/resource/list/W56J90P5/all_liquor#item-Z6CSFTJ7,"STAR-K all_liquor listing, item block item-Z6CSFTJ7 (imported row index 384)",2026-08-11,verified_against_current_official_source
STARK-item-2FALUUDY,STAR-K,Beer,Blue Moon,Grapefruit Double IPA,Approved,OU,True,,no_evidence,False,True,False,False,,STAR-K approves this beer and records it as Certified By OU.,https://www.star-k.org/resource/list/W56J90P5/all_liquor#item-2FALUUDY,"STAR-K all_liquor listing, item block item-2FALUUDY (imported row index 385)",2026-08-11,verified_against_current_official_source
STARK-item-3P9E0W8Q,STAR-K,Beer,Blue Moon,Grapefruit Hefe,Approved,OU,True,,no_evidence,False,True,False,False,,STAR-K approves this beer and records it as Certified By OU.,https://www.star-k.org/resource/list/W56J90P5/all_liquor#item-3P9E0W8Q,"STAR-K all_liquor listing, item block item-3P9E0W8Q (imported row index 386)",2026-08-11,verified_against_current_official_source
STARK-item-QCDF966I,STAR-K,Beer,Blue Moon,Grapefruit Shandy,Approved,OU,True,,no_evidence,False,True,False,False,,STAR-K approves this beer and records it as Certified By OU.,https://www.star-k.org/resource/list/W56J90P5/all_liquor#item-QCDF966I,"STAR-K all_liquor listing, item block item-QCDF966I (imported row index 387)",2026-08-11,verified_against_current_official_source
STARK-item-SMA0N8YA,STAR-K,Beer,Blue Moon,Harvest Pumpkin Ale,Approved,OU,True,,no_evidence,False,True,False,False,,STAR-K approves this beer and records it as Certified By OU.,https://www.star-k.org/resource/list/W56J90P5/all_liquor#item-SMA0N8YA,"STAR-K all_liquor listing, item block item-SMA0N8YA (imported row index 388)",2026-08-11,verified_against_current_official_source
STARK-item-TW9330S3,STAR-K,Beer,Blue Moon,Hasselhoff,Approved,OU,True,,no_evidence,False,True,False,False,,STAR-K approves this beer and records it as Certified By OU.,https://www.star-k.org/resource/list/W56J90P5/all_liquor#item-TW9330S3,"STAR-K all_liquor listing, item block item-TW9330S3 (imported row index 389)",2026-08-11,verified_against_current_official_source
STARK-item-XQ3ICEAE,STAR-K,Beer,Blue Moon,IPA,Approved,OU,True,,no_evidence,False,True,False,False,,STAR-K approves this beer and records it as Certified By OU.,https://www.star-k.org/resource/list/W56J90P5/all_liquor#item-XQ3ICEAE,"STAR-K all_liquor listing, item block item-XQ3ICEAE (imported row index 390)",2026-08-11,verified_against_current_official_source
STARK-item-U77WHBMU,STAR-K,Beer,Blue Moon,Iced Coffee Blonde,Approved,OU,True,,no_evidence,False,True,False,False,,STAR-K approves this beer and records it as Certified By OU.,https://www.star-k.org/resource/list/W56J90P5/all_liquor#item-U77WHBMU,"STAR-K all_liquor listing, item block item-U77WHBMU (imported row index 391)",2026-08-11,verified_against_current_official_source
STARK-item-WG5PWDGM,STAR-K,Beer,Blue Moon,Imperial Mexican Chocolate,Approved,OU,True,,no_evidence,False,True,False,False,,STAR-K approves this beer and records it as Certified By OU.,https://www.star-k.org/resource/list/W56J90P5/all_liquor#item-WG5PWDGM,"STAR-K all_liquor listing, item block item-WG5PWDGM (imported row index 392)",2026-08-11,verified_against_current_official_source
STARK-item-Y1ZCRG47,STAR-K,Beer,Blue Moon,Irish Heather Mild,Approved,OU,True,,no_evidence,False,True,False,False,,STAR-K approves this beer and records it as Certified By OU.,https://www.star-k.org/resource/list/W56J90P5/all_liquor#item-Y1ZCRG47,"STAR-K all_liquor listing, item block item-Y1ZCRG47 (imported row index 393)",2026-08-11,verified_against_current_official_source
STARK-item-ZAX67IXY,STAR-K,Beer,Blue Moon,Kiwi Guava Pale Ale,Approved,OU,True,,no_evidence,False,True,False,False,,STAR-K approves this beer and records it as Certified By OU.,https://www.star-k.org/resource/list/W56J90P5/all_liquor#item-ZAX67IXY,"STAR-K all_liquor listing, item block item-ZAX67IXY (imported row index 394)",2026-08-11,verified_against_current_official_source
STARK-item-2KVZLKRQ,STAR-K,Beer,Blue Moon,Kolsch-Style Ale,Approved,OU,True,,no_evidence,False,True,False,False,,STAR-K approves this beer and records it as Certified By OU.,https://www.star-k.org/resource/list/W56J90P5/all_liquor#item-2KVZLKRQ,"STAR-K all_liquor listing, item block item-2KVZLKRQ (imported row index 395)",2026-08-11,verified_against_current_official_source
STARK-item-3UTS1MLI,STAR-K,Beer,Blue Moon,Lemon Wit,Approved,OU,True,,no_evidence,False,True,False,False,,STAR-K approves this beer and records it as Certified By OU.,https://www.star-k.org/resource/list/W56J90P5/all_liquor#item-3UTS1MLI,"STAR-K all_liquor listing, item block item-3UTS1MLI (imported row index 396)",2026-08-11,verified_against_current_official_source
STARK-item-RHYTZVIA,STAR-K,Beer,Blue Moon,Lemondrop Pils,Approved,OU,True,,no_evidence,False,True,False,False,,STAR-K approves this beer and records it as Certified By OU.,https://www.star-k.org/resource/list/W56J90P5/all_liquor#item-RHYTZVIA,"STAR-K all_liquor listing, item block item-RHYTZVIA (imported row index 397)",2026-08-11,verified_against_current_official_source
STARK-item-SRWNEWC3,STAR-K,Beer,Blue Moon,Light Sky,Approved,OU,True,,no_evidence,False,True,False,False,,STAR-K approves this beer and records it as Certified By OU.,https://www.star-k.org/resource/list/W56J90P5/all_liquor#item-SRWNEWC3,"STAR-K all_liquor listing, item block item-SRWNEWC3 (imported row index 398)",2026-08-11,verified_against_current_official_source
STARK-item-T2UGTY7U,STAR-K,Beer,Blue Moon,London Fog English Mild,Approved,OU,True,,no_evidence,False,True,False,False,,STAR-K approves this beer and records it as Certified By OU.,https://www.star-k.org/resource/list/W56J90P5/all_liquor#item-T2UGTY7U,"STAR-K all_liquor listing, item block item-T2UGTY7U (imported row index 399)",2026-08-11,verified_against_current_official_source
STARK-item-UBR0911M,STAR-K,Beer,Blue Moon,Mango Wheat,Approved,OU,True,,no_evidence,False,True,False,False,,STAR-K approves this beer and records it as Certified By OU.,https://www.star-k.org/resource/list/W56J90P5/all_liquor#item-UBR0911M,"STAR-K all_liquor listing, item block item-UBR0911M (imported row index 400)",2026-08-11,verified_against_current_official_source
STARK-item-WLP4N3UE,STAR-K,Beer,Blue Moon,Memorial Day IPL,Approved,OU,True,,no_evidence,False,True,False,False,,STAR-K approves this beer and records it as Certified By OU.,https://www.star-k.org/resource/list/W56J90P5/all_liquor#item-WLP4N3UE,"STAR-K all_liquor listing, item block item-WLP4N3UE (imported row index 401)",2026-08-11,verified_against_current_official_source
STARK-item-1FJJW8BQ,STAR-K,Beer,Blue Moon,Mexican-Style Chocolate Ale,Approved,OU,True,,no_evidence,False,True,False,False,,STAR-K approves this beer and records it as Certified By OU.,https://www.star-k.org/resource/list/W56J90P5/all_liquor#item-1FJJW8BQ,"STAR-K all_liquor listing, item block item-1FJJW8BQ (imported row index 402)",2026-08-11,verified_against_current_official_source
STARK-item-XVNW35N7,STAR-K,Beer,Blue Moon,Mexican Lager,Approved,OU,True,,no_evidence,False,True,False,False,,STAR-K approves this beer and records it as Certified By OU.,https://www.star-k.org/resource/list/W56J90P5/all_liquor#item-XVNW35N7,"STAR-K all_liquor listing, item block item-XVNW35N7 (imported row index 403)",2026-08-11,verified_against_current_official_source
STARK-item-Y6LQH7HY,STAR-K,Beer,Blue Moon,Mexican Mocha,Approved,OU,True,,no_evidence,False,True,False,False,,STAR-K approves this beer and records it as Certified By OU.,https://www.star-k.org/resource/list/W56J90P5/all_liquor#item-Y6LQH7HY,"STAR-K all_liquor listing, item block item-Y6LQH7HY (imported row index 404)",2026-08-11,verified_against_current_official_source
STARK-item-2PGCB06I,STAR-K,Beer,Blue Moon,Minor League IPA,Approved,OU,True,,no_evidence,False,True,False,False,,STAR-K approves this beer and records it as Certified By OU.,https://www.star-k.org/resource/list/W56J90P5/all_liquor#item-2PGCB06I,"STAR-K all_liquor listing, item block item-2PGCB06I (imported row index 405)",2026-08-11,verified_against_current_official_source
STARK-item-3ZE7QBYA,STAR-K,Beer,Blue Moon,Mojito Blonde,Approved,OU,True,,no_evidence,False,True,False,False,,STAR-K approves this beer and records it as Certified By OU.,https://www.star-k.org/resource/list/W56J90P5/all_liquor#item-3ZE7QBYA,"STAR-K all_liquor listing, item block item-3ZE7QBYA (imported row index 406)",2026-08-11,verified_against_current_official_source
STARK-item-RMJ8QKW3,STAR-K,Beer,Blue Moon,Moon Haze IPA,Approved,OU,True,,no_evidence,False,True,False,False,,STAR-K approves this beer and records it as Certified By OU.,https://www.star-k.org/resource/list/W56J90P5/all_liquor#item-RMJ8QKW3,"STAR-K all_liquor listing, item block item-RMJ8QKW3 (imported row index 407)",2026-08-11,verified_against_current_official_source
STARK-item-SWH16MQU,STAR-K,Beer,Blue Moon,Mulled Kolsch,Approved,OU,True,,no_evidence,False,True,False,False,,STAR-K approves this beer and records it as Certified By OU.,https://www.star-k.org/resource/list/W56J90P5/all_liquor#item-SWH16MQU,"STAR-K all_liquor listing, item block item-SWH16MQU (imported row index 408)",2026-08-11,verified_against_current_official_source
STARK-item-T7FUKOKM,STAR-K,Beer,Blue Moon,Non PiNary,Approved,OU,True,,no_evidence,False,True,False,False,,STAR-K approves this beer and records it as Certified By OU.,https://www.star-k.org/resource/list/W56J90P5/all_liquor#item-T7FUKOKM,"STAR-K all_liquor listing, item block item-T7FUKOKM (imported row index 409)",2026-08-11,verified_against_current_official_source
STARK-item-VFDNZQEE,STAR-K,Beer,Blue Moon,Nut Brown,Approved,OU,True,,no_evidence,False,True,False,False,,STAR-K approves this beer and records it as Certified By OU.,https://www.star-k.org/resource/list/W56J90P5/all_liquor#item-VFDNZQEE,"STAR-K all_liquor listing, item block item-VFDNZQEE (imported row index 410)",2026-08-11,verified_against_current_official_source
STARK-item-WPBHER87,STAR-K,Beer,Blue Moon,Octo-Pepper Fest,Approved,OU,True,,no_evidence,False,True,False,False,,STAR-K approves this beer and records it as Certified By OU.,https://www.star-k.org/resource/list/W56J90P5/all_liquor#item-WPBHER87,"STAR-K all_liquor listing, item block item-WPBHER87 (imported row index 411)",2026-08-11,verified_against_current_official_source
STARK-item-XZ9ATT2Y,STAR-K,Beer,Blue Moon,Oktoberfest,Approved,OU,True,,no_evidence,False,True,False,False,,STAR-K approves this beer and records it as Certified By OU.,https://www.star-k.org/resource/list/W56J90P5/all_liquor#item-XZ9ATT2Y,"STAR-K all_liquor listing, item block item-XZ9ATT2Y (imported row index 412)",2026-08-11,verified_against_current_official_source
STARK-item-Y0749VVQ,STAR-K,Beer,Blue Moon,Orange Blossom Kolsch,Approved,OU,True,,no_evidence,False,True,False,False,,STAR-K approves this beer and records it as Certified By OU.,https://www.star-k.org/resource/list/W56J90P5/all_liquor#item-Y0749VVQ,"STAR-K all_liquor listing, item block item-Y0749VVQ (imported row index 413)",2026-08-11,verified_against_current_official_source
STARK-item-1J5XNXPI,STAR-K,Beer,Blue Moon,Orange Dream Wheat,Approved,OU,True,,no_evidence,False,True,False,False,,STAR-K approves this beer and records it as Certified By OU.,https://www.star-k.org/resource/list/W56J90P5/all_liquor#item-1J5XNXPI,"STAR-K all_liquor listing, item block item-1J5XNXPI (imported row index 414)",2026-08-11,verified_against_current_official_source
STARK-item-2T3Q3ZIA,STAR-K,Beer,Blue Moon,Orange you Glad It's An IPA,Approved,OU,True,,no_evidence,False,True,False,False,,STAR-K approves this beer and records it as Certified By OU.,https://www.star-k.org/resource/list/W56J90P5/all_liquor#item-2T3Q3ZIA,"STAR-K all_liquor listing, item block item-2T3Q3ZIA (imported row index 415)",2026-08-11,verified_against_current_official_source
STARK-item-341KH1C3,STAR-K,Beer,Blue Moon,Out Loud,Approved,OU,True,,no_evidence,False,True,False,False,,STAR-K approves this beer and records it as Certified By OU.,https://www.star-k.org/resource/list/W56J90P5/all_liquor#item-341KH1C3,"STAR-K all_liquor listing, item block item-341KH1C3 (imported row index 416)",2026-08-11,verified_against_current_official_source
STARK-item-RQ6LG0AU,STAR-K,Beer,Blue Moon,Pacific Apricot Wheat,Approved,OU,True,,no_evidence,False,True,False,False,,STAR-K approves this beer and records it as Certified By OU.,https://www.star-k.org/resource/list/W56J90P5/all_liquor#item-RQ6LG0AU,"STAR-K all_liquor listing, item block item-RQ6LG0AU (imported row index 417)",2026-08-11,verified_against_current_official_source
STARK-item-S14EVB5M,STAR-K,Beer,Blue Moon,Pale Moon,Approved,OU,True,,no_evidence,False,True,False,False,,STAR-K approves this beer and records it as Certified By OU.,https://www.star-k.org/resource/list/W56J90P5/all_liquor#item-S14EVB5M,"STAR-K all_liquor listing, item block item-S14EVB5M (imported row index 418)",2026-08-11,verified_against_current_official_source
STARK-item-TA18ADYE,STAR-K,Beer,Blue Moon,Paloma Lager,Approved,OU,True,,no_evidence,False,True,False,False,,STAR-K approves this beer and records it as Certified By OU.,https://www.star-k.org/resource/list/W56J90P5/all_liquor#item-TA18ADYE,"STAR-K all_liquor listing, item block item-TA18ADYE (imported row index 419)",2026-08-11,verified_against_current_official_source
STARK-item-VKY2QFR7,STAR-K,Beer,Blue Moon,Passionfruit Plantain,Approved,OU,True,,no_evidence,False,True,False,False,,STAR-K approves this beer and records it as Certified By OU.,https://www.star-k.org/resource/list/W56J90P5/all_liquor#item-VKY2QFR7,"STAR-K all_liquor listing, item block item-VKY2QFR7 (imported row index 420)",2026-08-11,verified_against_current_official_source
STARK-item-WUWU6HLY,STAR-K,Beer,Blue Moon,Pineapple Turmeric,Approved,OU,True,,no_evidence,False,True,False,False,,STAR-K approves this beer and records it as Certified By OU.,https://www.star-k.org/resource/list/W56J90P5/all_liquor#item-WUWU6HLY,"STAR-K all_liquor listing, item block item-WUWU6HLY (imported row index 421)",2026-08-11,verified_against_current_official_source
STARK-item-X5UOKJFQ,STAR-K,Beer,Blue Moon,Pink Lemonade,Approved,OU,True,,no_evidence,False,True,False,False,,STAR-K approves this beer and records it as Certified By OU.,https://www.star-k.org/resource/list/W56J90P5/all_liquor#item-X5UOKJFQ,"STAR-K all_liquor listing, item block item-X5UOKJFQ (imported row index 422)",2026-08-11,verified_against_current_official_source
STARK-item-ZESHZK0I,STAR-K,Beer,Blue Moon,Pink Peppercorn Citrus Pale,Approved,OU,True,,no_evidence,False,True,False,False,,STAR-K approves this beer and records it as Certified By OU.,https://www.star-k.org/resource/list/W56J90P5/all_liquor#item-ZESHZK0I,"STAR-K all_liquor listing, item block item-ZESHZK0I (imported row index 423)",2026-08-11,verified_against_current_official_source
STARK-item-1OPBEM3A,STAR-K,Beer,Blue Moon,Pome Table Beer,Approved,OU,True,,no_evidence,False,True,False,False,,STAR-K approves this beer and records it as Certified By OU.,https://www.star-k.org/resource/list/W56J90P5/all_liquor#item-1OPBEM3A,"STAR-K all_liquor listing, item block item-1OPBEM3A (imported row index 424)",2026-08-11,verified_against_current_official_source
STARK-item-2YN5TOW3,STAR-K,Beer,Blue Moon,Poor Man's Sushi,Approved,OU,True,,no_evidence,False,True,False,False,,STAR-K approves this beer and records it as Certified By OU.,https://www.star-k.org/resource/list/W56J90P5/all_liquor#item-2YN5TOW3,"STAR-K all_liquor listing, item block item-2YN5TOW3 (imported row index 425)",2026-08-11,verified_against_current_official_source
STARK-item-39LX9QQU,STAR-K,Beer,Blue Moon,Powder Moon,Approved,OU,True,,no_evidence,False,True,False,False,,STAR-K approves this beer and records it as Certified By OU.,https://www.star-k.org/resource/list/W56J90P5/all_liquor#item-39LX9QQU,"STAR-K all_liquor listing, item block item-39LX9QQU (imported row index 426)",2026-08-11,verified_against_current_official_source
STARK-item-RVQY8ZOM,STAR-K,Beer,Blue Moon,Prickly Pear Hefe,Approved,OU,True,,no_evidence,False,True,False,False,,STAR-K approves this beer and records it as Certified By OU.,https://www.star-k.org/resource/list/W56J90P5/all_liquor#item-RVQY8ZOM,"STAR-K all_liquor listing, item block item-RVQY8ZOM (imported row index 427)",2026-08-11,verified_against_current_official_source
STARK-item-S6OSM2IE,STAR-K,Beer,Blue Moon,Raisin Bread Alt,Approved,OU,True,,no_evidence,False,True,False,False,,STAR-K approves this beer and records it as Certified By OU.,https://www.star-k.org/resource/list/W56J90P5/all_liquor#item-S6OSM2IE,"STAR-K all_liquor listing, item block item-S6OSM2IE (imported row index 428)",2026-08-11,verified_against_current_official_source
STARK-item-UFML23B7,STAR-K,Beer,Blue Moon,Raspberry Berliner,Approved,OU,True,,no_evidence,False,True,False,False,,STAR-K approves this beer and records it as Certified By OU.,https://www.star-k.org/resource/list/W56J90P5/all_liquor#item-UFML23B7,"STAR-K all_liquor listing, item block item-UFML23B7 (imported row index 429)",2026-08-11,verified_against_current_official_source
STARK-item-WZH9V7ZQ,STAR-K,Beer,Blue Moon,RiNo,Approved,OU,True,,no_evidence,False,True,False,False,,STAR-K approves this beer and records it as Certified By OU.,https://www.star-k.org/resource/list/W56J90P5/all_liquor#item-WZH9V7ZQ,"STAR-K all_liquor listing, item block item-WZH9V7ZQ (imported row index 430)",2026-08-11,verified_against_current_official_source
STARK-item-X0F2A9TI,STAR-K,Beer,Blue Moon,RiNo Amarillo Pale,Approved,OU,True,,no_evidence,False,True,False,False,,STAR-K approves this beer and records it as Certified By OU.,https://www.star-k.org/resource/list/W56J90P5/all_liquor#item-X0F2A9TI,"STAR-K all_liquor listing, item block item-X0F2A9TI (imported row index 431)",2026-08-11,verified_against_current_official_source
STARK-item-ZIDVPAMA,STAR-K,Beer,Blue Moon,RiNo Apricot Cardamom,Approved,OU,True,,no_evidence,False,True,False,False,,STAR-K approves this beer and records it as Certified By OU.,https://www.star-k.org/resource/list/W56J90P5/all_liquor#item-ZIDVPAMA,"STAR-K all_liquor listing, item block item-ZIDVPAMA (imported row index 432)",2026-08-11,verified_against_current_official_source
STARK-item-1SBO5CG3,STAR-K,Beer,Blue Moon,RiNo Belgian Golden Strong Ale,Approved,OU,True,,no_evidence,False,True,False,False,,STAR-K approves this beer and records it as Certified By OU.,https://www.star-k.org/resource/list/W56J90P5/all_liquor#item-1SBO5CG3,"STAR-K all_liquor listing, item block item-1SBO5CG3 (imported row index 433)",2026-08-11,verified_against_current_official_source
STARK-item-230IJDAU,STAR-K,Beer,Blue Moon,RiNo Belly Slide,Approved,OU,True,,no_evidence,False,True,False,False,,STAR-K approves this beer and records it as Certified By OU.,https://www.star-k.org/resource/list/W56J90P5/all_liquor#item-230IJDAU,"STAR-K all_liquor listing, item block item-230IJDAU (imported row index 434)",2026-08-11,verified_against_current_official_source
STARK-item-3C7BZF5M,STAR-K,Beer,Blue Moon,RiNo Black IPA,Approved,OU,True,,no_evidence,False,True,False,False,,STAR-K approves this beer and records it as Certified By OU.,https://www.star-k.org/resource/list/W56J90P5/all_liquor#item-3C7BZF5M,"STAR-K all_liquor listing, item block item-3C7BZF5M (imported row index 435)",2026-08-11,verified_against_current_official_source
STARK-item-RZBCYO3E,STAR-K,Beer,Blue Moon,RiNo Bock,Approved,OU,True,,no_evidence,False,True,False,False,,STAR-K approves this beer and records it as Certified By OU.,https://www.star-k.org/resource/list/W56J90P5/all_liquor#item-RZBCYO3E,"STAR-K all_liquor listing, item block item-RZBCYO3E (imported row index 436)",2026-08-11,verified_against_current_official_source
STARK-item-S006DQV7,STAR-K,Beer,Blue Moon,RiNo Brown,Approved,OU,True,,no_evidence,False,True,False,False,,STAR-K approves this beer and records it as Certified By OU.,https://www.star-k.org/resource/list/W56J90P5/all_liquor#item-S006DQV7,"STAR-K all_liquor listing, item block item-S006DQV7 (imported row index 437)",2026-08-11,verified_against_current_official_source
STARK-item-UJ8ZSSPY,STAR-K,Beer,Blue Moon,RiNo CHIMP,Approved,OU,True,,no_evidence,False,True,False,False,,STAR-K approves this beer and records it as Certified By OU.,https://www.star-k.org/resource/list/W56J90P5/all_liquor#item-UJ8ZSSPY,"STAR-K all_liquor listing, item block item-UJ8ZSSPY (imported row index 438)",2026-08-11,verified_against_current_official_source
STARK-item-VT6S8UJQ,STAR-K,Beer,Blue Moon,RiNo Cocoa Brown,Approved,OU,True,,no_evidence,False,True,False,False,,STAR-K approves this beer and records it as Certified By OU.,https://www.star-k.org/resource/list/W56J90P5/all_liquor#item-VT6S8UJQ,"STAR-K all_liquor listing, item block item-VT6S8UJQ (imported row index 439)",2026-08-11,verified_against_current_official_source
STARK-item-W44MMVDI,STAR-K,Beer,Blue Moon,RiNo Dunkle,Approved,OU,True,,no_evidence,False,True,False,False,,STAR-K approves this beer and records it as Certified By OU.,https://www.star-k.org/resource/list/W56J90P5/all_liquor#item-W44MMVDI,"STAR-K all_liquor listing, item block item-W44MMVDI (imported row index 440)",2026-08-11,verified_against_current_official_source
STARK-item-ZNY0GZ13,STAR-K,Beer,Blue Moon,RiNo ESB,Approved,OU,True,,no_evidence,False,True,False,False,,STAR-K approves this beer and records it as Certified By OU.,https://www.star-k.org/resource/list/W56J90P5/all_liquor#item-ZNY0GZ13,"STAR-K all_liquor listing, item block item-ZNY0GZ13 (imported row index 441)",2026-08-11,verified_against_current_official_source
STARK-item-XD2F2X7A,STAR-K,Beer,Blue Moon,RiNo English Amber,Approved,OU,True,,no_evidence,False,True,False,False,,STAR-K approves this beer and records it as Certified By OU.,https://www.star-k.org/resource/list/W56J90P5/all_liquor#item-XD2F2X7A,"STAR-K all_liquor listing, item block item-XD2F2X7A (imported row index 442)",2026-08-11,verified_against_current_official_source
STARK-item-1XW3V2UU,STAR-K,Beer,Blue Moon,RiNo Fig and Honey,Approved,OU,True,,no_evidence,False,True,False,False,,STAR-K approves this beer and records it as Certified By OU.,https://www.star-k.org/resource/list/W56J90P5/all_liquor#item-1XW3V2UU,"STAR-K all_liquor listing, item block item-1XW3V2UU (imported row index 443)",2026-08-11,verified_against_current_official_source
STARK-item-28UVA4OM,STAR-K,Beer,Blue Moon,RiNo First Peach,Approved,OU,True,,no_evidence,False,True,False,False,,STAR-K approves this beer and records it as Certified By OU.,https://www.star-k.org/resource/list/W56J90P5/all_liquor#item-28UVA4OM,"STAR-K all_liquor listing, item block item-28UVA4OM (imported row index 444)",2026-08-11,verified_against_current_official_source
STARK-item-4HSPP6IE,STAR-K,Beer,Blue Moon,RiNo Grapefruit White IPA,Approved,OU,True,,no_evidence,False,True,False,False,,STAR-K approves this beer and records it as Certified By OU.,https://www.star-k.org/resource/list/W56J90P5/all_liquor#item-4HSPP6IE,"STAR-K all_liquor listing, item block item-4HSPP6IE (imported row index 445)",2026-08-11,verified_against_current_official_source
STARK-item-R5XQPEF7,STAR-K,Beer,Blue Moon,RiNo Helles,Approved,OU,True,,no_evidence,False,True,False,False,,STAR-K approves this beer and records it as Certified By OU.,https://www.star-k.org/resource/list/W56J90P5/all_liquor#item-R5XQPEF7,"STAR-K all_liquor listing, item block item-R5XQPEF7 (imported row index 446)",2026-08-11,verified_against_current_official_source
STARK-item-TEVJ5F0Y,STAR-K,Beer,Blue Moon,RiNo Honey Moon Gran Cru,Approved,OU,True,,no_evidence,False,True,False,False,,STAR-K approves this beer and records it as Certified By OU.,https://www.star-k.org/resource/list/W56J90P5/all_liquor#item-TEVJ5F0Y,"STAR-K all_liquor listing, item block item-TEVJ5F0Y (imported row index 447)",2026-08-11,verified_against_current_official_source
STARK-item-UOSDJH4Q,STAR-K,Beer,Blue Moon,RiNo Imperial Smoked Porter,Approved,OU,True,,no_evidence,False,True,False,False,,STAR-K approves this beer and records it as Certified By OU.,https://www.star-k.org/resource/list/W56J90P5/all_liquor#item-UOSDJH4Q,"STAR-K all_liquor listing, item block item-UOSDJH4Q (imported row index 448)",2026-08-11,verified_against_current_official_source
STARK-item-VYQ7YJXI,STAR-K,Beer,Blue Moon,RiNo Kolsch,Approved,OU,True,,no_evidence,False,True,False,False,,STAR-K approves this beer and records it as Certified By OU.,https://www.star-k.org/resource/list/W56J90P5/all_liquor#item-VYQ7YJXI,"STAR-K all_liquor listing, item block item-VYQ7YJXI (imported row index 449)",2026-08-11,verified_against_current_official_source
STARK-item-W9OZDLQA,STAR-K,Beer,Blue Moon,RiNo Mango Wheat,Approved,OU,True,,no_evidence,False,True,False,False,,STAR-K approves this beer and records it as Certified By OU.,https://www.star-k.org/resource/list/W56J90P5/all_liquor#item-W9OZDLQA,"STAR-K all_liquor listing, item block item-W9OZDLQA (imported row index 450)",2026-08-11,verified_against_current_official_source
STARK-item-YIMTSNK3,STAR-K,Beer,Blue Moon,RiNo Marzen,Approved,OU,True,,no_evidence,False,True,False,False,,STAR-K approves this beer and records it as Certified By OU.,https://www.star-k.org/resource/list/W56J90P5/all_liquor#item-YIMTSNK3,"STAR-K all_liquor listing, item block item-YIMTSNK3 (imported row index 451)",2026-08-11,verified_against_current_official_source
STARK-item-ZSKM8PEU,STAR-K,Beer,Blue Moon,RiNo Mexican Chocolate,Approved,OU,True,,no_evidence,False,True,False,False,,STAR-K approves this beer and records it as Certified By OU.,https://www.star-k.org/resource/list/W56J90P5/all_liquor#item-ZSKM8PEU,"STAR-K all_liquor listing, item block item-ZSKM8PEU (imported row index 452)",2026-08-11,verified_against_current_official_source
STARK-item-13IGMQ9M,STAR-K,Beer,Blue Moon,RiNo Mexican Lager,Approved,OU,True,,no_evidence,False,True,False,False,,STAR-K approves this beer and records it as Certified By OU.,https://www.star-k.org/resource/list/W56J90P5/all_liquor#item-13IGMQ9M,"STAR-K all_liquor listing, item block item-13IGMQ9M (imported row index 453)",2026-08-11,verified_against_current_official_source
STARK-item-2CF02S3E,STAR-K,Beer,Blue Moon,RiNo Pils,Approved,OU,True,,no_evidence,False,True,False,False,,STAR-K approves this beer and records it as Certified By OU.,https://www.star-k.org/resource/list/W56J90P5/all_liquor#item-2CF02S3E,"STAR-K all_liquor listing, item block item-2CF02S3E (imported row index 454)",2026-08-11,verified_against_current_official_source
STARK-item-4LD4GUV7,STAR-K,Beer,Blue Moon,RiNo Raspberry Cream,Approved,OU,True,,no_evidence,False,True,False,False,,STAR-K approves this beer and records it as Certified By OU.,https://www.star-k.org/resource/list/W56J90P5/all_liquor#item-4LD4GUV7,"STAR-K all_liquor listing, item block item-4LD4GUV7 (imported row index 455)",2026-08-11,verified_against_current_official_source
STARK-item-R0I5F4TY,STAR-K,Beer,Blue Moon,RiNo Russian Imperial Stout,Approved,OU,True,,no_evidence,False,True,False,False,,STAR-K approves this beer and records it as Certified By OU.,https://www.star-k.org/resource/list/W56J90P5/all_liquor#item-R0I5F4TY,"STAR-K all_liquor listing, item block item-R0I5F4TY (imported row index 456)",2026-08-11,verified_against_current_official_source
STARK-item-TJGXU6NQ,STAR-K,Beer,Blue Moon,RiNo Saison,Approved,OU,True,,no_evidence,False,True,False,False,,STAR-K approves this beer and records it as Certified By OU.,https://www.star-k.org/resource/list/W56J90P5/all_liquor#item-TJGXU6NQ,"STAR-K all_liquor listing, item block item-TJGXU6NQ (imported row index 457)",2026-08-11,verified_against_current_official_source
STARK-item-UTEQ08HI,STAR-K,Beer,Blue Moon,RiNo Single Hop Pale Ale,Approved,OU,True,,no_evidence,False,True,False,False,,STAR-K approves this beer and records it as Certified By OU.,https://www.star-k.org/resource/list/W56J90P5/all_liquor#item-UTEQ08HI,"STAR-K all_liquor listing, item block item-UTEQ08HI (imported row index 458)",2026-08-11,verified_against_current_official_source
STARK-item-V3CKO9AA,STAR-K,Beer,Blue Moon,RiNo Smoked Porter,Approved,OU,True,,no_evidence,False,True,False,False,,STAR-K approves this beer and records it as Certified By OU.,https://www.star-k.org/resource/list/W56J90P5/all_liquor#item-V3CKO9AA,"STAR-K all_liquor listing, item block item-V3CKO9AA (imported row index 459)",2026-08-11,verified_against_current_official_source
STARK-item-WC0D4A53,STAR-K,Beer,Blue Moon,RiNo Summer Honey Wheat,Approved,OU,True,,no_evidence,False,True,False,False,,STAR-K approves this beer and records it as Certified By OU.,https://www.star-k.org/resource/list/W56J90P5/all_liquor#item-WC0D4A53,"STAR-K all_liquor listing, item block item-WC0D4A53 (imported row index 460)",2026-08-11,verified_against_current_official_source
STARK-item-YM88ICYU,STAR-K,Beer,Blue Moon,RiNo Table Pils,Approved,OU,True,,no_evidence,False,True,False,False,,STAR-K approves this beer and records it as Certified By OU.,https://www.star-k.org/resource/list/W56J90P5/all_liquor#item-YM88ICYU,"STAR-K all_liquor listing, item block item-YM88ICYU (imported row index 461)",2026-08-11,verified_against_current_official_source
STARK-item-ZW61YESM,STAR-K,Beer,Blue Moon,RiNo Wee Heavy,Approved,OU,True,,no_evidence,False,True,False,False,,STAR-K approves this beer and records it as Certified By OU.,https://www.star-k.org/resource/list/W56J90P5/all_liquor#item-ZW61YESM,"STAR-K all_liquor listing, item block item-ZW61YESM (imported row index 462)",2026-08-11,verified_against_current_official_source
STARK-item-174TDGME,STAR-K,Beer,Blue Moon,RiNo West Coast IPA,Approved,OU,True,,no_evidence,False,True,False,False,,STAR-K approves this beer and records it as Certified By OU.,https://www.star-k.org/resource/list/W56J90P5/all_liquor#item-174TDGME,"STAR-K all_liquor listing, item block item-174TDGME (imported row index 463)",2026-08-11,verified_against_current_official_source
STARK-item-3G2NSIF7,STAR-K,Beer,Blue Moon,RiNo White IPA,Approved,OU,True,,no_evidence,False,True,False,False,,STAR-K approves this beer and records it as Certified By OU.,https://www.star-k.org/resource/list/W56J90P5/all_liquor#item-3G2NSIF7,"STAR-K all_liquor listing, item block item-3G2NSIF7 (imported row index 464)",2026-08-11,verified_against_current_official_source
STARK-item-VPKFG56Y,STAR-K,Beer,Blue Moon,Rightfield Red,Approved,OU,True,,no_evidence,False,True,False,False,,STAR-K approves this beer and records it as Certified By OU.,https://www.star-k.org/resource/list/W56J90P5/all_liquor#item-VPKFG56Y,"STAR-K all_liquor listing, item block item-VPKFG56Y (imported row index 465)",2026-08-11,verified_against_current_official_source
STARK-item-V8XYFYO3,STAR-K,Beer,Blue Moon,SMASH Calypso,Approved,OU,True,,no_evidence,False,True,False,False,,STAR-K approves this beer and records it as Certified By OU.,https://www.star-k.org/resource/list/W56J90P5/all_liquor#item-V8XYFYO3,"STAR-K all_liquor listing, item block item-V8XYFYO3 (imported row index 466)",2026-08-11,verified_against_current_official_source
STARK-item-4QZG8J0Y,STAR-K,Beer,Blue Moon,Saigon Saison,Approved,OU,True,,no_evidence,False,True,False,False,,STAR-K approves this beer and records it as Certified By OU.,https://www.star-k.org/resource/list/W56J90P5/all_liquor#item-4QZG8J0Y,"STAR-K all_liquor listing, item block item-4QZG8J0Y (imported row index 467)",2026-08-11,verified_against_current_official_source
STARK-item-RD5H7S8Q,STAR-K,Beer,Blue Moon,Saison-Style Ale,Approved,OU,True,,no_evidence,False,True,False,False,,STAR-K approves this beer and records it as Certified By OU.,https://www.star-k.org/resource/list/W56J90P5/all_liquor#item-RD5H7S8Q,"STAR-K all_liquor listing, item block item-RD5H7S8Q (imported row index 468)",2026-08-11,verified_against_current_official_source
STARK-item-TN2BLU2I,STAR-K,Beer,Blue Moon,Sergeant of Waterloo,Approved,OU,True,,no_evidence,False,True,False,False,,STAR-K approves this beer and records it as Certified By OU.,https://www.star-k.org/resource/list/W56J90P5/all_liquor#item-TN2BLU2I,"STAR-K all_liquor listing, item block item-TN2BLU2I (imported row index 469)",2026-08-11,verified_against_current_official_source
STARK-item-UXZ51WUA,STAR-K,Beer,Blue Moon,Session India Pale Lager,Approved,OU,True,,no_evidence,False,True,False,False,,STAR-K approves this beer and records it as Certified By OU.,https://www.star-k.org/resource/list/W56J90P5/all_liquor#item-UXZ51WUA,"STAR-K all_liquor listing, item block item-UXZ51WUA (imported row index 470)",2026-08-11,verified_against_current_official_source
STARK-item-XHVRU1IU,STAR-K,Beer,Blue Moon,Smoked Pale,Approved,OU,True,,no_evidence,False,True,False,False,,STAR-K approves this beer and records it as Certified By OU.,https://www.star-k.org/resource/list/W56J90P5/all_liquor#item-XHVRU1IU,"STAR-K all_liquor listing, item block item-XHVRU1IU (imported row index 471)",2026-08-11,verified_against_current_official_source
STARK-item-YRTK02CM,STAR-K,Beer,Blue Moon,"Something Old, New, Borrowed, and Blue",Approved,OU,True,,no_evidence,False,True,False,False,,STAR-K approves this beer and records it as Certified By OU.,https://www.star-k.org/resource/list/W56J90P5/all_liquor#item-YRTK02CM,"STAR-K all_liquor listing, item block item-YRTK02CM (imported row index 472)",2026-08-11,verified_against_current_official_source
STARK-item-Z2REO47E,STAR-K,Beer,Blue Moon,Southern Sweet Tea,Approved,OU,True,,no_evidence,False,True,False,False,,STAR-K approves this beer and records it as Certified By OU.,https://www.star-k.org/resource/list/W56J90P5/all_liquor#item-Z2REO47E,"STAR-K all_liquor listing, item block item-Z2REO47E (imported row index 473)",2026-08-11,verified_against_current_official_source
STARK-item-1BO846Z7,STAR-K,Beer,Blue Moon,Spiced Abbey Ale,Approved,OU,True,,no_evidence,False,True,False,False,,STAR-K approves this beer and records it as Certified By OU.,https://www.star-k.org/resource/list/W56J90P5/all_liquor#item-1BO846Z7,"STAR-K all_liquor listing, item block item-1BO846Z7 (imported row index 474)",2026-08-11,verified_against_current_official_source
STARK-item-3LM2I8TY,STAR-K,Beer,Blue Moon,Stone Fruit IPA,Approved,OU,True,,no_evidence,False,True,False,False,,STAR-K approves this beer and records it as Certified By OU.,https://www.star-k.org/resource/list/W56J90P5/all_liquor#item-3LM2I8TY,"STAR-K all_liquor listing, item block item-3LM2I8TY (imported row index 475)",2026-08-11,verified_against_current_official_source
STARK-item-4VKUX0NQ,STAR-K,Beer,Blue Moon,Straw Jala,Approved,OU,True,,no_evidence,False,True,False,False,,STAR-K approves this beer and records it as Certified By OU.,https://www.star-k.org/resource/list/W56J90P5/all_liquor#item-4VKUX0NQ,"STAR-K all_liquor listing, item block item-4VKUX0NQ (imported row index 476)",2026-08-11,verified_against_current_official_source
STARK-item-Q99LVXPI,STAR-K,Beer,Blue Moon,Strawberry Rhubarb,Approved,OU,True,,no_evidence,False,True,False,False,,STAR-K approves this beer and records it as Certified By OU.,https://www.star-k.org/resource/list/W56J90P5/all_liquor#item-Q99LVXPI,"STAR-K all_liquor listing, item block item-Q99LVXPI (imported row index 477)",2026-08-11,verified_against_current_official_source
STARK-item-SI7EAZIA,STAR-K,Beer,Blue Moon,Strawberry Rhubarb Pie,Approved,OU,True,,no_evidence,False,True,False,False,,STAR-K approves this beer and records it as Certified By OU.,https://www.star-k.org/resource/list/W56J90P5/all_liquor#item-SI7EAZIA,"STAR-K all_liquor listing, item block item-SI7EAZIA (imported row index 478)",2026-08-11,verified_against_current_official_source
STARK-item-TS49P1C3,STAR-K,Beer,Blue Moon,Suerte Barrel aged Mexican Tripel,Approved,OU,True,,no_evidence,False,True,False,False,,STAR-K approves this beer and records it as Certified By OU.,https://www.star-k.org/resource/list/W56J90P5/all_liquor#item-TS49P1C3,"STAR-K all_liquor listing, item block item-TS49P1C3 (imported row index 479)",2026-08-11,verified_against_current_official_source
STARK-item-U322537U,STAR-K,Beer,Blue Moon,Summer Sour,Approved,OU,True,,no_evidence,False,True,False,False,,STAR-K approves this beer and records it as Certified By OU.,https://www.star-k.org/resource/list/W56J90P5/all_liquor#item-U322537U,"STAR-K all_liquor listing, item block item-U322537U (imported row index 480)",2026-08-11,verified_against_current_official_source
STARK-item-VCZVJ51M,STAR-K,Beer,Blue Moon,Sweet Heat,Approved,OU,True,,no_evidence,False,True,False,False,,STAR-K approves this beer and records it as Certified By OU.,https://www.star-k.org/resource/list/W56J90P5/all_liquor#item-VCZVJ51M,"STAR-K all_liquor listing, item block item-VCZVJ51M (imported row index 481)",2026-08-11,verified_against_current_official_source
STARK-item-XMXOY7UE,STAR-K,Beer,Blue Moon,Tangerillo IPA,Approved,OU,True,,no_evidence,False,True,False,False,,STAR-K approves this beer and records it as Certified By OU.,https://www.star-k.org/resource/list/W56J90P5/all_liquor#item-XMXOY7UE,"STAR-K all_liquor listing, item block item-XMXOY7UE (imported row index 482)",2026-08-11,verified_against_current_official_source
STARK-item-YWVHD9N7,STAR-K,Beer,Blue Moon,Tender Bock,Approved,OU,True,,no_evidence,False,True,False,False,,STAR-K approves this beer and records it as Certified By OU.,https://www.star-k.org/resource/list/W56J90P5/all_liquor#item-YWVHD9N7,"STAR-K all_liquor listing, item block item-YWVHD9N7 (imported row index 483)",2026-08-11,verified_against_current_official_source
STARK-item-Z7SBSAHY,STAR-K,Beer,Blue Moon,Tropical Fruit Cart Sour,Approved,OU,True,,no_evidence,False,True,False,False,,STAR-K approves this beer and records it as Certified By OU.,https://www.star-k.org/resource/list/W56J90P5/all_liquor#item-Z7SBSAHY,"STAR-K all_liquor listing, item block item-Z7SBSAHY (imported row index 484)",2026-08-11,verified_against_current_official_source
STARK-item-2GQ58BBQ,STAR-K,Beer,Blue Moon,Tropical IPA,Approved,OU,True,,no_evidence,False,True,False,False,,STAR-K approves this beer and records it as Certified By OU.,https://www.star-k.org/resource/list/W56J90P5/all_liquor#item-2GQ58BBQ,"STAR-K all_liquor listing, item block item-2GQ58BBQ (imported row index 485)",2026-08-11,verified_against_current_official_source
STARK-item-3QOYMD6I,STAR-K,Beer,Blue Moon,Tropical Tripel,Approved,OU,True,,no_evidence,False,True,False,False,,STAR-K approves this beer and records it as Certified By OU.,https://www.star-k.org/resource/list/W56J90P5/all_liquor#item-3QOYMD6I,"STAR-K all_liquor listing, item block item-3QOYMD6I (imported row index 486)",2026-08-11,verified_against_current_official_source
STARK-item-QDTZMM3A,STAR-K,Beer,Blue Moon,Uber Dunkel,Approved,OU,True,,no_evidence,False,True,False,False,,STAR-K approves this beer and records it as Certified By OU.,https://www.star-k.org/resource/list/W56J90P5/all_liquor#item-QDTZMM3A,"STAR-K all_liquor listing, item block item-QDTZMM3A (imported row index 487)",2026-08-11,verified_against_current_official_source
STARK-item-SNRS2OW3,STAR-K,Beer,Blue Moon,Vienna,Approved,OU,True,,no_evidence,False,True,False,False,,STAR-K approves this beer and records it as Certified By OU.,https://www.star-k.org/resource/list/W56J90P5/all_liquor#item-SNRS2OW3,"STAR-K all_liquor listing, item block item-SNRS2OW3 (imported row index 488)",2026-08-11,verified_against_current_official_source
STARK-item-TXPMGQQU,STAR-K,Beer,Blue Moon,Watermelon Hefeweizen,Approved,OU,True,,no_evidence,False,True,False,False,,STAR-K approves this beer and records it as Certified By OU.,https://www.star-k.org/resource/list/W56J90P5/all_liquor#item-TXPMGQQU,"STAR-K all_liquor listing, item block item-TXPMGQQU (imported row index 489)",2026-08-11,verified_against_current_official_source
STARK-item-U8NFVSKM,STAR-K,Beer,Blue Moon,Watermelon Tajin,Approved,OU,True,,no_evidence,False,True,False,False,,STAR-K approves this beer and records it as Certified By OU.,https://www.star-k.org/resource/list/W56J90P5/all_liquor#item-U8NFVSKM,"STAR-K all_liquor listing, item block item-U8NFVSKM (imported row index 490)",2026-08-11,verified_against_current_official_source
STARK-item-WHK9AUEE,STAR-K,Beer,Blue Moon,What A Hitter,Approved,OU,True,,no_evidence,False,True,False,False,,STAR-K approves this beer and records it as Certified By OU.,https://www.star-k.org/resource/list/W56J90P5/all_liquor#item-WHK9AUEE,"STAR-K all_liquor listing, item block item-WHK9AUEE (imported row index 491)",2026-08-11,verified_against_current_official_source
STARK-item-XRI3PV87,STAR-K,Beer,Blue Moon,White Hot Wit,Approved,OU,True,,no_evidence,False,True,False,False,,STAR-K approves this beer and records it as Certified By OU.,https://www.star-k.org/resource/list/W56J90P5/all_liquor#item-XRI3PV87,"STAR-K all_liquor listing, item block item-XRI3PV87 (imported row index 492)",2026-08-11,verified_against_current_official_source
STARK-item-Y2GV5X2Y,STAR-K,Beer,Blue Moon,White IPA,Approved,OU,True,,no_evidence,False,True,False,False,,STAR-K approves this beer and records it as Certified By OU.,https://www.star-k.org/resource/list/W56J90P5/all_liquor#item-Y2GV5X2Y,"STAR-K all_liquor listing, item block item-Y2GV5X2Y (imported row index 493)",2026-08-11,verified_against_current_official_source
STARK-item-ZBEPJZVQ,STAR-K,Beer,Blue Moon,Yuzu Lager,Approved,OU,True,,no_evidence,False,True,False,False,,STAR-K approves this beer and records it as Certified By OU.,https://www.star-k.org/resource/list/W56J90P5/all_liquor#item-ZBEPJZVQ,"STAR-K all_liquor listing, item block item-ZBEPJZVQ (imported row index 494)",2026-08-11,verified_against_current_official_source
STARK-item-ZIWBCTPI,STAR-K,Beer,Blue Moon,“Luman-ation” Espresso Stout,Approved,OU,True,,no_evidence,False,True,False,False,,STAR-K approves this beer and records it as Certified By OU.,https://www.star-k.org/resource/list/W56J90P5/all_liquor#item-ZIWBCTPI,"STAR-K all_liquor listing, item block item-ZIWBCTPI (imported row index 495)",2026-08-11,verified_against_current_official_source
STARK-item-3U0BD4IA,STAR-K,Beer,Boulevard,"Tank 7, Bottle/Keg (Belgium)",Approved,KF Belgium,True,,no_evidence,False,True,False,False,,STAR-K approves this beer and records it as Certified By KF.,https://www.star-k.org/resource/list/W56J90P5/all_liquor#item-3U0BD4IA,"STAR-K all_liquor listing, item block item-3U0BD4IA (imported row index 508)",2026-08-11,verified_against_current_official_source
STARK-item-RIECCCG3,STAR-K,Beer,Brooklyn Brewery,Brooklyn Bel Air Sour,Approved,KCOR,True,,no_evidence,False,True,False,False,,STAR-K approves this beer and records it as Certified By KCOR.,https://www.star-k.org/resource/list/W56J90P5/all_liquor#item-RIECCCG3,"STAR-K all_liquor listing, item block item-RIECCCG3 (imported row index 533)",2026-08-11,verified_against_current_official_source
STARK-item-SRC7RDAU,STAR-K,Beer,Brooklyn Brewery,Brooklyn Bel Air Sour,Approved,KCOR,True,,no_evidence,False,True,False,False,,STAR-K approves this beer and records it as Certified By KCOR.,https://www.star-k.org/resource/list/W56J90P5/all_liquor#item-SRC7RDAU,"STAR-K all_liquor listing, item block item-SRC7RDAU (imported row index 534)",2026-08-11,verified_against_current_official_source
STARK-item-T2AZ8F5M,STAR-K,Beer,Brooklyn Brewery,Brooklyn Black,Approved,KCOR,True,,no_evidence,False,True,False,False,,STAR-K approves this beer and records it as Certified By KCOR.,https://www.star-k.org/resource/list/W56J90P5/all_liquor#item-T2AZ8F5M,"STAR-K all_liquor listing, item block item-T2AZ8F5M (imported row index 535)",2026-08-11,verified_against_current_official_source
STARK-item-UB9TMHYE,STAR-K,Beer,Brooklyn Brewery,Brooklyn Black Ops,Approved,KCOR,True,,no_evidence,False,True,False,False,,STAR-K approves this beer and records it as Certified By KCOR.,https://www.star-k.org/resource/list/W56J90P5/all_liquor#item-UB9TMHYE,"STAR-K all_liquor listing, item block item-UB9TMHYE (imported row index 536)",2026-08-11,verified_against_current_official_source
STARK-item-WL7M2JR7,STAR-K,Beer,Brooklyn Brewery,Brooklyn Bodega Run,Approved,KCOR,True,,no_evidence,False,True,False,False,,STAR-K approves this beer and records it as Certified By KCOR.,https://www.star-k.org/resource/list/W56J90P5/all_liquor#item-WL7M2JR7,"STAR-K all_liquor listing, item block item-WL7M2JR7 (imported row index 537)",2026-08-11,verified_against_current_official_source
STARK-item-XV5GGLLY,STAR-K,Beer,Brooklyn Brewery,Brooklyn Brown Ale,Approved,KCOR,True,,no_evidence,False,True,False,False,,STAR-K approves this beer and records it as Certified By KCOR.,https://www.star-k.org/resource/list/W56J90P5/all_liquor#item-XV5GGLLY,"STAR-K all_liquor listing, item block item-XV5GGLLY (imported row index 538)",2026-08-11,verified_against_current_official_source
STARK-item-Y620VNFQ,STAR-K,Beer,Brooklyn Brewery,Brooklyn East IPA,Approved,KCOR,True,,no_evidence,False,True,False,False,,STAR-K approves this beer and records it as Certified By KCOR.,https://www.star-k.org/resource/list/W56J90P5/all_liquor#item-Y620VNFQ,"STAR-K all_liquor listing, item block item-Y620VNFQ (imported row index 539)",2026-08-11,verified_against_current_official_source
STARK-item-1FZ3AO0I,STAR-K,Beer,Brooklyn Brewery,Brooklyn Lager,Approved,KCOR,True,,no_evidence,False,True,False,False,,STAR-K approves this beer and records it as Certified By KCOR.,https://www.star-k.org/resource/list/W56J90P5/all_liquor#item-1FZ3AO0I,"STAR-K all_liquor listing, item block item-1FZ3AO0I (imported row index 540)",2026-08-11,verified_against_current_official_source
STARK-item-2PXWPQ3A,STAR-K,Beer,Brooklyn Brewery,Brooklyn Oktoberfest,Approved,KCOR,True,,no_evidence,False,True,False,False,,STAR-K approves this beer and records it as Certified By KCOR.,https://www.star-k.org/resource/list/W56J90P5/all_liquor#item-2PXWPQ3A,"STAR-K all_liquor listing, item block item-2PXWPQ3A (imported row index 541)",2026-08-11,verified_against_current_official_source
STARK-item-3ZVP5SW3,STAR-K,Beer,Brooklyn Brewery,Brooklyn Parktime,Approved,KCOR,True,,no_evidence,False,True,False,False,,STAR-K approves this beer and records it as Certified By KCOR.,https://www.star-k.org/resource/list/W56J90P5/all_liquor#item-3ZVP5SW3,"STAR-K all_liquor listing, item block item-3ZVP5SW3 (imported row index 542)",2026-08-11,verified_against_current_official_source
STARK-item-RM1Q42UU,STAR-K,Beer,Brooklyn Brewery,Brooklyn Pilsner,Approved,KCOR,True,,no_evidence,False,True,False,False,,STAR-K approves this beer and records it as Certified By KCOR.,https://www.star-k.org/resource/list/W56J90P5/all_liquor#item-RM1Q42UU,"STAR-K all_liquor listing, item block item-RM1Q42UU (imported row index 543)",2026-08-11,verified_against_current_official_source
STARK-item-SWYKI4OM,STAR-K,Beer,Brooklyn Brewery,Brooklyn Post Road,Approved,KCOR,True,,no_evidence,False,True,False,False,,STAR-K approves this beer and records it as Certified By KCOR.,https://www.star-k.org/resource/list/W56J90P5/all_liquor#item-SWYKI4OM,"STAR-K all_liquor listing, item block item-SWYKI4OM (imported row index 544)",2026-08-11,verified_against_current_official_source
STARK-item-T7VDX6IE,STAR-K,Beer,Brooklyn Brewery,Brooklyn Pulp Art Hazy,Approved,KCOR,True,,no_evidence,False,True,False,False,,STAR-K approves this beer and records it as Certified By KCOR.,https://www.star-k.org/resource/list/W56J90P5/all_liquor#item-T7VDX6IE,"STAR-K all_liquor listing, item block item-T7VDX6IE (imported row index 545)",2026-08-11,verified_against_current_official_source
STARK-item-X1PT7AZQ,STAR-K,Beer,Brouwerij ’T IJ,"Ijwit, Bottle/Keg (Belgium)",Approved,KF Belgium,True,,no_evidence,False,True,False,False,,STAR-K approves this beer and records it as Certified By KF.,https://www.star-k.org/resource/list/W56J90P5/all_liquor#item-X1PT7AZQ,"STAR-K all_liquor listing, item block item-X1PT7AZQ (imported row index 549)",2026-08-11,verified_against_current_official_source
STARK-item-1KLG2EMA,STAR-K,Beer,Brouwerij ’T IJ,"Zatte, Bottle/Keg (Belgium)",Approved,KF Belgium,True,,no_evidence,False,True,False,False,,STAR-K approves this beer and records it as Certified By KF.,https://www.star-k.org/resource/list/W56J90P5/all_liquor#item-1KLG2EMA,"STAR-K all_liquor listing, item block item-1KLG2EMA (imported row index 550)",2026-08-11,verified_against_current_official_source
STARK-item-YANNLCTI,STAR-K,Beer,Brouwerij ’T IJ,"tIJ IPA, Bottle/Keg (Belgium)",Approved,KF Belgium,True,,no_evidence,False,True,False,False,,STAR-K approves this beer and records it as Certified By KF.,https://www.star-k.org/resource/list/W56J90P5/all_liquor#item-YANNLCTI,"STAR-K all_liquor listing, item block item-YANNLCTI (imported row index 551)",2026-08-11,verified_against_current_official_source
STARK-item-VVHRSWUA,STAR-K,Beer,Bud Light,All Hard Seltzers,Not Approved,,False,,no_evidence,False,False,False,True,,STAR-K lists this as Not Approved. Do not use it.,https://www.star-k.org/resource/list/W56J90P5/all_liquor#item-VVHRSWUA,"STAR-K all_liquor listing, item block item-VVHRSWUA (imported row index 581)",2026-08-11,verified_against_current_official_source
STARK-item-2UIAGGG3,STAR-K,Beer,Bud Light,Bud Light,Approved,,False,false,no_evidence,False,True,False,False,,STAR-K approves this beer without requiring a kosher symbol on the package.,https://www.star-k.org/resource/list/W56J90P5/all_liquor#item-2UIAGGG3,"STAR-K all_liquor listing, item block item-2UIAGGG3 (imported row index 582)",2026-08-11,verified_against_current_official_source
STARK-item-35G4VHAU,STAR-K,Beer,Budweiser,Budweiser,Approved,,False,false,no_evidence,False,True,False,False,,STAR-K approves this beer without requiring a kosher symbol on the package.,https://www.star-k.org/resource/list/W56J90P5/all_liquor#item-35G4VHAU,"STAR-K all_liquor listing, item block item-35G4VHAU (imported row index 583)",2026-08-11,verified_against_current_official_source
STARK-item-S2JX0S3E,STAR-K,Beer,Burg,Burg Beer 4.4%,Approved,KF,True,,no_evidence,False,True,False,False,,STAR-K approves this beer and records it as Certified By KF.,https://www.star-k.org/resource/list/W56J90P5/all_liquor#item-S2JX0S3E,"STAR-K all_liquor listing, item block item-S2JX0S3E (imported row index 594)",2026-08-11,verified_against_current_official_source
STARK-item-TBHROUV7,STAR-K,Beer,Burg,Burg Extra Strong 12%,Approved,KF,True,,no_evidence,False,True,False,False,,STAR-K approves this beer and records it as Certified By KF.,https://www.star-k.org/resource/list/W56J90P5/all_liquor#item-TBHROUV7,"STAR-K all_liquor listing, item block item-TBHROUV7 (imported row index 595)",2026-08-11,verified_against_current_official_source
STARK-item-VLFK4WPY,STAR-K,Beer,Burg,Burg Strong 10%,Approved,KF,True,,no_evidence,False,True,False,False,,STAR-K approves this beer and records it as Certified By KF.,https://www.star-k.org/resource/list/W56J90P5/all_liquor#item-VLFK4WPY,"STAR-K all_liquor listing, item block item-VLFK4WPY (imported row index 596)",2026-08-11,verified_against_current_official_source
STARK-item-WUDEIYJQ,STAR-K,Beer,Burg,Burg Strong Lager Beer 8.5%,Approved,KF,True,,no_evidence,False,True,False,False,,STAR-K approves this beer and records it as Certified By KF.,https://www.star-k.org/resource/list/W56J90P5/all_liquor#item-WUDEIYJQ,"STAR-K all_liquor listing, item block item-WUDEIYJQ (imported row index 597)",2026-08-11,verified_against_current_official_source
STARK-item-X5A8XZDI,STAR-K,Beer,Burg,Burg Wheat Beer 5%,Approved,KF,True,,no_evidence,False,True,False,False,,STAR-K approves this beer and records it as Certified By KF.,https://www.star-k.org/resource/list/W56J90P5/all_liquor#item-X5A8XZDI,"STAR-K all_liquor listing, item block item-X5A8XZDI (imported row index 598)",2026-08-11,verified_against_current_official_source
STARK-item-ZE91C27A,STAR-K,Beer,Charro,Beer Ambar,Approved,OU,True,,no_evidence,False,True,False,False,,STAR-K approves this beer and records it as Certified By OU.,https://www.star-k.org/resource/list/W56J90P5/all_liquor#item-ZE91C27A,"STAR-K all_liquor listing, item block item-ZE91C27A (imported row index 672)",2026-08-11,verified_against_current_official_source
STARK-item-1O7UR413,STAR-K,Beer,Charro,Beer Pilsner,Approved,OU,True,,no_evidence,False,True,False,False,,STAR-K approves this beer and records it as Certified By OU.,https://www.star-k.org/resource/list/W56J90P5/all_liquor#item-1O7UR413,"STAR-K all_liquor listing, item block item-1O7UR413 (imported row index 673)",2026-08-11,verified_against_current_official_source
STARK-item-X0WLOPQA,STAR-K,Beer,Cobra,King,Approved,KLBD,True,,no_evidence,False,True,False,False,,STAR-K approves this beer and records it as Certified By KLBD.,https://www.star-k.org/resource/list/W56J90P5/all_liquor#item-X0WLOPQA,"STAR-K all_liquor listing, item block item-X0WLOPQA (imported row index 698)",2026-08-11,verified_against_current_official_source
STARK-item-ZJUE4RK3,STAR-K,Beer,Cobra,Premium,Approved,KLBD,True,,no_evidence,False,True,False,False,,STAR-K approves this beer and records it as Certified By KLBD.,https://www.star-k.org/resource/list/W56J90P5/all_liquor#item-ZJUE4RK3,"STAR-K all_liquor listing, item block item-ZJUE4RK3 (imported row index 699)",2026-08-11,verified_against_current_official_source
STARK-item-1TR9ITEU,STAR-K,Beer,Cobra,Premium Gluten-Free,Approved,KLBD,True,,no_evidence,False,True,False,False,,STAR-K approves this beer and records it as Certified By KLBD.,https://www.star-k.org/resource/list/W56J90P5/all_liquor#item-1TR9ITEU,"STAR-K all_liquor listing, item block item-1TR9ITEU (imported row index 700)",2026-08-11,verified_against_current_official_source
STARK-item-24P2XU9M,STAR-K,Beer,Colorado Native,Amber Lager,Approved,OU,True,,no_evidence,False,True,False,False,,STAR-K approves this beer and records it as Certified By OU.,https://www.star-k.org/resource/list/W56J90P5/all_liquor#item-24P2XU9M,"STAR-K all_liquor listing, item block item-24P2XU9M (imported row index 706)",2026-08-11,verified_against_current_official_source
STARK-item-3DNUCW3E,STAR-K,Beer,Colorado Native,Amber Lager 3.2,Approved,OU,True,,no_evidence,False,True,False,False,,STAR-K approves this beer and records it as Certified By OU.,https://www.star-k.org/resource/list/W56J90P5/all_liquor#item-3DNUCW3E,"STAR-K all_liquor listing, item block item-3DNUCW3E (imported row index 707)",2026-08-11,verified_against_current_official_source
STARK-item-R1SVB6Z7,STAR-K,Beer,Colorado Native,Apricot Sour,Approved,OU,True,,no_evidence,False,True,False,False,,STAR-K approves this beer and records it as Certified By OU.,https://www.star-k.org/resource/list/W56J90P5/all_liquor#item-R1SVB6Z7,"STAR-K all_liquor listing, item block item-R1SVB6Z7 (imported row index 708)",2026-08-11,verified_against_current_official_source
STARK-item-SAQPQ8TY,STAR-K,Beer,Colorado Native,Barmen,Approved,OU,True,,no_evidence,False,True,False,False,,STAR-K approves this beer and records it as Certified By OU.,https://www.star-k.org/resource/list/W56J90P5/all_liquor#item-SAQPQ8TY,"STAR-K all_liquor listing, item block item-SAQPQ8TY (imported row index 709)",2026-08-11,verified_against_current_official_source
STARK-item-UKOI60NQ,STAR-K,Beer,Colorado Native,Double IPL,Approved,OU,True,,no_evidence,False,True,False,False,,STAR-K approves this beer and records it as Certified By OU.,https://www.star-k.org/resource/list/W56J90P5/all_liquor#item-UKOI60NQ,"STAR-K all_liquor listing, item block item-UKOI60NQ (imported row index 710)",2026-08-11,verified_against_current_official_source
STARK-item-VULCKBHI,STAR-K,Beer,Colorado Native,Golden Lager,Approved,OU,True,,no_evidence,False,True,False,False,,STAR-K approves this beer and records it as Certified By OU.,https://www.star-k.org/resource/list/W56J90P5/all_liquor#item-VULCKBHI,"STAR-K all_liquor listing, item block item-VULCKBHI (imported row index 711)",2026-08-11,verified_against_current_official_source
STARK-item-W5J6ZCAA,STAR-K,Beer,Colorado Native,Golden Lager 3.2,Approved,OU,True,,no_evidence,False,True,False,False,,STAR-K approves this beer and records it as Certified By OU.,https://www.star-k.org/resource/list/W56J90P5/all_liquor#item-W5J6ZCAA,"STAR-K all_liquor listing, item block item-W5J6ZCAA (imported row index 712)",2026-08-11,verified_against_current_official_source
STARK-item-YEHZFE53,STAR-K,Beer,Colorado Native,HJ,Approved,OU,True,,no_evidence,False,True,False,False,,STAR-K approves this beer and records it as Certified By OU.,https://www.star-k.org/resource/list/W56J90P5/all_liquor#item-YEHZFE53,"STAR-K all_liquor listing, item block item-YEHZFE53 (imported row index 713)",2026-08-11,verified_against_current_official_source
STARK-item-ZOFSUGYU,STAR-K,Beer,Colorado Native,Imperial Porter,Approved,OU,True,,no_evidence,False,True,False,False,,STAR-K approves this beer and records it as Certified By OU.,https://www.star-k.org/resource/list/W56J90P5/all_liquor#item-ZOFSUGYU,"STAR-K all_liquor listing, item block item-ZOFSUGYU (imported row index 714)",2026-08-11,verified_against_current_official_source
STARK-item-1XDL0ISM,STAR-K,Beer,Colorado Native,India Pale Lager,Approved,OU,True,,no_evidence,False,True,False,False,,STAR-K approves this beer and records it as Certified By OU.,https://www.star-k.org/resource/list/W56J90P5/all_liquor#item-1XDL0ISM,"STAR-K all_liquor listing, item block item-1XDL0ISM (imported row index 715)",2026-08-11,verified_against_current_official_source
STARK-item-28BFOKME,STAR-K,Beer,Colorado Native,Kriek Noir Sour,Approved,OU,True,,no_evidence,False,True,False,False,,STAR-K approves this beer and records it as Certified By OU.,https://www.star-k.org/resource/list/W56J90P5/all_liquor#item-28BFOKME,"STAR-K all_liquor listing, item block item-28BFOKME (imported row index 716)",2026-08-11,verified_against_current_official_source
STARK-item-4H994MF7,STAR-K,Beer,Colorado Native,Kriek Sour,Approved,OU,True,,no_evidence,False,True,False,False,,STAR-K approves this beer and records it as Certified By OU.,https://www.star-k.org/resource/list/W56J90P5/all_liquor#item-4H994MF7,"STAR-K all_liquor listing, item block item-4H994MF7 (imported row index 717)",2026-08-11,verified_against_current_official_source
STARK-item-R5D03UDY,STAR-K,Beer,Colorado Native,Light,Approved,OU,True,,no_evidence,False,True,False,False,,STAR-K approves this beer and records it as Certified By OU.,https://www.star-k.org/resource/list/W56J90P5/all_liquor#item-R5D03UDY,"STAR-K all_liquor listing, item block item-R5D03UDY (imported row index 718)",2026-08-11,verified_against_current_official_source
STARK-item-TEB4HW8Q,STAR-K,Beer,Colorado Native,LoCAL,Approved,OU,True,,no_evidence,False,True,False,False,,STAR-K approves this beer and records it as Certified By OU.,https://www.star-k.org/resource/list/W56J90P5/all_liquor#item-TEB4HW8Q,"STAR-K all_liquor listing, item block item-TEB4HW8Q (imported row index 719)",2026-08-11,verified_against_current_official_source
STARK-item-UO0WWY2I,STAR-K,Beer,Colorado Native,Olathe,Approved,OU,True,,no_evidence,False,True,False,False,,STAR-K approves this beer and records it as Certified By OU.,https://www.star-k.org/resource/list/W56J90P5/all_liquor#item-UO0WWY2I,"STAR-K all_liquor listing, item block item-UO0WWY2I (imported row index 720)",2026-08-11,verified_against_current_official_source
STARK-item-VY8PB1UA,STAR-K,Beer,Colorado Native,Peche Sour,Approved,OU,True,,no_evidence,False,True,False,False,,STAR-K approves this beer and records it as Certified By OU.,https://www.star-k.org/resource/list/W56J90P5/all_liquor#item-VY8PB1UA,"STAR-K all_liquor listing, item block item-VY8PB1UA (imported row index 721)",2026-08-11,verified_against_current_official_source
STARK-item-W96JQ3O3,STAR-K,Beer,Colorado Native,Pilsner,Approved,OU,True,,no_evidence,False,True,False,False,,STAR-K approves this beer and records it as Certified By OU.,https://www.star-k.org/resource/list/W56J90P5/all_liquor#item-W96JQ3O3,"STAR-K all_liquor listing, item block item-W96JQ3O3 (imported row index 722)",2026-08-11,verified_against_current_official_source
STARK-item-YI3C65IU,STAR-K,Beer,Colorado Native,Plum Sour,Approved,OU,True,,no_evidence,False,True,False,False,,STAR-K approves this beer and records it as Certified By OU.,https://www.star-k.org/resource/list/W56J90P5/all_liquor#item-YI3C65IU,"STAR-K all_liquor listing, item block item-YI3C65IU (imported row index 723)",2026-08-11,verified_against_current_official_source
STARK-item-ZS17K6CM,STAR-K,Beer,Colorado Native,Saison,Approved,OU,True,,no_evidence,False,True,False,False,,STAR-K approves this beer and records it as Certified By OU.,https://www.star-k.org/resource/list/W56J90P5/all_liquor#item-ZS17K6CM,"STAR-K all_liquor listing, item block item-ZS17K6CM (imported row index 724)",2026-08-11,verified_against_current_official_source
STARK-item-13YZZ87E,STAR-K,Beer,Colorado Native,Stand Up Pilsner,Approved,OU,True,,no_evidence,False,True,False,False,,STAR-K approves this beer and records it as Certified By OU.,https://www.star-k.org/resource/list/W56J90P5/all_liquor#item-13YZZ87E,"STAR-K all_liquor listing, item block item-13YZZ87E (imported row index 725)",2026-08-11,verified_against_current_official_source
STARK-item-2CWTE0Z7,STAR-K,Beer,Colorado Native,Sundown Cerveza,Approved,OU,True,,no_evidence,False,True,False,False,,STAR-K approves this beer and records it as Certified By OU.,https://www.star-k.org/resource/list/W56J90P5/all_liquor#item-2CWTE0Z7,"STAR-K all_liquor listing, item block item-2CWTE0Z7 (imported row index 726)",2026-08-11,verified_against_current_official_source
STARK-item-4MUMTBTY,STAR-K,Beer,Colorado Native,The OG Amber,Approved,OU,True,,no_evidence,False,True,False,False,,STAR-K approves this beer and records it as Certified By OU.,https://www.star-k.org/resource/list/W56J90P5/all_liquor#item-4MUMTBTY,"STAR-K all_liquor listing, item block item-4MUMTBTY (imported row index 727)",2026-08-11,verified_against_current_official_source
STARK-item-R0ZNTKRQ,STAR-K,Beer,Colorado Native,Twin Tunnel,Approved,OU,True,,no_evidence,False,True,False,False,,STAR-K approves this beer and records it as Certified By OU.,https://www.star-k.org/resource/list/W56J90P5/all_liquor#item-R0ZNTKRQ,"STAR-K all_liquor listing, item block item-R0ZNTKRQ (imported row index 728)",2026-08-11,verified_against_current_official_source
STARK-item-TJXG9MLI,STAR-K,Beer,Colorado Native,West Slope IPA,Approved,OU,True,,no_evidence,False,True,False,False,,STAR-K approves this beer and records it as Certified By OU.,https://www.star-k.org/resource/list/W56J90P5/all_liquor#item-TJXG9MLI,"STAR-K all_liquor listing, item block item-TJXG9MLI (imported row index 729)",2026-08-11,verified_against_current_official_source
STARK-item-UTUANOEA,STAR-K,Beer,Colorado Native,Wildflower Honey Helles,Approved,OU,True,,no_evidence,False,True,False,False,,STAR-K approves this beer and records it as Certified By OU.,https://www.star-k.org/resource/list/W56J90P5/all_liquor#item-UTUANOEA,"STAR-K all_liquor listing, item block item-UTUANOEA (imported row index 730)",2026-08-11,verified_against_current_official_source
STARK-item-V4S43P93,STAR-K,Beer,Colorado Native,Winterfest,Approved,OU,True,,no_evidence,False,True,False,False,,STAR-K approves this beer and records it as Certified By OU.,https://www.star-k.org/resource/list/W56J90P5/all_liquor#item-V4S43P93,"STAR-K all_liquor listing, item block item-V4S43P93 (imported row index 731)",2026-08-11,verified_against_current_official_source
STARK-item-WDQXHR3U,STAR-K,Beer,Concrete Beach,Havana Lager,Approved,STAR-K,True,,no_evidence,False,True,False,False,,STAR-K approves this beer and records it as Certified By STAR-K.,https://www.star-k.org/resource/list/W56J90P5/all_liquor#item-WDQXHR3U,"STAR-K all_liquor listing, item block item-WDQXHR3U (imported row index 738)",2026-08-11,verified_against_current_official_source
STARK-item-YNOQWTWM,STAR-K,Beer,Coney Island,1609 Amber Ale,Approved,STAR-K,True,,no_evidence,False,True,False,False,,STAR-K approves this beer and records it as Certified By STAR-K.,https://www.star-k.org/resource/list/W56J90P5/all_liquor#item-YNOQWTWM,"STAR-K all_liquor listing, item block item-YNOQWTWM (imported row index 739)",2026-08-11,verified_against_current_official_source
STARK-item-ZXMJBVQE,STAR-K,Beer,Coney Island,Beach Beer,Approved,STAR-K,True,,no_evidence,False,True,False,False,,STAR-K approves this beer and records it as Certified By STAR-K.,https://www.star-k.org/resource/list/W56J90P5/all_liquor#item-ZXMJBVQE,"STAR-K all_liquor listing, item block item-ZXMJBVQE (imported row index 740)",2026-08-11,verified_against_current_official_source
STARK-item-18JDQXJ7,STAR-K,Beer,Coney Island,Freaktoberfest,Approved,STAR-K,True,,no_evidence,False,True,False,False,,STAR-K approves this beer and records it as Certified By STAR-K.,https://www.star-k.org/resource/list/W56J90P5/all_liquor#item-18JDQXJ7,"STAR-K all_liquor listing, item block item-18JDQXJ7 (imported row index 741)",2026-08-11,verified_against_current_official_source
STARK-item-3HH76YDY,STAR-K,Beer,Coney Island,Honey Stout,Approved,STAR-K,True,,no_evidence,False,True,False,False,,STAR-K approves this beer and records it as Certified By STAR-K.,https://www.star-k.org/resource/list/W56J90P5/all_liquor#item-3HH76YDY,"STAR-K all_liquor listing, item block item-3HH76YDY (imported row index 742)",2026-08-11,verified_against_current_official_source
STARK-item-4RF1K18Q,STAR-K,Beer,Coney Island,Lager,Approved,STAR-K,True,,no_evidence,False,True,False,False,,STAR-K approves this beer and records it as Certified By STAR-K.,https://www.star-k.org/resource/list/W56J90P5/all_liquor#item-4RF1K18Q,"STAR-K all_liquor listing, item block item-4RF1K18Q (imported row index 743)",2026-08-11,verified_against_current_official_source
STARK-item-TOIUYBYA,STAR-K,Beer,Coney Island,MerMAN NY IPA,Approved,STAR-K,True,,no_evidence,False,True,False,False,,STAR-K approves this beer and records it as Certified By STAR-K.,https://www.star-k.org/resource/list/W56J90P5/all_liquor#item-TOIUYBYA,"STAR-K all_liquor listing, item block item-TOIUYBYA (imported row index 744)",2026-08-11,verified_against_current_official_source
STARK-item-SEK2J06I,STAR-K,Beer,Coney Island,Mermaid Pilsner,Approved,STAR-K,True,,no_evidence,False,True,False,False,,STAR-K approves this beer and records it as Certified By STAR-K.,https://www.star-k.org/resource/list/W56J90P5/all_liquor#item-SEK2J06I,"STAR-K all_liquor listing, item block item-SEK2J06I (imported row index 745)",2026-08-11,verified_against_current_official_source
STARK-item-UYGNDDS3,STAR-K,Beer,Coney Island,Overpass IPA,Approved,STAR-K,True,,no_evidence,False,True,False,False,,STAR-K approves this beer and records it as Certified By STAR-K.,https://www.star-k.org/resource/list/W56J90P5/all_liquor#item-UYGNDDS3,"STAR-K all_liquor listing, item block item-UYGNDDS3 (imported row index 746)",2026-08-11,verified_against_current_official_source
STARK-item-V9EHTFMU,STAR-K,Beer,Coney Island,Plunge,Approved,STAR-K,True,,no_evidence,False,True,False,False,,STAR-K approves this beer and records it as Certified By STAR-K.,https://www.star-k.org/resource/list/W56J90P5/all_liquor#item-V9EHTFMU,"STAR-K all_liquor listing, item block item-V9EHTFMU (imported row index 747)",2026-08-11,verified_against_current_official_source
STARK-item-XHBA9HGM,STAR-K,Beer,Coney Island,Watermelon Wheat,Approved,STAR-K,True,,no_evidence,False,True,False,False,,STAR-K approves this beer and records it as Certified By STAR-K.,https://www.star-k.org/resource/list/W56J90P5/all_liquor#item-XHBA9HGM,"STAR-K all_liquor listing, item block item-XHBA9HGM (imported row index 748)",2026-08-11,verified_against_current_official_source
STARK-item-YR05NIAE,STAR-K,Beer,Coopers,Best Extra Stout,Approved,Kosher Australia,True,,no_evidence,False,True,False,False,,STAR-K approves this beer and records it as Certified By Kosher Australia.,https://www.star-k.org/resource/list/W56J90P5/all_liquor#item-YR05NIAE,"STAR-K all_liquor listing, item block item-YR05NIAE (imported row index 750)",2026-08-11,verified_against_current_official_source
STARK-item-Z28X3K47,STAR-K,Beer,Coopers,Birell Ultra Light,Approved,Kosher Australia,True,,no_evidence,False,True,False,False,,STAR-K approves this beer and records it as Certified By Kosher Australia.,https://www.star-k.org/resource/list/W56J90P5/all_liquor#item-Z28X3K47,"STAR-K all_liquor listing, item block item-Z28X3K47 (imported row index 751)",2026-08-11,verified_against_current_official_source
STARK-item-1B6RHMXY,STAR-K,Beer,Coopers,Celebration Ale,Approved,Kosher Australia,True,,no_evidence,False,True,False,False,,STAR-K approves this beer and records it as Certified By Kosher Australia.,https://www.star-k.org/resource/list/W56J90P5/all_liquor#item-1B6RHMXY,"STAR-K all_liquor listing, item block item-1B6RHMXY (imported row index 752)",2026-08-11,verified_against_current_official_source
STARK-item-3L4KWORQ,STAR-K,Beer,Coopers,Dark Ale,Approved,Kosher Australia,True,,no_evidence,False,True,False,False,,STAR-K approves this beer and records it as Certified By Kosher Australia.,https://www.star-k.org/resource/list/W56J90P5/all_liquor#item-3L4KWORQ,"STAR-K all_liquor listing, item block item-3L4KWORQ (imported row index 753)",2026-08-11,verified_against_current_official_source
STARK-item-4V1DBQLI,STAR-K,Beer,Coopers,Mild Ale,Approved,Kosher Australia,True,,no_evidence,False,True,False,False,,STAR-K approves this beer and records it as Certified By Kosher Australia.,https://www.star-k.org/resource/list/W56J90P5/all_liquor#item-4V1DBQLI,"STAR-K all_liquor listing, item block item-4V1DBQLI (imported row index 754)",2026-08-11,verified_against_current_official_source
STARK-item-Q0O50EMA,STAR-K,Beer,Coopers,Original Pale Ale,Approved,Kosher Australia,True,,no_evidence,False,True,False,False,,STAR-K approves this beer and records it as Certified By Kosher Australia.,https://www.star-k.org/resource/list/W56J90P5/all_liquor#item-Q0O50EMA,"STAR-K all_liquor listing, item block item-Q0O50EMA (imported row index 755)",2026-08-11,verified_against_current_official_source
STARK-item-SJMYOGG3,STAR-K,Beer,Coopers,Premium Lager,Approved,Kosher Australia,True,,no_evidence,False,True,False,False,,STAR-K approves this beer and records it as Certified By Kosher Australia.,https://www.star-k.org/resource/list/W56J90P5/all_liquor#item-SJMYOGG3,"STAR-K all_liquor listing, item block item-SJMYOGG3 (imported row index 756)",2026-08-11,verified_against_current_official_source
STARK-item-TTKR4HAU,STAR-K,Beer,Coopers,Premium Light,Approved,Kosher Australia,True,,no_evidence,False,True,False,False,,STAR-K approves this beer and records it as Certified By Kosher Australia.,https://www.star-k.org/resource/list/W56J90P5/all_liquor#item-TTKR4HAU,"STAR-K all_liquor listing, item block item-TTKR4HAU (imported row index 757)",2026-08-11,verified_against_current_official_source
STARK-item-U4ILIJ5M,STAR-K,Beer,Coopers,Sparkling Ale,Approved,Kosher Australia,True,,no_evidence,False,True,False,False,,STAR-K approves this beer and records it as Certified By Kosher Australia.,https://www.star-k.org/resource/list/W56J90P5/all_liquor#item-U4ILIJ5M,"STAR-K all_liquor listing, item block item-U4ILIJ5M (imported row index 758)",2026-08-11,verified_against_current_official_source
STARK-item-VDGEXLYE,STAR-K,Beer,Coors,Banquet Beer,Approved,OU,True,,no_evidence,False,True,False,False,,STAR-K approves this beer and records it as Certified By OU.,https://www.star-k.org/resource/list/W56J90P5/all_liquor#item-VDGEXLYE,"STAR-K all_liquor listing, item block item-VDGEXLYE (imported row index 760)",2026-08-11,verified_against_current_official_source
STARK-item-XMD8CNR7,STAR-K,Beer,Coors,Extra Gold Beer,Approved,OU,True,,no_evidence,False,True,False,False,,STAR-K approves this beer and records it as Certified By OU.,https://www.star-k.org/resource/list/W56J90P5/all_liquor#item-XMD8CNR7,"STAR-K all_liquor listing, item block item-XMD8CNR7 (imported row index 761)",2026-08-11,verified_against_current_official_source
STARK-item-YWB2RPLY,STAR-K,Beer,Coors,Light Beer,Approved,OU,True,,no_evidence,False,True,False,False,,STAR-K approves this beer and records it as Certified By OU.,https://www.star-k.org/resource/list/W56J90P5/all_liquor#item-YWB2RPLY,"STAR-K all_liquor listing, item block item-YWB2RPLY (imported row index 762)",2026-08-11,verified_against_current_official_source
STARK-item-Z70U7RFQ,STAR-K,Beer,Coors,Light Citrus Radler,Approved,OU,True,,no_evidence,False,True,False,False,,STAR-K approves this beer and records it as Certified By OU.,https://www.star-k.org/resource/list/W56J90P5/all_liquor#item-Z70U7RFQ,"STAR-K all_liquor listing, item block item-Z70U7RFQ (imported row index 763)",2026-08-11,verified_against_current_official_source
STARK-item-2G8OLS0I,STAR-K,Beer,Coors,Light Export Beer,Approved,OU,True,,no_evidence,False,True,False,False,,STAR-K approves this beer and records it as Certified By OU.,https://www.star-k.org/resource/list/W56J90P5/all_liquor#item-2G8OLS0I,"STAR-K all_liquor listing, item block item-2G8OLS0I (imported row index 764)",2026-08-11,verified_against_current_official_source
STARK-item-3Q6H1U3A,STAR-K,Beer,Coors,Light Export Beer-MCBC,Approved,OU,True,,no_evidence,False,True,False,False,,STAR-K approves this beer and records it as Certified By OU.,https://www.star-k.org/resource/list/W56J90P5/all_liquor#item-3Q6H1U3A,"STAR-K all_liquor listing, item block item-3Q6H1U3A (imported row index 765)",2026-08-11,verified_against_current_official_source
STARK-item-QDAIZ413,STAR-K,Beer,Coors,Non-Alcoholic Beer,Approved,OU,True,,no_evidence,False,True,False,False,,STAR-K approves this beer and records it as Certified By OU.,https://www.star-k.org/resource/list/W56J90P5/all_liquor#item-QDAIZ413,"STAR-K all_liquor listing, item block item-QDAIZ413 (imported row index 766)",2026-08-11,verified_against_current_official_source
STARK-item-SN8CE6UU,STAR-K,Beer,Coors,Original Beer,Approved,OU,True,,no_evidence,False,True,False,False,,STAR-K approves this beer and records it as Certified By OU.,https://www.star-k.org/resource/list/W56J90P5/all_liquor#item-SN8CE6UU,"STAR-K all_liquor listing, item block item-SN8CE6UU (imported row index 767)",2026-08-11,verified_against_current_official_source
STARK-item-TX66T8OM,STAR-K,Beer,Coors,Peak Copper Lager,Approved,OU,True,,no_evidence,False,True,False,False,,STAR-K approves this beer and records it as Certified By OU.,https://www.star-k.org/resource/list/W56J90P5/all_liquor#item-TX66T8OM,"STAR-K all_liquor listing, item block item-TX66T8OM (imported row index 768)",2026-08-11,verified_against_current_official_source
STARK-item-U84Y90IE,STAR-K,Beer,Coors Edge,Beer,Approved,OU,True,,no_evidence,False,True,False,False,,STAR-K approves this beer and records it as Certified By OU.,https://www.star-k.org/resource/list/W56J90P5/all_liquor#item-U84Y90IE,"STAR-K all_liquor listing, item block item-U84Y90IE (imported row index 769)",2026-08-11,verified_against_current_official_source
STARK-item-RIVWQTEU,STAR-K,Beer,Corona,Cerveza,Approved,OK,True,,no_evidence,False,True,False,False,,STAR-K approves this beer and records it as Certified By OK.,https://www.star-k.org/resource/list/W56J90P5/all_liquor#item-RIVWQTEU,"STAR-K all_liquor listing, item block item-RIVWQTEU (imported row index 776)",2026-08-11,verified_against_current_official_source
STARK-item-SSTP6U9M,STAR-K,Beer,Corona,Extra,Approved,OK,True,,no_evidence,False,True,False,False,,STAR-K approves this beer and records it as Certified By OK.,https://www.star-k.org/resource/list/W56J90P5/all_liquor#item-SSTP6U9M,"STAR-K all_liquor listing, item block item-SSTP6U9M (imported row index 777)",2026-08-11,verified_against_current_official_source
STARK-item-3VQVRKG3,STAR-K,Beer,Corona,Extra - Belgium + UK,Approved,KF,True,,no_evidence,False,True,False,False,,STAR-K approves this beer and records it as Certified By KF.,https://www.star-k.org/resource/list/W56J90P5/all_liquor#item-3VQVRKG3,"STAR-K all_liquor listing, item block item-3VQVRKG3 (imported row index 778)",2026-08-11,verified_against_current_official_source
STARK-item-T3RJKW3E,STAR-K,Beer,Corona,Light,Approved,OK,True,,no_evidence,False,True,False,False,,STAR-K approves this beer and records it as Certified By OK.,https://www.star-k.org/resource/list/W56J90P5/all_liquor#item-T3RJKW3E,"STAR-K all_liquor listing, item block item-T3RJKW3E (imported row index 779)",2026-08-11,verified_against_current_official_source
STARK-item-UCOCZYV7,STAR-K,Beer,Coronita,Cerveza,Approved,OK,True,,no_evidence,False,True,False,False,,STAR-K approves this beer and records it as Certified By OK.,https://www.star-k.org/resource/list/W56J90P5/all_liquor#item-UCOCZYV7,"STAR-K all_liquor listing, item block item-UCOCZYV7 (imported row index 780)",2026-08-11,verified_against_current_official_source
STARK-item-WMM7E1PY,STAR-K,Beer,Coronita,Extra,Approved,OK,True,,no_evidence,False,True,False,False,,STAR-K approves this beer and records it as Certified By OK.,https://www.star-k.org/resource/list/W56J90P5/all_liquor#item-WMM7E1PY,"STAR-K all_liquor listing, item block item-WMM7E1PY (imported row index 781)",2026-08-11,verified_against_current_official_source
STARK-item-XWKZT3JQ,STAR-K,Beer,Darguner,Bockbier Dunkel 7%,Approved,KF,True,,no_evidence,False,True,False,False,,STAR-K approves this beer and records it as Certified By KF.,https://www.star-k.org/resource/list/W56J90P5/all_liquor#item-XWKZT3JQ,"STAR-K all_liquor listing, item block item-XWKZT3JQ (imported row index 809)",2026-08-11,verified_against_current_official_source
STARK-item-Y7IS94DI,STAR-K,Beer,Darguner,Darguner Weissbeer 5.1%,Approved,KF,True,,no_evidence,False,True,False,False,,STAR-K approves this beer and records it as Certified By KF.,https://www.star-k.org/resource/list/W56J90P5/all_liquor#item-Y7IS94DI,"STAR-K all_liquor listing, item block item-Y7IS94DI (imported row index 810)",2026-08-11,verified_against_current_official_source
STARK-item-1GGMN67A,STAR-K,Beer,Darguner,Dunkel 5.2%,Approved,KF,True,,no_evidence,False,True,False,False,,STAR-K approves this beer and records it as Certified By KF.,https://www.star-k.org/resource/list/W56J90P5/all_liquor#item-1GGMN67A,"STAR-K all_liquor listing, item block item-1GGMN67A (imported row index 811)",2026-08-11,verified_against_current_official_source
STARK-item-2QEF3813,STAR-K,Beer,Darguner,Ernte Beer 4.9%,Approved,KF,True,,no_evidence,False,True,False,False,,STAR-K approves this beer and records it as Certified By KF.,https://www.star-k.org/resource/list/W56J90P5/all_liquor#item-2QEF3813,"STAR-K all_liquor listing, item block item-2QEF3813 (imported row index 812)",2026-08-11,verified_against_current_official_source
STARK-item-3ZB0H0UU,STAR-K,Beer,Darguner,Export 5.2%,Approved,KF,True,,no_evidence,False,True,False,False,,STAR-K approves this beer and records it as Certified By KF.,https://www.star-k.org/resource/list/W56J90P5/all_liquor#item-3ZB0H0UU,"STAR-K all_liquor listing, item block item-3ZB0H0UU (imported row index 813)",2026-08-11,verified_against_current_official_source
STARK-item-RNGAHISM,STAR-K,Beer,Darguner,Extra Strong 12%,Approved,KF,True,,no_evidence,False,True,False,False,,STAR-K approves this beer and records it as Certified By KF.,https://www.star-k.org/resource/list/W56J90P5/all_liquor#item-RNGAHISM,"STAR-K all_liquor listing, item block item-RNGAHISM (imported row index 814)",2026-08-11,verified_against_current_official_source
STARK-item-SXE4WKME,STAR-K,Beer,Darguner,Hell 4.9%,Approved,KF,True,,no_evidence,False,True,False,False,,STAR-K approves this beer and records it as Certified By KF.,https://www.star-k.org/resource/list/W56J90P5/all_liquor#item-SXE4WKME,"STAR-K all_liquor listing, item block item-SXE4WKME (imported row index 815)",2026-08-11,verified_against_current_official_source
STARK-item-T7CWBMF7,STAR-K,Beer,Darguner,Maibock Hell 7.5%,Approved,KF,True,,no_evidence,False,True,False,False,,STAR-K approves this beer and records it as Certified By KF.,https://www.star-k.org/resource/list/W56J90P5/all_liquor#item-T7CWBMF7,"STAR-K all_liquor listing, item block item-T7CWBMF7 (imported row index 816)",2026-08-11,verified_against_current_official_source
STARK-item-VGAQQN0Y,STAR-K,Beer,Darguner,Oktober-beer 4.9%,Approved,KF,True,,no_evidence,False,True,False,False,,STAR-K approves this beer and records it as Certified By KF.,https://www.star-k.org/resource/list/W56J90P5/all_liquor#item-VGAQQN0Y,"STAR-K all_liquor listing, item block item-VGAQQN0Y (imported row index 817)",2026-08-11,verified_against_current_official_source
STARK-item-WQ9J6P4Q,STAR-K,Beer,Darguner,Osterbeer 5.6%,Approved,KF,True,,no_evidence,False,True,False,False,,STAR-K approves this beer and records it as Certified By KF.,https://www.star-k.org/resource/list/W56J90P5/all_liquor#item-WQ9J6P4Q,"STAR-K all_liquor listing, item block item-WQ9J6P4Q (imported row index 818)",2026-08-11,verified_against_current_official_source
STARK-item-X16DKRXI,STAR-K,Beer,Darguner,Pilsener 5%,Approved,KF,True,,no_evidence,False,True,False,False,,STAR-K approves this beer and records it as Certified By KF.,https://www.star-k.org/resource/list/W56J90P5/all_liquor#item-X16DKRXI,"STAR-K all_liquor listing, item block item-X16DKRXI (imported row index 819)",2026-08-11,verified_against_current_official_source
STARK-item-YA47ZTQA,STAR-K,Beer,De Koninck,"Lost In Spice, Bottle/Keg (Belgium)",Approved,KF Belgium,True,,no_evidence,False,True,False,False,,STAR-K approves this beer and records it as Certified By KF.,https://www.star-k.org/resource/list/W56J90P5/all_liquor#item-YA47ZTQA,"STAR-K all_liquor listing, item block item-YA47ZTQA (imported row index 821)",2026-08-11,verified_against_current_official_source
STARK-item-1K21EVK3,STAR-K,Beer,De Koninck,"Tripel d'Anvers, Bottle/Keg (Belgium)",Approved,KF Belgium,True,,no_evidence,False,True,False,False,,STAR-K approves this beer and records it as Certified By KF.,https://www.star-k.org/resource/list/W56J90P5/all_liquor#item-1K21EVK3,"STAR-K all_liquor listing, item block item-1K21EVK3 (imported row index 822)",2026-08-11,verified_against_current_official_source
STARK-item-2UZTTXEU,STAR-K,Beer,De Koninck,"Wild Jo, Bottle/Keg (Belgium)",Approved,KF Belgium,True,,no_evidence,False,True,False,False,,STAR-K approves this beer and records it as Certified By KF.,https://www.star-k.org/resource/list/W56J90P5/all_liquor#item-2UZTTXEU,"STAR-K all_liquor listing, item block item-2UZTTXEU (imported row index 823)",2026-08-11,verified_against_current_official_source
STARK-item-35XM9Y9M,STAR-K,Beer,De Koninck,"Winter Beer, Bottle/Keg (Belgium)",Approved,KF Belgium,True,,no_evidence,False,True,False,False,,STAR-K approves this beer and records it as Certified By KF.,https://www.star-k.org/resource/list/W56J90P5/all_liquor#item-35XM9Y9M,"STAR-K all_liquor listing, item block item-35XM9Y9M (imported row index 824)",2026-08-11,verified_against_current_official_source
STARK-item-S21HM0Z7,STAR-K,Beer,Deschutes,Fresh Haze Non-Alcoholic IPA,Approved,STAR-K,True,,no_evidence,False,True,False,False,,STAR-K approves this beer and records it as Certified By STAR-K.,https://www.star-k.org/resource/list/W56J90P5/all_liquor#item-S21HM0Z7,"STAR-K all_liquor listing, item block item-S21HM0Z7 (imported row index 831)",2026-08-11,verified_against_current_official_source
STARK-item-TBXA2BTY,STAR-K,Beer,"Deschutes Brewery, Inc",Black Butte Non-Alcoholic,Approved,STAR-K,True,,no_evidence,False,True,False,False,,STAR-K approves this beer and records it as Certified By STAR-K.,https://www.star-k.org/resource/list/W56J90P5/all_liquor#item-TBXA2BTY,"STAR-K all_liquor listing, item block item-TBXA2BTY (imported row index 832)",2026-08-11,verified_against_current_official_source
STARK-item-VLV5GDNQ,STAR-K,Beer,"Deschutes Brewery, Inc",Black Butte Porter,Approved,STAR-K,True,,no_evidence,False,True,False,False,,STAR-K approves this beer and records it as Certified By STAR-K.,https://www.star-k.org/resource/list/W56J90P5/all_liquor#item-VLV5GDNQ,"STAR-K all_liquor listing, item block item-VLV5GDNQ (imported row index 833)",2026-08-11,verified_against_current_official_source
STARK-item-WVTXWFHI,STAR-K,Beer,"Deschutes Brewery, Inc",Chasin' Freshies,Approved,STAR-K,True,,no_evidence,False,True,False,False,,STAR-K approves this beer and records it as Certified By STAR-K.,https://www.star-k.org/resource/list/W56J90P5/all_liquor#item-WVTXWFHI,"STAR-K all_liquor listing, item block item-WVTXWFHI (imported row index 834)",2026-08-11,verified_against_current_official_source
STARK-item-X6RQBGAA,STAR-K,Beer,"Deschutes Brewery, Inc",Citrus Dive IPA,Approved,STAR-K,True,,no_evidence,False,True,False,False,,STAR-K approves this beer and records it as Certified By STAR-K.,https://www.star-k.org/resource/list/W56J90P5/all_liquor#item-X6RQBGAA,"STAR-K all_liquor listing, item block item-X6RQBGAA (imported row index 835)",2026-08-11,verified_against_current_official_source
STARK-item-ZFPKQI53,STAR-K,Beer,"Deschutes Brewery, Inc",Farmstand Fresh IPA,Approved,STAR-K,True,,no_evidence,False,True,False,False,,STAR-K approves this beer and records it as Certified By STAR-K.,https://www.star-k.org/resource/list/W56J90P5/all_liquor#item-ZFPKQI53,"STAR-K all_liquor listing, item block item-ZFPKQI53 (imported row index 836)",2026-08-11,verified_against_current_official_source
STARK-item-1PMD6KYU,STAR-K,Beer,"Deschutes Brewery, Inc",Fresh Haze IPA,Approved,STAR-K,True,,no_evidence,False,True,False,False,,STAR-K approves this beer and records it as Certified By STAR-K.,https://www.star-k.org/resource/list/W56J90P5/all_liquor#item-1PMD6KYU,"STAR-K all_liquor listing, item block item-1PMD6KYU (imported row index 837)",2026-08-11,verified_against_current_official_source
STARK-item-2ZK8KMSM,STAR-K,Beer,"Deschutes Brewery, Inc",Fresh Squeezed IPA,Approved,STAR-K,True,,no_evidence,False,True,False,False,,STAR-K approves this beer and records it as Certified By STAR-K.,https://www.star-k.org/resource/list/W56J90P5/all_liquor#item-2ZK8KMSM,"STAR-K all_liquor listing, item block item-2ZK8KMSM (imported row index 838)",2026-08-11,verified_against_current_official_source
STARK-item-30I1ZOME,STAR-K,Beer,"Deschutes Brewery, Inc",Fresh Squeezed IPA Non-Alcoholic,Approved,STAR-K,True,,no_evidence,False,True,False,False,,STAR-K approves this beer and records it as Certified By STAR-K.,https://www.star-k.org/resource/list/W56J90P5/all_liquor#item-30I1ZOME,"STAR-K all_liquor listing, item block item-30I1ZOME (imported row index 839)",2026-08-11,verified_against_current_official_source
STARK-item-RWN2YXJ7,STAR-K,Beer,"Deschutes Brewery, Inc",Grower Direct IPA,Approved,STAR-K,True,,no_evidence,False,True,False,False,,STAR-K approves this beer and records it as Certified By STAR-K.,https://www.star-k.org/resource/list/W56J90P5/all_liquor#item-RWN2YXJ7,"STAR-K all_liquor listing, item block item-RWN2YXJ7 (imported row index 840)",2026-08-11,verified_against_current_official_source
STARK-item-S7LUDYDY,STAR-K,Beer,"Deschutes Brewery, Inc",Hazetron,Approved,STAR-K,True,,no_evidence,False,True,False,False,,STAR-K approves this beer and records it as Certified By STAR-K.,https://www.star-k.org/resource/list/W56J90P5/all_liquor#item-S7LUDYDY,"STAR-K all_liquor listing, item block item-S7LUDYDY (imported row index 841)",2026-08-11,verified_against_current_official_source
STARK-item-UGJOS18Q,STAR-K,Beer,"Deschutes Brewery, Inc",Jubelale,Approved,STAR-K,True,,no_evidence,False,True,False,False,,STAR-K approves this beer and records it as Certified By STAR-K.,https://www.star-k.org/resource/list/W56J90P5/all_liquor#item-UGJOS18Q,"STAR-K all_liquor listing, item block item-UGJOS18Q (imported row index 842)",2026-08-11,verified_against_current_official_source
STARK-item-VQHH832I,STAR-K,Beer,"Deschutes Brewery, Inc",King Crispy,Approved,STAR-K,True,,no_evidence,False,True,False,False,,STAR-K approves this beer and records it as Certified By STAR-K.,https://www.star-k.org/resource/list/W56J90P5/all_liquor#item-VQHH832I,"STAR-K all_liquor listing, item block item-VQHH832I (imported row index 843)",2026-08-11,verified_against_current_official_source
STARK-item-W1EBM5UA,STAR-K,Beer,"Deschutes Brewery, Inc",Mirror Pond Pale Ale,Approved,STAR-K,True,,no_evidence,False,True,False,False,,STAR-K approves this beer and records it as Certified By STAR-K.,https://www.star-k.org/resource/list/W56J90P5/all_liquor#item-W1EBM5UA,"STAR-K all_liquor listing, item block item-W1EBM5UA (imported row index 844)",2026-08-11,verified_against_current_official_source
STARK-item-X0C527O3,STAR-K,Beer,"Deschutes Brewery, Inc",Obsidian Stout,Approved,STAR-K,True,,no_evidence,False,True,False,False,,STAR-K approves this beer and records it as Certified By STAR-K.,https://www.star-k.org/resource/list/W56J90P5/all_liquor#item-X0C527O3,"STAR-K all_liquor listing, item block item-X0C527O3 (imported row index 845)",2026-08-11,verified_against_current_official_source
STARK-item-3D5EPDZ7,STAR-K,Beer,"Deschutes Brewery, Inc",RPM,Approved,STAR-K,True,,no_evidence,False,True,False,False,,STAR-K approves this beer and records it as Certified By STAR-K.,https://www.star-k.org/resource/list/W56J90P5/all_liquor#item-3D5EPDZ7,"STAR-K all_liquor listing, item block item-3D5EPDZ7 (imported row index 846)",2026-08-11,verified_against_current_official_source
STARK-item-ZJAYG9IU,STAR-K,Beer,"Deschutes Brewery, Inc",Raspberry Black Butte Porter,Approved,STAR-K,True,,no_evidence,False,True,False,False,,STAR-K approves this beer and records it as Certified By STAR-K.,https://www.star-k.org/resource/list/W56J90P5/all_liquor#item-ZJAYG9IU,"STAR-K all_liquor listing, item block item-ZJAYG9IU (imported row index 847)",2026-08-11,verified_against_current_official_source
STARK-item-1T9RV0CM,STAR-K,Beer,"Deschutes Brewery, Inc",Red Chair,Approved,STAR-K,True,,no_evidence,False,True,False,False,,STAR-K approves this beer and records it as Certified By STAR-K.,https://www.star-k.org/resource/list/W56J90P5/all_liquor#item-1T9RV0CM,"STAR-K all_liquor listing, item block item-1T9RV0CM (imported row index 848)",2026-08-11,verified_against_current_official_source
STARK-item-247KAB7E,STAR-K,Beer,"Deschutes Brewery, Inc",Royal Fresh,Approved,STAR-K,True,,no_evidence,False,True,False,False,,STAR-K approves this beer and records it as Certified By STAR-K.,https://www.star-k.org/resource/list/W56J90P5/all_liquor#item-247KAB7E,"STAR-K all_liquor listing, item block item-247KAB7E (imported row index 849)",2026-08-11,verified_against_current_official_source
STARK-item-R10FPMXY,STAR-K,Beer,"Deschutes Brewery, Inc",Squeezy Rider,Approved,STAR-K,True,,no_evidence,False,True,False,False,,STAR-K approves this beer and records it as Certified By STAR-K.,https://www.star-k.org/resource/list/W56J90P5/all_liquor#item-R10FPMXY,"STAR-K all_liquor listing, item block item-R10FPMXY (imported row index 850)",2026-08-11,verified_against_current_official_source
STARK-item-SA795ORQ,STAR-K,Beer,"Deschutes Brewery, Inc",Sunny Citra IPA,Approved,STAR-K,True,,no_evidence,False,True,False,False,,STAR-K approves this beer and records it as Certified By STAR-K.,https://www.star-k.org/resource/list/W56J90P5/all_liquor#item-SA795ORQ,"STAR-K all_liquor listing, item block item-SA795ORQ (imported row index 851)",2026-08-11,verified_against_current_official_source
STARK-item-UK53JQLI,STAR-K,Beer,"Deschutes Brewery, Inc",Super Stoked Non-Alcoholic Golden Brew,Approved,STAR-K,True,,no_evidence,False,True,False,False,,STAR-K approves this beer and records it as Certified By STAR-K.,https://www.star-k.org/resource/list/W56J90P5/all_liquor#item-UK53JQLI,"STAR-K all_liquor listing, item block item-UK53JQLI (imported row index 852)",2026-08-11,verified_against_current_official_source
STARK-item-VU3VYSEA,STAR-K,Beer,"Deschutes Brewery, Inc",Symphonic Chronic,Approved,STAR-K,True,,no_evidence,False,True,False,False,,STAR-K approves this beer and records it as Certified By STAR-K.,https://www.star-k.org/resource/list/W56J90P5/all_liquor#item-VU3VYSEA,"STAR-K all_liquor listing, item block item-VU3VYSEA (imported row index 853)",2026-08-11,verified_against_current_official_source
STARK-item-W51ODT93,STAR-K,Beer,"Deschutes Brewery, Inc",Tropical Fresh IPA,Approved,STAR-K,True,,no_evidence,False,True,False,False,,STAR-K approves this beer and records it as Certified By STAR-K.,https://www.star-k.org/resource/list/W56J90P5/all_liquor#item-W51ODT93,"STAR-K all_liquor listing, item block item-W51ODT93 (imported row index 854)",2026-08-11,verified_against_current_official_source
STARK-item-YEYISV3U,STAR-K,Beer,"Deschutes Brewery, Inc",Twilight,Approved,STAR-K,True,,no_evidence,False,True,False,False,,STAR-K approves this beer and records it as Certified By STAR-K.,https://www.star-k.org/resource/list/W56J90P5/all_liquor#item-YEYISV3U,"STAR-K all_liquor listing, item block item-YEYISV3U (imported row index 855)",2026-08-11,verified_against_current_official_source
STARK-item-ZOVB8XWM,STAR-K,Beer,"Deschutes Brewery, Inc",Wowza Lo-Cal Hazy Pale Ale,Approved,STAR-K,True,,no_evidence,False,True,False,False,,STAR-K approves this beer and records it as Certified By STAR-K.,https://www.star-k.org/resource/list/W56J90P5/all_liquor#item-ZOVB8XWM,"STAR-K all_liquor listing, item block item-ZOVB8XWM (imported row index 856)",2026-08-11,verified_against_current_official_source
STARK-item-1YT6MZQE,STAR-K,Beer,Duvel,"Barrel Aged, Bottle/Keg (Belgium)",Approved,KF Belgium,True,,no_evidence,False,True,False,False,,STAR-K approves this beer and records it as Certified By KF.,https://www.star-k.org/resource/list/W56J90P5/all_liquor#item-1YT6MZQE,"STAR-K all_liquor listing, item block item-1YT6MZQE (imported row index 920)",2026-08-11,verified_against_current_official_source
STARK-item-29RY22J7,STAR-K,Beer,Duvel,Bottle/Keg (Belgium),Approved,KF Belgium,True,,no_evidence,False,True,False,False,,STAR-K approves this beer and records it as Certified By KF.,https://www.star-k.org/resource/list/W56J90P5/all_liquor#item-29RY22J7,"STAR-K all_liquor listing, item block item-29RY22J7 (imported row index 921)",2026-08-11,verified_against_current_official_source
STARK-item-4IPSG3DY,STAR-K,Beer,Duvel,"Magritte, Bottle/Keg (Belgium)",Approved,KF Belgium,True,,no_evidence,False,True,False,False,,STAR-K approves this beer and records it as Certified By KF.,https://www.star-k.org/resource/list/W56J90P5/all_liquor#item-4IPSG3DY,"STAR-K all_liquor listing, item block item-4IPSG3DY (imported row index 922)",2026-08-11,verified_against_current_official_source
STARK-item-R6UTFBBQ,STAR-K,Beer,Duvel,"Single/Green, Bottle/Keg (Belgium)",Approved,KF Belgium,True,,no_evidence,False,True,False,False,,STAR-K approves this beer and records it as Certified By KF.,https://www.star-k.org/resource/list/W56J90P5/all_liquor#item-R6UTFBBQ,"STAR-K all_liquor listing, item block item-R6UTFBBQ (imported row index 923)",2026-08-11,verified_against_current_official_source
STARK-item-TFSMUD6I,STAR-K,Beer,Duvel,"Tripel Hop, Bottle/Keg (Belgium)",Approved,KF Belgium,True,,no_evidence,False,True,False,False,,STAR-K approves this beer and records it as Certified By KF.,https://www.star-k.org/resource/list/W56J90P5/all_liquor#item-TFSMUD6I,"STAR-K all_liquor listing, item block item-TFSMUD6I (imported row index 924)",2026-08-11,verified_against_current_official_source
STARK-item-VZN0PHS3,STAR-K,Beer,Foster's,Lager,Approved,OU,True,,no_evidence,False,True,False,False,,STAR-K approves this beer and records it as Certified By OU.,https://www.star-k.org/resource/list/W56J90P5/all_liquor#item-VZN0PHS3,"STAR-K all_liquor listing, item block item-VZN0PHS3 (imported row index 965)",2026-08-11,verified_against_current_official_source
STARK-item-W0L35JMU,STAR-K,Beer,Foster's,Lager,Approved,OU,True,,no_evidence,False,True,False,False,,STAR-K approves this beer and records it as Certified By OU.,https://www.star-k.org/resource/list/W56J90P5/all_liquor#item-W0L35JMU,"STAR-K all_liquor listing, item block item-W0L35JMU (imported row index 966)",2026-08-11,verified_against_current_official_source
STARK-item-YJJWJLGM,STAR-K,Beer,Foster's,Premium,Approved,OU,True,,no_evidence,False,True,False,False,,STAR-K approves this beer and records it as Certified By OU.,https://www.star-k.org/resource/list/W56J90P5/all_liquor#item-YJJWJLGM,"STAR-K all_liquor listing, item block item-YJJWJLGM (imported row index 967)",2026-08-11,verified_against_current_official_source
STARK-item-ZTHPYMAE,STAR-K,Beer,Foster's,Premium Ale,Approved,OU,True,,no_evidence,False,True,False,False,,STAR-K approves this beer and records it as Certified By OU.,https://www.star-k.org/resource/list/W56J90P5/all_liquor#item-ZTHPYMAE,"STAR-K all_liquor listing, item block item-ZTHPYMAE (imported row index 968)",2026-08-11,verified_against_current_official_source
STARK-item-14FIDO47,STAR-K,Beer,George Killian's,Irish Red Lager,Approved,OU,True,,no_evidence,False,True,False,False,,STAR-K approves this beer and records it as Certified By OU.,https://www.star-k.org/resource/list/W56J90P5/all_liquor#item-14FIDO47,"STAR-K all_liquor listing, item block item-14FIDO47 (imported row index 974)",2026-08-11,verified_against_current_official_source
STARK-item-2CCCSQXY,STAR-K,Beer,Gluten-Free Lager Beer,Gluten-Free Lager Beer,Approved,OK,True,,no_evidence,False,True,False,False,,STAR-K approves this beer and records it as Certified By OK.,https://www.star-k.org/resource/list/W56J90P5/all_liquor#item-2CCCSQXY,"STAR-K all_liquor listing, item block item-2CCCSQXY (imported row index 1092)",2026-08-11,verified_against_current_official_source
STARK-item-4MA68SRQ,STAR-K,Beer,Goldstar,Beer,Approved,OU,True,,no_evidence,False,True,False,False,,STAR-K approves this beer and records it as Certified By OU.,https://www.star-k.org/resource/list/W56J90P5/all_liquor#item-4MA68SRQ,"STAR-K all_liquor listing, item block item-4MA68SRQ (imported row index 1097)",2026-08-11,verified_against_current_official_source
STARK-item-279DBK0I,STAR-K,Beer,Goslings,Black Seal Rum,Approved,,False,false,no_evidence,False,True,False,False,"Not acceptable when labeled with the words ""Sherry, Port, Cognac, Madeira, Oloroso, Sauterne, Shiraz, Dual-Cask Finish, or Double-Matured.""","STAR-K approves this beer without requiring a kosher symbol on the package. Condition recorded by STAR-K: Not acceptable when labeled with the words ""Sherry, Port, Cognac, Madeira, Oloroso, Sauterne, Shiraz, Dual-Cask Finish, or Double-Matured.""",https://www.star-k.org/resource/list/W56J90P5/all_liquor#item-279DBK0I,"STAR-K all_liquor listing, item block item-279DBK0I (imported row index 1105)",2026-08-11,verified_against_current_official_source
STARK-item-RAF772PI,STAR-K,Beer,Guinness,Beer - Ireland,Approved,KF,True,,no_evidence,False,True,False,False,,STAR-K approves this beer and records it as Certified By KF.,https://www.star-k.org/resource/list/W56J90P5/all_liquor#item-RAF772PI,"STAR-K all_liquor listing, item block item-RAF772PI (imported row index 1119)",2026-08-11,verified_against_current_official_source
STARK-item-TJD1L4IA,STAR-K,Beer,Guinness,Draught - Ireland,Approved,KF,True,,no_evidence,False,True,False,False,,STAR-K approves this beer and records it as Certified By KF.,https://www.star-k.org/resource/list/W56J90P5/all_liquor#item-TJD1L4IA,"STAR-K all_liquor listing, item block item-TJD1L4IA (imported row index 1120)",2026-08-11,verified_against_current_official_source
STARK-item-UTBT15C3,STAR-K,Beer,Guinness,Extra Stout - Ireland,Approved,KF,True,,no_evidence,False,True,False,False,,STAR-K approves this beer and records it as Certified By KF.,https://www.star-k.org/resource/list/W56J90P5/all_liquor#item-UTBT15C3,"STAR-K all_liquor listing, item block item-UTBT15C3 (imported row index 1121)",2026-08-11,verified_against_current_official_source
STARK-item-V40NF77U,STAR-K,Beer,Guinness,Micro Draught - Ireland,Approved,KF,True,,no_evidence,False,True,False,False,,STAR-K approves this beer and records it as Certified By KF.,https://www.star-k.org/resource/list/W56J90P5/all_liquor#item-V40NF77U,"STAR-K all_liquor listing, item block item-V40NF77U (imported row index 1122)",2026-08-11,verified_against_current_official_source
STARK-item-WD8GU91M,STAR-K,Beer,Hamm's,3.2% Beer,Approved,OU,True,,no_evidence,False,True,False,False,,STAR-K approves this beer and records it as Certified By OU.,https://www.star-k.org/resource/list/W56J90P5/all_liquor#item-WD8GU91M,"STAR-K all_liquor listing, item block item-WD8GU91M (imported row index 1129)",2026-08-11,verified_against_current_official_source
STARK-item-YN500AUE,STAR-K,Beer,Hamm's,Beer,Approved,OU,True,,no_evidence,False,True,False,False,,STAR-K approves this beer and records it as Certified By OU.,https://www.star-k.org/resource/list/W56J90P5/all_liquor#item-YN500AUE,"STAR-K all_liquor listing, item block item-YN500AUE (imported row index 1130)",2026-08-11,verified_against_current_official_source
STARK-item-ZX34OCN7,STAR-K,Beer,Hamm's,Genuine Draft Beer,Approved,OU,True,,no_evidence,False,True,False,False,,STAR-K approves this beer and records it as Certified By OU.,https://www.star-k.org/resource/list/W56J90P5/all_liquor#item-ZX34OCN7,"STAR-K all_liquor listing, item block item-ZX34OCN7 (imported row index 1131)",2026-08-11,verified_against_current_official_source
STARK-item-181W5EHY,STAR-K,Beer,Hamm's,Non-Alcoholic Beer,Approved,OU,True,,no_evidence,False,True,False,False,,STAR-K approves this beer and records it as Certified By OU.,https://www.star-k.org/resource/list/W56J90P5/all_liquor#item-181W5EHY,"STAR-K all_liquor listing, item block item-181W5EHY (imported row index 1132)",2026-08-11,verified_against_current_official_source
STARK-item-3HYQJFBQ,STAR-K,Beer,Hamm's,Special Light Beer,Approved,OU,True,,no_evidence,False,True,False,False,,STAR-K approves this beer and records it as Certified By OU.,https://www.star-k.org/resource/list/W56J90P5/all_liquor#item-3HYQJFBQ,"STAR-K all_liquor listing, item block item-3HYQJFBQ (imported row index 1133)",2026-08-11,verified_against_current_official_source
STARK-item-4RWJYH6I,STAR-K,Beer,Harboe,Dark 5.2%,Approved,KF,True,,no_evidence,False,True,False,False,,STAR-K approves this beer and records it as Certified By KF.,https://www.star-k.org/resource/list/W56J90P5/all_liquor#item-4RWJYH6I,"STAR-K all_liquor listing, item block item-4RWJYH6I (imported row index 1139)",2026-08-11,verified_against_current_official_source
STARK-item-SE2KXQ3A,STAR-K,Beer,Harboe,Extra Strong 12%,Approved,KF,True,,no_evidence,False,True,False,False,,STAR-K approves this beer and records it as Certified By KF.,https://www.star-k.org/resource/list/W56J90P5/all_liquor#item-SE2KXQ3A,"STAR-K all_liquor listing, item block item-SE2KXQ3A (imported row index 1140)",2026-08-11,verified_against_current_official_source
STARK-item-TOYDCSW3,STAR-K,Beer,Harboe,Gold 5.9%,Approved,KF,True,,no_evidence,False,True,False,False,,STAR-K approves this beer and records it as Certified By KF.,https://www.star-k.org/resource/list/W56J90P5/all_liquor#item-TOYDCSW3,"STAR-K all_liquor listing, item block item-TOYDCSW3 (imported row index 1141)",2026-08-11,verified_against_current_official_source
STARK-item-UYW8RUQU,STAR-K,Beer,Harboe,Pilsener 4.6%,Approved,KF,True,,no_evidence,False,True,False,False,,STAR-K approves this beer and records it as Certified By KF.,https://www.star-k.org/resource/list/W56J90P5/all_liquor#item-UYW8RUQU,"STAR-K all_liquor listing, item block item-UYW8RUQU (imported row index 1142)",2026-08-11,verified_against_current_official_source
STARK-item-V9U17WKM,STAR-K,Beer,Harboe,Pilsener 5%,Approved,KF,True,,no_evidence,False,True,False,False,,STAR-K approves this beer and records it as Certified By KF.,https://www.star-k.org/resource/list/W56J90P5/all_liquor#item-V9U17WKM,"STAR-K all_liquor listing, item block item-V9U17WKM (imported row index 1143)",2026-08-11,verified_against_current_official_source
STARK-item-XISULYEE,STAR-K,Beer,Harboe,Wheat Beer 5%,Approved,KF,True,,no_evidence,False,True,False,False,,STAR-K approves this beer and records it as Certified By KF.,https://www.star-k.org/resource/list/W56J90P5/all_liquor#item-XISULYEE,"STAR-K all_liquor listing, item block item-XISULYEE (imported row index 1144)",2026-08-11,verified_against_current_official_source
STARK-item-Z3OHF22Y,STAR-K,Beer,Heineken,Heineken,Approved,,False,false,no_evidence,False,True,False,False,,STAR-K approves this beer without requiring a kosher symbol on the package.,https://www.star-k.org/resource/list/W56J90P5/all_liquor#item-Z3OHF22Y,"STAR-K all_liquor listing, item block item-Z3OHF22Y (imported row index 1150)",2026-08-11,verified_against_current_official_source
STARK-item-4WHXO8IA,STAR-K,Beer,Herman Joseph's,Private Reserve Beer,Approved,OU,True,,no_evidence,False,True,False,False,,STAR-K approves this beer and records it as Certified By OU.,https://www.star-k.org/resource/list/W56J90P5/all_liquor#item-4WHXO8IA,"STAR-K all_liquor listing, item block item-4WHXO8IA (imported row index 1160)",2026-08-11,verified_against_current_official_source
STARK-item-U4Y5V13E,STAR-K,Beer,Hirschfeld Original,APA,Approved,OK,True,,no_evidence,False,True,False,False,,STAR-K approves this beer and records it as Certified By OK.,https://www.star-k.org/resource/list/W56J90P5/all_liquor#item-U4Y5V13E,"STAR-K all_liquor listing, item block item-U4Y5V13E (imported row index 1184)",2026-08-11,verified_against_current_official_source
STARK-item-Q06OMVK3,STAR-K,Beer,Hirschfeld Original,Alcohol-Free,Approved,OK,True,,no_evidence,False,True,False,False,,STAR-K approves this beer and records it as Certified By OK.,https://www.star-k.org/resource/list/W56J90P5/all_liquor#item-Q06OMVK3,"STAR-K all_liquor listing, item block item-Q06OMVK3 (imported row index 1185)",2026-08-11,verified_against_current_official_source
STARK-item-SJ4H2XEU,STAR-K,Beer,Hirschfeld Original,Amber,Approved,OK,True,,no_evidence,False,True,False,False,,STAR-K approves this beer and records it as Certified By OK.,https://www.star-k.org/resource/list/W56J90P5/all_liquor#item-SJ4H2XEU,"STAR-K all_liquor listing, item block item-SJ4H2XEU (imported row index 1186)",2026-08-11,verified_against_current_official_source
STARK-item-TT1BGY9M,STAR-K,Beer,Hirschfeld Original,Amber Gluten-Free,Approved,OK,True,,no_evidence,False,True,False,False,,STAR-K approves this beer and records it as Certified By OK.,https://www.star-k.org/resource/list/W56J90P5/all_liquor#item-TT1BGY9M,"STAR-K all_liquor listing, item block item-TT1BGY9M (imported row index 1187)",2026-08-11,verified_against_current_official_source
STARK-item-VDWXA3V7,STAR-K,Beer,Hirschfeld Original,Bock,Approved,OK,True,,no_evidence,False,True,False,False,,STAR-K approves this beer and records it as Certified By OK.,https://www.star-k.org/resource/list/W56J90P5/all_liquor#item-VDWXA3V7,"STAR-K all_liquor listing, item block item-VDWXA3V7 (imported row index 1188)",2026-08-11,verified_against_current_official_source
STARK-item-XNURP5PY,STAR-K,Beer,Hirschfeld Original,Gold,Approved,OK,True,,no_evidence,False,True,False,False,,STAR-K approves this beer and records it as Certified By OK.,https://www.star-k.org/resource/list/W56J90P5/all_liquor#item-XNURP5PY,"STAR-K all_liquor listing, item block item-XNURP5PY (imported row index 1189)",2026-08-11,verified_against_current_official_source
STARK-item-YXSK57JQ,STAR-K,Beer,Hirschfeld Original,IPA,Approved,OK,True,,no_evidence,False,True,False,False,,STAR-K approves this beer and records it as Certified By OK.,https://www.star-k.org/resource/list/W56J90P5/all_liquor#item-YXSK57JQ,"STAR-K all_liquor listing, item block item-YXSK57JQ (imported row index 1190)",2026-08-11,verified_against_current_official_source
STARK-item-Z8QEJ8DI,STAR-K,Beer,Hirschfeld Original,Pale Ale,Approved,OK,True,,no_evidence,False,True,False,False,,STAR-K approves this beer and records it as Certified By OK.,https://www.star-k.org/resource/list/W56J90P5/all_liquor#item-Z8QEJ8DI,"STAR-K all_liquor listing, item block item-Z8QEJ8DI (imported row index 1191)",2026-08-11,verified_against_current_official_source
STARK-item-2HN8Y07A,STAR-K,Beer,Hirschfeld Original,Porter,Approved,OK,True,,no_evidence,False,True,False,False,,STAR-K approves this beer and records it as Certified By OK.,https://www.star-k.org/resource/list/W56J90P5/all_liquor#item-2HN8Y07A,"STAR-K all_liquor listing, item block item-2HN8Y07A (imported row index 1192)",2026-08-11,verified_against_current_official_source
STARK-item-3RL1DB13,STAR-K,Beer,Hirschfeld Original,Stout,Approved,OK,True,,no_evidence,False,True,False,False,,STAR-K approves this beer and records it as Certified By OK.,https://www.star-k.org/resource/list/W56J90P5/all_liquor#item-3RL1DB13,"STAR-K all_liquor listing, item block item-3RL1DB13 (imported row index 1193)",2026-08-11,verified_against_current_official_source
STARK-item-REQ2DKYU,STAR-K,Beer,Hirschfeld Original,Weissbier,Approved,OK,True,,no_evidence,False,True,False,False,,STAR-K approves this beer and records it as Certified By OK.,https://www.star-k.org/resource/list/W56J90P5/all_liquor#item-REQ2DKYU,"STAR-K all_liquor listing, item block item-REQ2DKYU (imported row index 1194)",2026-08-11,verified_against_current_official_source
STARK-item-SOOVSMSM,STAR-K,Beer,Hirschfeld Original,Weissbier Gluten-Free,Approved,OK,True,,no_evidence,False,True,False,False,,STAR-K approves this beer and records it as Certified By OK.,https://www.star-k.org/resource/list/W56J90P5/all_liquor#item-SOOVSMSM,"STAR-K all_liquor listing, item block item-SOOVSMSM (imported row index 1195)",2026-08-11,verified_against_current_official_source
STARK-item-TYMO8OME,STAR-K,Beer,Hirschfeld Original,Wheat,Approved,OK,True,,no_evidence,False,True,False,False,,STAR-K approves this beer and records it as Certified By OK.,https://www.star-k.org/resource/list/W56J90P5/all_liquor#item-TYMO8OME,"STAR-K all_liquor listing, item block item-TYMO8OME (imported row index 1196)",2026-08-11,verified_against_current_official_source
STARK-item-U9KIMQF7,STAR-K,Beer,Hirschfeld Original,Wheat Alcohol-Free,Approved,OK,True,,no_evidence,False,True,False,False,,STAR-K approves this beer and records it as Certified By OK.,https://www.star-k.org/resource/list/W56J90P5/all_liquor#item-U9KIMQF7,"STAR-K all_liquor listing, item block item-U9KIMQF7 (imported row index 1197)",2026-08-11,verified_against_current_official_source
STARK-item-WIHB2R0Y,STAR-K,Beer,Hirschfeld Original,Wheat Gluten-Free,Approved,OK,True,,no_evidence,False,True,False,False,,STAR-K approves this beer and records it as Certified By OK.,https://www.star-k.org/resource/list/W56J90P5/all_liquor#item-WIHB2R0Y,"STAR-K all_liquor listing, item block item-WIHB2R0Y (imported row index 1198)",2026-08-11,verified_against_current_official_source
STARK-item-XSF6GT4Q,STAR-K,Beer,Hirschfeld Original,Winter Bock,Approved,OK,True,,no_evidence,False,True,False,False,,STAR-K approves this beer and records it as Certified By OK.,https://www.star-k.org/resource/list/W56J90P5/all_liquor#item-XSF6GT4Q,"STAR-K all_liquor listing, item block item-XSF6GT4Q (imported row index 1199)",2026-08-11,verified_against_current_official_source
STARK-item-Y2DYVVXI,STAR-K,Beer,Hoegaarden,Forbidden Fruit (Belgium),Approved,KF Belgium,True,,no_evidence,False,True,False,False,,STAR-K approves this beer and records it as Certified By KF.,https://www.star-k.org/resource/list/W56J90P5/all_liquor#item-Y2DYVVXI,"STAR-K all_liquor listing, item block item-Y2DYVVXI (imported row index 1200)",2026-08-11,verified_against_current_official_source
STARK-item-ZBBRAXQA,STAR-K,Beer,Hoegaarden,Grand Cru (Belgium),Approved,KF Belgium,True,,no_evidence,False,True,False,False,,STAR-K approves this beer and records it as Certified By KF.,https://www.star-k.org/resource/list/W56J90P5/all_liquor#item-ZBBRAXQA,"STAR-K all_liquor listing, item block item-ZBBRAXQA (imported row index 1201)",2026-08-11,verified_against_current_official_source
STARK-item-2L0LPZK3,STAR-K,Beer,Hoegaarden,White (Belgium),Approved,KF Belgium,True,,no_evidence,False,True,False,False,,STAR-K approves this beer and records it as Certified By KF.,https://www.star-k.org/resource/list/W56J90P5/all_liquor#item-2L0LPZK3,"STAR-K all_liquor listing, item block item-2L0LPZK3 (imported row index 1202)",2026-08-11,verified_against_current_official_source
STARK-item-3V8E52EU,STAR-K,Beer,Icehouse,Beer,Approved,OU,True,,no_evidence,False,True,False,False,,STAR-K approves this beer and records it as Certified By OU.,https://www.star-k.org/resource/list/W56J90P5/all_liquor#item-3V8E52EU,"STAR-K all_liquor listing, item block item-3V8E52EU (imported row index 1213)",2026-08-11,verified_against_current_official_source
STARK-item-RICF40CM,STAR-K,Beer,Icehouse,Icehouse Edge,Approved,OU,True,,no_evidence,False,True,False,False,,STAR-K approves this beer and records it as Certified By OU.,https://www.star-k.org/resource/list/W56J90P5/all_liquor#item-RICF40CM,"STAR-K all_liquor listing, item block item-RICF40CM (imported row index 1214)",2026-08-11,verified_against_current_official_source
STARK-item-SS00IB7E,STAR-K,Beer,Icehouse,Light Beer,Approved,OU,True,,no_evidence,False,True,False,False,,STAR-K approves this beer and records it as Certified By OU.,https://www.star-k.org/resource/list/W56J90P5/all_liquor#item-SS00IB7E,"STAR-K all_liquor listing, item block item-SS00IB7E (imported row index 1215)",2026-08-11,verified_against_current_official_source
STARK-item-T383XDZ7,STAR-K,Beer,Jailbreak Brewing Co.,10 Years in One Day,Approved,STAR-K,True,,no_evidence,False,True,False,False,,STAR-K approves this beer and records it as Certified By STAR-K.,https://www.star-k.org/resource/list/W56J90P5/all_liquor#item-T383XDZ7,"STAR-K all_liquor listing, item block item-T383XDZ7 (imported row index 1242)",2026-08-11,verified_against_current_official_source
STARK-item-UC6VDFTY,STAR-K,Beer,Jailbreak Brewing Co.,19th Tea,Approved,STAR-K,True,,no_evidence,False,True,False,False,,STAR-K approves this beer and records it as Certified By STAR-K.,https://www.star-k.org/resource/list/W56J90P5/all_liquor#item-UC6VDFTY,"STAR-K all_liquor listing, item block item-UC6VDFTY (imported row index 1243)",2026-08-11,verified_against_current_official_source
STARK-item-WM4PSHNQ,STAR-K,Beer,Jailbreak Brewing Co.,20/20,Approved,STAR-K,True,,no_evidence,False,True,False,False,,STAR-K approves this beer and records it as Certified By STAR-K.,https://www.star-k.org/resource/list/W56J90P5/all_liquor#item-WM4PSHNQ,"STAR-K all_liquor listing, item block item-WM4PSHNQ (imported row index 1244)",2026-08-11,verified_against_current_official_source
STARK-item-XW2I8JHI,STAR-K,Beer,Jailbreak Brewing Co.,All That Glitters Tripel,Approved,STAR-K,True,,no_evidence,False,True,False,False,,STAR-K approves this beer and records it as Certified By STAR-K.,https://www.star-k.org/resource/list/W56J90P5/all_liquor#item-XW2I8JHI,"STAR-K all_liquor listing, item block item-XW2I8JHI (imported row index 1245)",2026-08-11,verified_against_current_official_source
STARK-item-Y7YCMKAA,STAR-K,Beer,Jailbreak Brewing Co.,B. Limey Key Lime Pale Ale,Approved,STAR-K,True,,no_evidence,False,True,False,False,,STAR-K approves this beer and records it as Certified By STAR-K.,https://www.star-k.org/resource/list/W56J90P5/all_liquor#item-Y7YCMKAA,"STAR-K all_liquor listing, item block item-Y7YCMKAA (imported row index 1246)",2026-08-11,verified_against_current_official_source
STARK-item-1GW62M53,STAR-K,Beer,Jailbreak Brewing Co.,Baltic Porter,Approved,STAR-K,True,,no_evidence,False,True,False,False,,STAR-K approves this beer and records it as Certified By STAR-K.,https://www.star-k.org/resource/list/W56J90P5/all_liquor#item-1GW62M53,"STAR-K all_liquor listing, item block item-1GW62M53 (imported row index 1247)",2026-08-11,verified_against_current_official_source
STARK-item-2QUZGOYU,STAR-K,Beer,Jailbreak Brewing Co.,Batch 074 IPA,Approved,STAR-K,True,,no_evidence,False,True,False,False,,STAR-K approves this beer and records it as Certified By STAR-K.,https://www.star-k.org/resource/list/W56J90P5/all_liquor#item-2QUZGOYU,"STAR-K all_liquor listing, item block item-2QUZGOYU (imported row index 1248)",2026-08-11,verified_against_current_official_source
STARK-item-31SSVQSM,STAR-K,Beer,Jailbreak Brewing Co.,Belgo-Bleek Pale Ale,Approved,STAR-K,True,,no_evidence,False,True,False,False,,STAR-K approves this beer and records it as Certified By STAR-K.,https://www.star-k.org/resource/list/W56J90P5/all_liquor#item-31SSVQSM,"STAR-K all_liquor listing, item block item-31SSVQSM (imported row index 1249)",2026-08-11,verified_against_current_official_source
STARK-item-RNXTUZQE,STAR-K,Beer,Jailbreak Brewing Co.,Berry'd,Approved,STAR-K,True,,no_evidence,False,True,False,False,,STAR-K approves this beer and records it as Certified By STAR-K.,https://www.star-k.org/resource/list/W56J90P5/all_liquor#item-RNXTUZQE,"STAR-K all_liquor listing, item block item-RNXTUZQE (imported row index 1250)",2026-08-11,verified_against_current_official_source
STARK-item-SXVM02J7,STAR-K,Beer,Jailbreak Brewing Co.,Best Coast DIPA,Approved,STAR-K,True,,no_evidence,False,True,False,False,,STAR-K approves this beer and records it as Certified By STAR-K.,https://www.star-k.org/resource/list/W56J90P5/all_liquor#item-SXVM02J7,"STAR-K all_liquor listing, item block item-SXVM02J7 (imported row index 1251)",2026-08-11,verified_against_current_official_source
STARK-item-T8TGO3DY,STAR-K,Beer,Jailbreak Brewing Co.,Bia Sot,Approved,STAR-K,True,,no_evidence,False,True,False,False,,STAR-K approves this beer and records it as Certified By STAR-K.,https://www.star-k.org/resource/list/W56J90P5/all_liquor#item-T8TGO3DY,"STAR-K all_liquor listing, item block item-T8TGO3DY (imported row index 1252)",2026-08-11,verified_against_current_official_source
STARK-item-VHQ0458Q,STAR-K,Beer,Jailbreak Brewing Co.,Big Punisher,Approved,STAR-K,True,,no_evidence,False,True,False,False,,STAR-K approves this beer and records it as Certified By STAR-K.,https://www.star-k.org/resource/list/W56J90P5/all_liquor#item-VHQ0458Q,"STAR-K all_liquor listing, item block item-VHQ0458Q (imported row index 1253)",2026-08-11,verified_against_current_official_source
STARK-item-WRO4I72I,STAR-K,Beer,Jailbreak Brewing Co.,Boats and Hose Caribbean Lager,Approved,STAR-K,True,,no_evidence,False,True,False,False,,STAR-K approves this beer and records it as Certified By STAR-K.,https://www.star-k.org/resource/list/W56J90P5/all_liquor#item-WRO4I72I,"STAR-K all_liquor listing, item block item-WRO4I72I (imported row index 1254)",2026-08-11,verified_against_current_official_source
STARK-item-X2MWX9UA,STAR-K,Beer,Jailbreak Brewing Co.,Bruh Hymn,Approved,STAR-K,True,,no_evidence,False,True,False,False,,STAR-K approves this beer and records it as Certified By STAR-K.,https://www.star-k.org/resource/list/W56J90P5/all_liquor#item-X2MWX9UA,"STAR-K all_liquor listing, item block item-X2MWX9UA (imported row index 1255)",2026-08-11,verified_against_current_official_source
STARK-item-YBKPCAO3,STAR-K,Beer,Jailbreak Brewing Co.,C.R.E.A.M.,Approved,STAR-K,True,,no_evidence,False,True,False,False,,STAR-K approves this beer and records it as Certified By STAR-K.,https://www.star-k.org/resource/list/W56J90P5/all_liquor#item-YBKPCAO3,"STAR-K all_liquor listing, item block item-YBKPCAO3 (imported row index 1256)",2026-08-11,verified_against_current_official_source
STARK-item-1LIJRCIU,STAR-K,Beer,Jailbreak Brewing Co.,Cafe In Brussels,Approved,STAR-K,True,,no_evidence,False,True,False,False,,STAR-K approves this beer and records it as Certified By STAR-K.,https://www.star-k.org/resource/list/W56J90P5/all_liquor#item-1LIJRCIU,"STAR-K all_liquor listing, item block item-1LIJRCIU (imported row index 1257)",2026-08-11,verified_against_current_official_source
STARK-item-2VFC7DCM,STAR-K,Beer,Jailbreak Brewing Co.,Café Kavorka,Approved,STAR-K,True,,no_evidence,False,True,False,False,,STAR-K approves this beer and records it as Certified By STAR-K.,https://www.star-k.org/resource/list/W56J90P5/all_liquor#item-2VFC7DCM,"STAR-K all_liquor listing, item block item-2VFC7DCM (imported row index 1258)",2026-08-11,verified_against_current_official_source
STARK-item-35D7MF7E,STAR-K,Beer,Jailbreak Brewing Co.,CarnEVIL,Approved,STAR-K,True,,no_evidence,False,True,False,False,,STAR-K approves this beer and records it as Certified By STAR-K.,https://www.star-k.org/resource/list/W56J90P5/all_liquor#item-35D7MF7E,"STAR-K all_liquor listing, item block item-35D7MF7E (imported row index 1259)",2026-08-11,verified_against_current_official_source
STARK-item-RSI8LO47,STAR-K,Beer,Jailbreak Brewing Co.,Carrot Cake Conspiracy,Approved,STAR-K,True,,no_evidence,False,True,False,False,,STAR-K approves this beer and records it as Certified By STAR-K.,https://www.star-k.org/resource/list/W56J90P5/all_liquor#item-RSI8LO47,"STAR-K all_liquor listing, item block item-RSI8LO47 (imported row index 1260)",2026-08-11,verified_against_current_official_source
STARK-item-S3G11QXY,STAR-K,Beer,Jailbreak Brewing Co.,Chairy,Approved,STAR-K,True,,no_evidence,False,True,False,False,,STAR-K approves this beer and records it as Certified By STAR-K.,https://www.star-k.org/resource/list/W56J90P5/all_liquor#item-S3G11QXY,"STAR-K all_liquor listing, item block item-S3G11QXY (imported row index 1261)",2026-08-11,verified_against_current_official_source
STARK-item-TCEUFSRQ,STAR-K,Beer,Jailbreak Brewing Co.,Christoph's Waltz,Approved,STAR-K,True,,no_evidence,False,True,False,False,,STAR-K approves this beer and records it as Certified By STAR-K.,https://www.star-k.org/resource/list/W56J90P5/all_liquor#item-TCEUFSRQ,"STAR-K all_liquor listing, item block item-TCEUFSRQ (imported row index 1262)",2026-08-11,verified_against_current_official_source
STARK-item-VLCNUULI,STAR-K,Beer,Jailbreak Brewing Co.,Citra Lady Friend,Approved,STAR-K,True,,no_evidence,False,True,False,False,,STAR-K approves this beer and records it as Certified By STAR-K.,https://www.star-k.org/resource/list/W56J90P5/all_liquor#item-VLCNUULI,"STAR-K all_liquor listing, item block item-VLCNUULI (imported row index 1263)",2026-08-11,verified_against_current_official_source
STARK-item-WVAG0WEA,STAR-K,Beer,Jailbreak Brewing Co.,Clearly Righteous IPA,Approved,STAR-K,True,,no_evidence,False,True,False,False,,STAR-K approves this beer and records it as Certified By STAR-K.,https://www.star-k.org/resource/list/W56J90P5/all_liquor#item-WVAG0WEA,"STAR-K all_liquor listing, item block item-WVAG0WEA (imported row index 1264)",2026-08-11,verified_against_current_official_source
STARK-item-X68AOX93,STAR-K,Beer,Jailbreak Brewing Co.,Crabtown Lager,Approved,STAR-K,True,,no_evidence,False,True,False,False,,STAR-K approves this beer and records it as Certified By STAR-K.,https://www.star-k.org/resource/list/W56J90P5/all_liquor#item-X68AOX93,"STAR-K all_liquor listing, item block item-X68AOX93 (imported row index 1265)",2026-08-11,verified_against_current_official_source
STARK-item-ZF644Z3U,STAR-K,Beer,Jailbreak Brewing Co.,Cream Cycle,Approved,STAR-K,True,,no_evidence,False,True,False,False,,STAR-K approves this beer and records it as Certified By STAR-K.,https://www.star-k.org/resource/list/W56J90P5/all_liquor#item-ZF644Z3U,"STAR-K all_liquor listing, item block item-ZF644Z3U (imported row index 1266)",2026-08-11,verified_against_current_official_source
STARK-item-1P4XI2WM,STAR-K,Beer,Jailbreak Brewing Co.,Cucumber Saison,Approved,STAR-K,True,,no_evidence,False,True,False,False,,STAR-K approves this beer and records it as Certified By STAR-K.,https://www.star-k.org/resource/list/W56J90P5/all_liquor#item-1P4XI2WM,"STAR-K all_liquor listing, item block item-1P4XI2WM (imported row index 1267)",2026-08-11,verified_against_current_official_source
STARK-item-2Z2QX4QE,STAR-K,Beer,Jailbreak Brewing Co.,Czech Amber Lager,Approved,STAR-K,True,,no_evidence,False,True,False,False,,STAR-K approves this beer and records it as Certified By STAR-K.,https://www.star-k.org/resource/list/W56J90P5/all_liquor#item-2Z2QX4QE,"STAR-K all_liquor listing, item block item-2Z2QX4QE (imported row index 1268)",2026-08-11,verified_against_current_official_source
STARK-item-30ZJC6J7,STAR-K,Beer,Jailbreak Brewing Co.,Czech Golden Lager,Approved,STAR-K,True,,no_evidence,False,True,False,False,,STAR-K approves this beer and records it as Certified By STAR-K.,https://www.star-k.org/resource/list/W56J90P5/all_liquor#item-30ZJC6J7,"STAR-K all_liquor listing, item block item-30ZJC6J7 (imported row index 1269)",2026-08-11,verified_against_current_official_source
STARK-item-RW5KCEHY,STAR-K,Beer,Jailbreak Brewing Co.,Czech the Technique,Approved,STAR-K,True,,no_evidence,False,True,False,False,,STAR-K approves this beer and records it as Certified By STAR-K.,https://www.star-k.org/resource/list/W56J90P5/all_liquor#item-RW5KCEHY,"STAR-K all_liquor listing, item block item-RW5KCEHY (imported row index 1270)",2026-08-11,verified_against_current_official_source
STARK-item-S73ERFBQ,STAR-K,Beer,Jailbreak Brewing Co.,Darkly Righteous Black IPA,Approved,STAR-K,True,,no_evidence,False,True,False,False,,STAR-K approves this beer and records it as Certified By STAR-K.,https://www.star-k.org/resource/list/W56J90P5/all_liquor#item-S73ERFBQ,"STAR-K all_liquor listing, item block item-S73ERFBQ (imported row index 1271)",2026-08-11,verified_against_current_official_source
STARK-item-UGZ87H6I,STAR-K,Beer,Jailbreak Brewing Co.,Desserted - Chocolate Coconut Porter,Approved,STAR-K,True,,no_evidence,False,True,False,False,,STAR-K approves this beer and records it as Certified By STAR-K.,https://www.star-k.org/resource/list/W56J90P5/all_liquor#item-UGZ87H6I,"STAR-K all_liquor listing, item block item-UGZ87H6I (imported row index 1272)",2026-08-11,verified_against_current_official_source
STARK-item-VQX2LJYA,STAR-K,Beer,Jailbreak Brewing Co.,Dew Right,Approved,STAR-K,True,,no_evidence,False,True,False,False,,STAR-K approves this beer and records it as Certified By STAR-K.,https://www.star-k.org/resource/list/W56J90P5/all_liquor#item-VQX2LJYA,"STAR-K all_liquor listing, item block item-VQX2LJYA (imported row index 1273)",2026-08-11,verified_against_current_official_source
STARK-item-W1VU1LS3,STAR-K,Beer,Jailbreak Brewing Co.,Doppelbock,Approved,STAR-K,True,,no_evidence,False,True,False,False,,STAR-K approves this beer and records it as Certified By STAR-K.,https://www.star-k.org/resource/list/W56J90P5/all_liquor#item-W1VU1LS3,"STAR-K all_liquor listing, item block item-W1VU1LS3 (imported row index 1274)",2026-08-11,verified_against_current_official_source
STARK-item-XATOFNMU,STAR-K,Beer,Jailbreak Brewing Co.,Dusk Till Dawn - Espresso Imperial Stout,Approved,STAR-K,True,,no_evidence,False,True,False,False,,STAR-K approves this beer and records it as Certified By STAR-K.,https://www.star-k.org/resource/list/W56J90P5/all_liquor#item-XATOFNMU,"STAR-K all_liquor listing, item block item-XATOFNMU (imported row index 1275)",2026-08-11,verified_against_current_official_source
STARK-item-ZKRHUPGM,STAR-K,Beer,Jailbreak Brewing Co.,Easy Ryeder Rye Ale,Approved,STAR-K,True,,no_evidence,False,True,False,False,,STAR-K approves this beer and records it as Certified By STAR-K.,https://www.star-k.org/resource/list/W56J90P5/all_liquor#item-ZKRHUPGM,"STAR-K all_liquor listing, item block item-ZKRHUPGM (imported row index 1276)",2026-08-11,verified_against_current_official_source
STARK-item-1UOA0QAE,STAR-K,Beer,Jailbreak Brewing Co.,English Brown Ale,Approved,STAR-K,True,,no_evidence,False,True,False,False,,STAR-K approves this beer and records it as Certified By STAR-K.,https://www.star-k.org/resource/list/W56J90P5/all_liquor#item-1UOA0QAE,"STAR-K all_liquor listing, item block item-1UOA0QAE (imported row index 1277)",2026-08-11,verified_against_current_official_source
STARK-item-25M5OS47,STAR-K,Beer,Jailbreak Brewing Co.,Ephemeral,Approved,STAR-K,True,,no_evidence,False,True,False,False,,STAR-K approves this beer and records it as Certified By STAR-K.,https://www.star-k.org/resource/list/W56J90P5/all_liquor#item-25M5OS47,"STAR-K all_liquor listing, item block item-25M5OS47 (imported row index 1278)",2026-08-11,verified_against_current_official_source
STARK-item-4EKX4UXY,STAR-K,Beer,Jailbreak Brewing Co.,FedHead,Approved,STAR-K,True,,no_evidence,False,True,False,False,,STAR-K approves this beer and records it as Certified By STAR-K.,https://www.star-k.org/resource/list/W56J90P5/all_liquor#item-4EKX4UXY,"STAR-K all_liquor listing, item block item-4EKX4UXY (imported row index 1279)",2026-08-11,verified_against_current_official_source
STARK-item-R2PY34VQ,STAR-K,Beer,Jailbreak Brewing Co.,Feed the Monkey,Approved,STAR-K,True,,no_evidence,False,True,False,False,,STAR-K approves this beer and records it as Certified By STAR-K.,https://www.star-k.org/resource/list/W56J90P5/all_liquor#item-R2PY34VQ,"STAR-K all_liquor listing, item block item-R2PY34VQ (imported row index 1280)",2026-08-11,verified_against_current_official_source
STARK-item-SBNSH6PI,STAR-K,Beer,Jailbreak Brewing Co.,Fickle Love,Approved,STAR-K,True,,no_evidence,False,True,False,False,,STAR-K approves this beer and records it as Certified By STAR-K.,https://www.star-k.org/resource/list/W56J90P5/all_liquor#item-SBNSH6PI,"STAR-K all_liquor listing, item block item-SBNSH6PI (imported row index 1281)",2026-08-11,verified_against_current_official_source
STARK-item-ULLLW8IA,STAR-K,Beer,Jailbreak Brewing Co.,Flavor of f the Month,Approved,STAR-K,True,,no_evidence,False,True,False,False,,STAR-K approves this beer and records it as Certified By STAR-K.,https://www.star-k.org/resource/list/W56J90P5/all_liquor#item-ULLLW8IA,"STAR-K all_liquor listing, item block item-ULLLW8IA (imported row index 1282)",2026-08-11,verified_against_current_official_source
STARK-item-VVJEB9C3,STAR-K,Beer,Jailbreak Brewing Co.,Forbidden,Approved,STAR-K,True,,no_evidence,False,True,False,False,,STAR-K approves this beer and records it as Certified By STAR-K.,https://www.star-k.org/resource/list/W56J90P5/all_liquor#item-VVJEB9C3,"STAR-K all_liquor listing, item block item-VVJEB9C3 (imported row index 1283)",2026-08-11,verified_against_current_official_source
STARK-item-W6G9QA7U,STAR-K,Beer,Jailbreak Brewing Co.,Funk Sway,Approved,STAR-K,True,,no_evidence,False,True,False,False,,STAR-K approves this beer and records it as Certified By STAR-K.,https://www.star-k.org/resource/list/W56J90P5/all_liquor#item-W6G9QA7U,"STAR-K all_liquor listing, item block item-W6G9QA7U (imported row index 1284)",2026-08-11,verified_against_current_official_source
STARK-item-YFE26C1M,STAR-K,Beer,Jailbreak Brewing Co.,Garde de Faith,Approved,STAR-K,True,,no_evidence,False,True,False,False,,STAR-K approves this beer and records it as Certified By STAR-K.,https://www.star-k.org/resource/list/W56J90P5/all_liquor#item-YFE26C1M,"STAR-K all_liquor listing, item block item-YFE26C1M (imported row index 1285)",2026-08-11,verified_against_current_official_source
STARK-item-ZOCVLEUE,STAR-K,Beer,Jailbreak Brewing Co.,Gnarles Barley,Approved,STAR-K,True,,no_evidence,False,True,False,False,,STAR-K approves this beer and records it as Certified By STAR-K.,https://www.star-k.org/resource/list/W56J90P5/all_liquor#item-ZOCVLEUE,"STAR-K all_liquor listing, item block item-ZOCVLEUE (imported row index 1286)",2026-08-11,verified_against_current_official_source
STARK-item-1YAO1GN7,STAR-K,Beer,Jailbreak Brewing Co.,Goldie Hon,Approved,STAR-K,True,,no_evidence,False,True,False,False,,STAR-K approves this beer and records it as Certified By STAR-K.,https://www.star-k.org/resource/list/W56J90P5/all_liquor#item-1YAO1GN7,"STAR-K all_liquor listing, item block item-1YAO1GN7 (imported row index 1287)",2026-08-11,verified_against_current_official_source
STARK-item-299IFIHY,STAR-K,Beer,Jailbreak Brewing Co.,Goldie Hon,Approved,STAR-K,True,,no_evidence,False,True,False,False,,STAR-K approves this beer and records it as Certified By STAR-K.,https://www.star-k.org/resource/list/W56J90P5/all_liquor#item-299IFIHY,"STAR-K all_liquor listing, item block item-299IFIHY (imported row index 1288)",2026-08-11,verified_against_current_official_source
STARK-item-4I6BUJBQ,STAR-K,Beer,Jailbreak Brewing Co.,Grumpy Old Men Amber Lager,Approved,STAR-K,True,,no_evidence,False,True,False,False,,STAR-K approves this beer and records it as Certified By STAR-K.,https://www.star-k.org/resource/list/W56J90P5/all_liquor#item-4I6BUJBQ,"STAR-K all_liquor listing, item block item-4I6BUJBQ (imported row index 1289)",2026-08-11,verified_against_current_official_source
STARK-item-R6ACTS0I,STAR-K,Beer,Jailbreak Brewing Co.,Helles Lager,Approved,STAR-K,True,,no_evidence,False,True,False,False,,STAR-K approves this beer and records it as Certified By STAR-K.,https://www.star-k.org/resource/list/W56J90P5/all_liquor#item-R6ACTS0I,"STAR-K all_liquor listing, item block item-R6ACTS0I (imported row index 1290)",2026-08-11,verified_against_current_official_source
STARK-item-TF969U3A,STAR-K,Beer,Jailbreak Brewing Co.,Hey Porter,Approved,STAR-K,True,,no_evidence,False,True,False,False,,STAR-K approves this beer and records it as Certified By STAR-K.,https://www.star-k.org/resource/list/W56J90P5/all_liquor#item-TF969U3A,"STAR-K all_liquor listing, item block item-TF969U3A (imported row index 1291)",2026-08-11,verified_against_current_official_source
STARK-item-UP7ZNWW3,STAR-K,Beer,Jailbreak Brewing Co.,Hey Porter,Approved,STAR-K,True,,no_evidence,False,True,False,False,,STAR-K approves this beer and records it as Certified By STAR-K.,https://www.star-k.org/resource/list/W56J90P5/all_liquor#item-UP7ZNWW3,"STAR-K all_liquor listing, item block item-UP7ZNWW3 (imported row index 1292)",2026-08-11,verified_against_current_official_source
STARK-item-VZ5S3YQU,STAR-K,Beer,Jailbreak Brewing Co.,Imperial Welcome to Scoville,Approved,STAR-K,True,,no_evidence,False,True,False,False,,STAR-K approves this beer and records it as Certified By STAR-K.,https://www.star-k.org/resource/list/W56J90P5/all_liquor#item-VZ5S3YQU,"STAR-K all_liquor listing, item block item-VZ5S3YQU (imported row index 1293)",2026-08-11,verified_against_current_official_source
STARK-item-W03MH1KM,STAR-K,Beer,Jailbreak Brewing Co.,Into the Dark,Approved,STAR-K,True,,no_evidence,False,True,False,False,,STAR-K approves this beer and records it as Certified By STAR-K.,https://www.star-k.org/resource/list/W56J90P5/all_liquor#item-W03MH1KM,"STAR-K all_liquor listing, item block item-W03MH1KM (imported row index 1294)",2026-08-11,verified_against_current_official_source
STARK-item-14V3Q62Y,STAR-K,Beer,Jailbreak Brewing Co.,Italian Pilsner,Approved,STAR-K,True,,no_evidence,False,True,False,False,,STAR-K approves this beer and records it as Certified By STAR-K.,https://www.star-k.org/resource/list/W56J90P5/all_liquor#item-14V3Q62Y,"STAR-K all_liquor listing, item block item-14V3Q62Y (imported row index 1295)",2026-08-11,verified_against_current_official_source
STARK-item-ZTX9B487,STAR-K,Beer,Jailbreak Brewing Co.,It’s Christmas Dammit,Approved,STAR-K,True,,no_evidence,False,True,False,False,,STAR-K approves this beer and records it as Certified By STAR-K.,https://www.star-k.org/resource/list/W56J90P5/all_liquor#item-ZTX9B487,"STAR-K all_liquor listing, item block item-ZTX9B487 (imported row index 1296)",2026-08-11,verified_against_current_official_source
STARK-item-YJ1FW3EE,STAR-K,Beer,Jailbreak Brewing Co.,It’s a Hazy IPA,Approved,STAR-K,True,,no_evidence,False,True,False,False,,STAR-K approves this beer and records it as Certified By STAR-K.,https://www.star-k.org/resource/list/W56J90P5/all_liquor#item-YJ1FW3EE,"STAR-K all_liquor listing, item block item-YJ1FW3EE (imported row index 1297)",2026-08-11,verified_against_current_official_source
STARK-item-2DTV68VQ,STAR-K,Beer,Jailbreak Brewing Co.,Kavorka,Approved,STAR-K,True,,no_evidence,False,True,False,False,,STAR-K approves this beer and records it as Certified By STAR-K.,https://www.star-k.org/resource/list/W56J90P5/all_liquor#item-2DTV68VQ,"STAR-K all_liquor listing, item block item-2DTV68VQ (imported row index 1298)",2026-08-11,verified_against_current_official_source
STARK-item-4NRPK0PI,STAR-K,Beer,Jailbreak Brewing Co.,Lack of Clarity,Approved,STAR-K,True,,no_evidence,False,True,False,False,,STAR-K approves this beer and records it as Certified By STAR-K.,https://www.star-k.org/resource/list/W56J90P5/all_liquor#item-4NRPK0PI,"STAR-K all_liquor listing, item block item-4NRPK0PI (imported row index 1299)",2026-08-11,verified_against_current_official_source
STARK-item-RAWQKIMA,STAR-K,Beer,Jailbreak Brewing Co.,Laurel Hearty,Approved,STAR-K,True,,no_evidence,False,True,False,False,,STAR-K approves this beer and records it as Certified By STAR-K.,https://www.star-k.org/resource/list/W56J90P5/all_liquor#item-RAWQKIMA,"STAR-K all_liquor listing, item block item-RAWQKIMA (imported row index 1300)",2026-08-11,verified_against_current_official_source
STARK-item-TKUJZKG3,STAR-K,Beer,Jailbreak Brewing Co.,Lemon Drop'd,Approved,STAR-K,True,,no_evidence,False,True,False,False,,STAR-K approves this beer and records it as Certified By STAR-K.,https://www.star-k.org/resource/list/W56J90P5/all_liquor#item-TKUJZKG3,"STAR-K all_liquor listing, item block item-TKUJZKG3 (imported row index 1301)",2026-08-11,verified_against_current_official_source
STARK-item-UURDELAU,STAR-K,Beer,Jailbreak Brewing Co.,Lesser Jesus Pale Ale,Approved,STAR-K,True,,no_evidence,False,True,False,False,,STAR-K approves this beer and records it as Certified By STAR-K.,https://www.star-k.org/resource/list/W56J90P5/all_liquor#item-UURDELAU,"STAR-K all_liquor listing, item block item-UURDELAU (imported row index 1302)",2026-08-11,verified_against_current_official_source
STARK-item-V5P7TN5M,STAR-K,Beer,Jailbreak Brewing Co.,Live Free Ukrainian Imperial Stout,Approved,STAR-K,True,,no_evidence,False,True,False,False,,STAR-K approves this beer and records it as Certified By STAR-K.,https://www.star-k.org/resource/list/W56J90P5/all_liquor#item-V5P7TN5M,"STAR-K all_liquor listing, item block item-V5P7TN5M (imported row index 1303)",2026-08-11,verified_against_current_official_source
STARK-item-XENZ9PYE,STAR-K,Beer,Jailbreak Brewing Co.,Made Wit Basil,Approved,STAR-K,True,,no_evidence,False,True,False,False,,STAR-K approves this beer and records it as Certified By STAR-K.,https://www.star-k.org/resource/list/W56J90P5/all_liquor#item-XENZ9PYE,"STAR-K all_liquor listing, item block item-XENZ9PYE (imported row index 1304)",2026-08-11,verified_against_current_official_source
STARK-item-YOLTNRR7,STAR-K,Beer,Jailbreak Brewing Co.,Maibock,Approved,STAR-K,True,,no_evidence,False,True,False,False,,STAR-K approves this beer and records it as Certified By STAR-K.,https://www.star-k.org/resource/list/W56J90P5/all_liquor#item-YOLTNRR7,"STAR-K all_liquor listing, item block item-YOLTNRR7 (imported row index 1305)",2026-08-11,verified_against_current_official_source
STARK-item-ZYJM3TLY,STAR-K,Beer,Jailbreak Brewing Co.,Mango Hazy,Approved,STAR-K,True,,no_evidence,False,True,False,False,,STAR-K approves this beer and records it as Certified By STAR-K.,https://www.star-k.org/resource/list/W56J90P5/all_liquor#item-ZYJM3TLY,"STAR-K all_liquor listing, item block item-ZYJM3TLY (imported row index 1306)",2026-08-11,verified_against_current_official_source
STARK-item-19HGHVFQ,STAR-K,Beer,Jailbreak Brewing Co.,Munich Dunkel Lager,Approved,STAR-K,True,,no_evidence,False,True,False,False,,STAR-K approves this beer and records it as Certified By STAR-K.,https://www.star-k.org/resource/list/W56J90P5/all_liquor#item-19HGHVFQ,"STAR-K all_liquor listing, item block item-19HGHVFQ (imported row index 1307)",2026-08-11,verified_against_current_official_source
STARK-item-3IE0WW0I,STAR-K,Beer,Jailbreak Brewing Co.,Muscles from Brussels,Approved,STAR-K,True,,no_evidence,False,True,False,False,,STAR-K approves this beer and records it as Certified By STAR-K.,https://www.star-k.org/resource/list/W56J90P5/all_liquor#item-3IE0WW0I,"STAR-K all_liquor listing, item block item-3IE0WW0I (imported row index 1308)",2026-08-11,verified_against_current_official_source
STARK-item-4RC3BY3A,STAR-K,Beer,Jailbreak Brewing Co.,My Ruca,Approved,STAR-K,True,,no_evidence,False,True,False,False,,STAR-K approves this beer and records it as Certified By STAR-K.,https://www.star-k.org/resource/list/W56J90P5/all_liquor#item-4RC3BY3A,"STAR-K all_liquor listing, item block item-4RC3BY3A (imported row index 1309)",2026-08-11,verified_against_current_official_source
STARK-item-SFH4A813,STAR-K,Beer,Jailbreak Brewing Co.,New England IPA,Approved,STAR-K,True,,no_evidence,False,True,False,False,,STAR-K approves this beer and records it as Certified By STAR-K.,https://www.star-k.org/resource/list/W56J90P5/all_liquor#item-SFH4A813,"STAR-K all_liquor listing, item block item-SFH4A813 (imported row index 1310)",2026-08-11,verified_against_current_official_source
STARK-item-TPFXP0UU,STAR-K,Beer,Jailbreak Brewing Co.,Oktoberfest,Approved,STAR-K,True,,no_evidence,False,True,False,False,,STAR-K approves this beer and records it as Certified By STAR-K.,https://www.star-k.org/resource/list/W56J90P5/all_liquor#item-TPFXP0UU,"STAR-K all_liquor listing, item block item-TPFXP0UU (imported row index 1311)",2026-08-11,verified_against_current_official_source
STARK-item-UYDQ5BOM,STAR-K,Beer,Jailbreak Brewing Co.,Original Golden,Approved,STAR-K,True,,no_evidence,False,True,False,False,,STAR-K approves this beer and records it as Certified By STAR-K.,https://www.star-k.org/resource/list/W56J90P5/all_liquor#item-UYDQ5BOM,"STAR-K all_liquor listing, item block item-UYDQ5BOM (imported row index 1312)",2026-08-11,verified_against_current_official_source
STARK-item-V9BKJDIE,STAR-K,Beer,Jailbreak Brewing Co.,Over the Line,Approved,STAR-K,True,,no_evidence,False,True,False,False,,STAR-K approves this beer and records it as Certified By STAR-K.,https://www.star-k.org/resource/list/W56J90P5/all_liquor#item-V9BKJDIE,"STAR-K all_liquor listing, item block item-V9BKJDIE (imported row index 1313)",2026-08-11,verified_against_current_official_source
STARK-item-XI9DZEB7,STAR-K,Beer,Jailbreak Brewing Co.,Poor Righteous,Approved,STAR-K,True,,no_evidence,False,True,False,False,,STAR-K approves this beer and records it as Certified By STAR-K.,https://www.star-k.org/resource/list/W56J90P5/all_liquor#item-XI9DZEB7,"STAR-K all_liquor listing, item block item-XI9DZEB7 (imported row index 1314)",2026-08-11,verified_against_current_official_source
STARK-item-YS78EG6Y,STAR-K,Beer,Jailbreak Brewing Co.,Poor Righteous IPA,Approved,STAR-K,True,,no_evidence,False,True,False,False,,STAR-K approves this beer and records it as Certified By STAR-K.,https://www.star-k.org/resource/list/W56J90P5/all_liquor#item-YS78EG6Y,"STAR-K all_liquor listing, item block item-YS78EG6Y (imported row index 1315)",2026-08-11,verified_against_current_official_source
STARK-item-Z351TIZQ,STAR-K,Beer,Jailbreak Brewing Co.,Real Big IPA,Approved,STAR-K,True,,no_evidence,False,True,False,False,,STAR-K approves this beer and records it as Certified By STAR-K.,https://www.star-k.org/resource/list/W56J90P5/all_liquor#item-Z351TIZQ,"STAR-K all_liquor listing, item block item-Z351TIZQ (imported row index 1316)",2026-08-11,verified_against_current_official_source
STARK-item-1C3T9KTI,STAR-K,Beer,Jailbreak Brewing Co.,Redaction,Approved,STAR-K,True,,no_evidence,False,True,False,False,,STAR-K approves this beer and records it as Certified By STAR-K.,https://www.star-k.org/resource/list/W56J90P5/all_liquor#item-1C3T9KTI,"STAR-K all_liquor listing, item block item-1C3T9KTI (imported row index 1317)",2026-08-11,verified_against_current_official_source
STARK-item-3M1NNMMA,STAR-K,Beer,Jailbreak Brewing Co.,Ryemin & Stealin,Approved,STAR-K,True,,no_evidence,False,True,False,False,,STAR-K approves this beer and records it as Certified By STAR-K.,https://www.star-k.org/resource/list/W56J90P5/all_liquor#item-3M1NNMMA,"STAR-K all_liquor listing, item block item-3M1NNMMA (imported row index 1318)",2026-08-11,verified_against_current_official_source
STARK-item-4WYG3OG3,STAR-K,Beer,Jailbreak Brewing Co.,Sister Roberta,Approved,STAR-K,True,,no_evidence,False,True,False,False,,STAR-K approves this beer and records it as Certified By STAR-K.,https://www.star-k.org/resource/list/W56J90P5/all_liquor#item-4WYG3OG3,"STAR-K all_liquor listing, item block item-4WYG3OG3 (imported row index 1319)",2026-08-11,verified_against_current_official_source
STARK-item-Q63HSZMU,STAR-K,Beer,Jailbreak Brewing Co.,Sled Head,Approved,STAR-K,True,,no_evidence,False,True,False,False,,STAR-K approves this beer and records it as Certified By STAR-K.,https://www.star-k.org/resource/list/W56J90P5/all_liquor#item-Q63HSZMU,"STAR-K all_liquor listing, item block item-Q63HSZMU (imported row index 1320)",2026-08-11,verified_against_current_official_source
STARK-item-SFZA82GM,STAR-K,Beer,Jailbreak Brewing Co.,Slow and Low,Approved,STAR-K,True,,no_evidence,False,True,False,False,,STAR-K approves this beer and records it as Certified By STAR-K.,https://www.star-k.org/resource/list/W56J90P5/all_liquor#item-SFZA82GM,"STAR-K all_liquor listing, item block item-SFZA82GM (imported row index 1321)",2026-08-11,verified_against_current_official_source
STARK-item-V0TRG7XY,STAR-K,Beer,Jailbreak Brewing Co.,Smoked Porter,Approved,STAR-K,True,,no_evidence,False,True,False,False,,STAR-K approves this beer and records it as Certified By STAR-K.,https://www.star-k.org/resource/list/W56J90P5/all_liquor#item-V0TRG7XY,"STAR-K all_liquor listing, item block item-V0TRG7XY (imported row index 1322)",2026-08-11,verified_against_current_official_source
STARK-item-XJRKV9RQ,STAR-K,Beer,Jailbreak Brewing Co.,Smokehouse 54 Amber Ale,Approved,STAR-K,True,,no_evidence,False,True,False,False,,STAR-K approves this beer and records it as Certified By STAR-K.,https://www.star-k.org/resource/list/W56J90P5/all_liquor#item-XJRKV9RQ,"STAR-K all_liquor listing, item block item-XJRKV9RQ (imported row index 1323)",2026-08-11,verified_against_current_official_source
STARK-item-TPX5M3AE,STAR-K,Beer,Jailbreak Brewing Co.,Smoke on the Port,Approved,STAR-K,True,,no_evidence,False,True,False,False,,STAR-K approves this beer and records it as Certified By STAR-K.,https://www.star-k.org/resource/list/W56J90P5/all_liquor#item-TPX5M3AE,"STAR-K all_liquor listing, item block item-TPX5M3AE (imported row index 1324)",2026-08-11,verified_against_current_official_source
STARK-item-UZVX2547,STAR-K,Beer,Jailbreak Brewing Co.,Smoke on the Waterfront,Approved,STAR-K,True,,no_evidence,False,True,False,False,,STAR-K approves this beer and records it as Certified By STAR-K.,https://www.star-k.org/resource/list/W56J90P5/all_liquor#item-UZVX2547,"STAR-K all_liquor listing, item block item-UZVX2547 (imported row index 1325)",2026-08-11,verified_against_current_official_source
STARK-item-YTODAALI,STAR-K,Beer,Jailbreak Brewing Co.,So Much for a Dry Summer,Approved,STAR-K,True,,no_evidence,False,True,False,False,,STAR-K approves this beer and records it as Certified By STAR-K.,https://www.star-k.org/resource/list/W56J90P5/all_liquor#item-YTODAALI,"STAR-K all_liquor listing, item block item-YTODAALI (imported row index 1326)",2026-08-11,verified_against_current_official_source
STARK-item-Z4M8PCEA,STAR-K,Beer,Jailbreak Brewing Co.,Southern Cross,Approved,STAR-K,True,,no_evidence,False,True,False,False,,STAR-K approves this beer and records it as Certified By STAR-K.,https://www.star-k.org/resource/list/W56J90P5/all_liquor#item-Z4M8PCEA,"STAR-K all_liquor listing, item block item-Z4M8PCEA (imported row index 1327)",2026-08-11,verified_against_current_official_source
STARK-item-1DK15D93,STAR-K,Beer,Jailbreak Brewing Co.,Special lady Friend,Approved,STAR-K,True,,no_evidence,False,True,False,False,,STAR-K approves this beer and records it as Certified By STAR-K.,https://www.star-k.org/resource/list/W56J90P5/all_liquor#item-1DK15D93,"STAR-K all_liquor listing, item block item-1DK15D93 (imported row index 1328)",2026-08-11,verified_against_current_official_source
STARK-item-3NIUKF3U,STAR-K,Beer,Jailbreak Brewing Co.,Summer Citrus,Approved,STAR-K,True,,no_evidence,False,True,False,False,,STAR-K approves this beer and records it as Certified By STAR-K.,https://www.star-k.org/resource/list/W56J90P5/all_liquor#item-3NIUKF3U,"STAR-K all_liquor listing, item block item-3NIUKF3U (imported row index 1329)",2026-08-11,verified_against_current_official_source
STARK-item-QANVJO1M,STAR-K,Beer,Jailbreak Brewing Co.,Tamarind Oud Bruin,Approved,STAR-K,True,,no_evidence,False,True,False,False,,STAR-K approves this beer and records it as Certified By STAR-K.,https://www.star-k.org/resource/list/W56J90P5/all_liquor#item-QANVJO1M,"STAR-K all_liquor listing, item block item-QANVJO1M (imported row index 1330)",2026-08-11,verified_against_current_official_source
STARK-item-SKLOYQUE,STAR-K,Beer,Jailbreak Brewing Co.,The Infinite,Approved,STAR-K,True,,no_evidence,False,True,False,False,,STAR-K approves this beer and records it as Certified By STAR-K.,https://www.star-k.org/resource/list/W56J90P5/all_liquor#item-SKLOYQUE,"STAR-K all_liquor listing, item block item-SKLOYQUE (imported row index 1331)",2026-08-11,verified_against_current_official_source
STARK-item-TUJHDSN7,STAR-K,Beer,Jailbreak Brewing Co.,This is 50,Approved,STAR-K,True,,no_evidence,False,True,False,False,,STAR-K approves this beer and records it as Certified By STAR-K.,https://www.star-k.org/resource/list/W56J90P5/all_liquor#item-TUJHDSN7,"STAR-K all_liquor listing, item block item-TUJHDSN7 (imported row index 1332)",2026-08-11,verified_against_current_official_source
STARK-item-U5GBSUHY,STAR-K,Beer,Jailbreak Brewing Co.,This is for the G's,Approved,STAR-K,True,,no_evidence,False,True,False,False,,STAR-K approves this beer and records it as Certified By STAR-K.,https://www.star-k.org/resource/list/W56J90P5/all_liquor#item-U5GBSUHY,"STAR-K all_liquor listing, item block item-U5GBSUHY (imported row index 1333)",2026-08-11,verified_against_current_official_source
STARK-item-WEE58VBQ,STAR-K,Beer,Jailbreak Brewing Co.,Welcome to Scoville,Approved,STAR-K,True,,no_evidence,False,True,False,False,,STAR-K approves this beer and records it as Certified By STAR-K.,https://www.star-k.org/resource/list/W56J90P5/all_liquor#item-WEE58VBQ,"STAR-K all_liquor listing, item block item-WEE58VBQ (imported row index 1334)",2026-08-11,verified_against_current_official_source
STARK-item-XNCYMX6I,STAR-K,Beer,Jailbreak Brewing Co.,White Russian - Coffee Cream Ale,Approved,STAR-K,True,,no_evidence,False,True,False,False,,STAR-K approves this beer and records it as Certified By STAR-K.,https://www.star-k.org/resource/list/W56J90P5/all_liquor#item-XNCYMX6I,"STAR-K all_liquor listing, item block item-XNCYMX6I (imported row index 1335)",2026-08-11,verified_against_current_official_source
STARK-item-YXAR2ZYA,STAR-K,Beer,Keystone,Beer,Approved,OU,True,,no_evidence,False,True,False,False,,STAR-K approves this beer and records it as Certified By OU.,https://www.star-k.org/resource/list/W56J90P5/all_liquor#item-YXAR2ZYA,"STAR-K all_liquor listing, item block item-YXAR2ZYA (imported row index 1411)",2026-08-11,verified_against_current_official_source
STARK-item-Z89LG2S3,STAR-K,Beer,Keystone,Ice Beer,Approved,OU,True,,no_evidence,False,True,False,False,,STAR-K approves this beer and records it as Certified By OU.,https://www.star-k.org/resource/list/W56J90P5/all_liquor#item-Z89LG2S3,"STAR-K all_liquor listing, item block item-Z89LG2S3 (imported row index 1412)",2026-08-11,verified_against_current_official_source
STARK-item-2H7EV4MU,STAR-K,Beer,Keystone,Keylightful,Approved,OU,True,,no_evidence,False,True,False,False,,STAR-K approves this beer and records it as Certified By OU.,https://www.star-k.org/resource/list/W56J90P5/all_liquor#item-2H7EV4MU,"STAR-K all_liquor listing, item block item-2H7EV4MU (imported row index 1413)",2026-08-11,verified_against_current_official_source
STARK-item-3R48A6GM,STAR-K,Beer,Keystone,Light Beer,Approved,OU,True,,no_evidence,False,True,False,False,,STAR-K approves this beer and records it as Certified By OU.,https://www.star-k.org/resource/list/W56J90P5/all_liquor#item-3R48A6GM,"STAR-K all_liquor listing, item block item-3R48A6GM (imported row index 1414)",2026-08-11,verified_against_current_official_source
STARK-item-RE99AEEE,STAR-K,Beer,Keystone,Light Lime,Approved,OU,True,,no_evidence,False,True,False,False,,STAR-K approves this beer and records it as Certified By OU.,https://www.star-k.org/resource/list/W56J90P5/all_liquor#item-RE99AEEE,"STAR-K all_liquor listing, item block item-RE99AEEE (imported row index 1415)",2026-08-11,verified_against_current_official_source
STARK-item-TY5V5H2Y,STAR-K,Beer,Lakefront,Barrel-Aged Breakfast Oatmeal Stout,Approved,STAR-K,True,,no_evidence,False,True,False,False,,STAR-K approves this beer and records it as Certified By STAR-K.,https://www.star-k.org/resource/list/W56J90P5/all_liquor#item-TY5V5H2Y,"STAR-K all_liquor listing, item block item-TY5V5H2Y (imported row index 1446)",2026-08-11,verified_against_current_official_source
STARK-item-U93PJJVQ,STAR-K,Beer,Lakefront,Barrel-Aged Honey Bock,Approved,STAR-K,True,,no_evidence,False,True,False,False,,STAR-K approves this beer and records it as Certified By STAR-K.,https://www.star-k.org/resource/list/W56J90P5/all_liquor#item-U93PJJVQ,"STAR-K all_liquor listing, item block item-U93PJJVQ (imported row index 1447)",2026-08-11,verified_against_current_official_source
STARK-item-WI1IYLPI,STAR-K,Beer,Lakefront,Barrel-Aged Wheatwine,Approved,STAR-K,True,,no_evidence,False,True,False,False,,STAR-K approves this beer and records it as Certified By STAR-K.,https://www.star-k.org/resource/list/W56J90P5/all_liquor#item-WI1IYLPI,"STAR-K all_liquor listing, item block item-WI1IYLPI (imported row index 1448)",2026-08-11,verified_against_current_official_source
STARK-item-SO73PF87,STAR-K,Beer,Lakefront,Barrel Aged Doppelbock,Approved,STAR-K,True,,no_evidence,False,True,False,False,,STAR-K approves this beer and records it as Certified By STAR-K.,https://www.star-k.org/resource/list/W56J90P5/all_liquor#item-SO73PF87,"STAR-K all_liquor listing, item block item-SO73PF87 (imported row index 1449)",2026-08-11,verified_against_current_official_source
STARK-item-XSXBDNIA,STAR-K,Beer,Lakefront,Beerline Barleywine,Approved,STAR-K,True,,no_evidence,False,True,False,False,,STAR-K approves this beer and records it as Certified By STAR-K.,https://www.star-k.org/resource/list/W56J90P5/all_liquor#item-XSXBDNIA,"STAR-K all_liquor listing, item block item-XSXBDNIA (imported row index 1450)",2026-08-11,verified_against_current_official_source
STARK-item-Y3V6SOC3,STAR-K,Beer,Lakefront,Bierzeit Kolsch-Style Ale,Approved,STAR-K,True,,no_evidence,False,True,False,False,,STAR-K approves this beer and records it as Certified By STAR-K.,https://www.star-k.org/resource/list/W56J90P5/all_liquor#item-Y3V6SOC3,"STAR-K all_liquor listing, item block item-Y3V6SOC3 (imported row index 1451)",2026-08-11,verified_against_current_official_source
STARK-item-ZCTY8Q7U,STAR-K,Beer,Lakefront,Black Forest Nitro Stout,Approved,STAR-K,True,,no_evidence,False,True,False,False,,STAR-K approves this beer and records it as Certified By STAR-K.,https://www.star-k.org/resource/list/W56J90P5/all_liquor#item-ZCTY8Q7U,"STAR-K all_liquor listing, item block item-ZCTY8Q7U (imported row index 1452)",2026-08-11,verified_against_current_official_source
STARK-item-2MRSMS1M,STAR-K,Beer,Lakefront,Black Friday,Approved,STAR-K,True,,no_evidence,False,True,False,False,,STAR-K approves this beer and records it as Certified By STAR-K.,https://www.star-k.org/resource/list/W56J90P5/all_liquor#item-2MRSMS1M,"STAR-K all_liquor listing, item block item-2MRSMS1M (imported row index 1453)",2026-08-11,verified_against_current_official_source
STARK-item-3WPL2UUE,STAR-K,Beer,Lakefront,Black Friday 5 Year,Approved,STAR-K,True,,no_evidence,False,True,False,False,,STAR-K approves this beer and records it as Certified By STAR-K.,https://www.star-k.org/resource/list/W56J90P5/all_liquor#item-3WPL2UUE,"STAR-K all_liquor listing, item block item-3WPL2UUE (imported row index 1454)",2026-08-11,verified_against_current_official_source
STARK-item-RJUM14R7,STAR-K,Beer,Lakefront,Black Friday Christmas Cookie,Approved,STAR-K,True,,no_evidence,False,True,False,False,,STAR-K approves this beer and records it as Certified By STAR-K.,https://www.star-k.org/resource/list/W56J90P5/all_liquor#item-RJUM14R7,"STAR-K all_liquor listing, item block item-RJUM14R7 (imported row index 1455)",2026-08-11,verified_against_current_official_source
STARK-item-STSGF6LY,STAR-K,Beer,Lakefront,Black Friday Triple IPA,Approved,STAR-K,True,,no_evidence,False,True,False,False,,STAR-K approves this beer and records it as Certified By STAR-K.,https://www.star-k.org/resource/list/W56J90P5/all_liquor#item-STSGF6LY,"STAR-K all_liquor listing, item block item-STSGF6LY (imported row index 1456)",2026-08-11,verified_against_current_official_source
STARK-item-T4P0U8FQ,STAR-K,Beer,Lakefront,Blackbird BIPA,Approved,STAR-K,True,,no_evidence,False,True,False,False,,STAR-K approves this beer and records it as Certified By STAR-K.,https://www.star-k.org/resource/list/W56J90P5/all_liquor#item-T4P0U8FQ,"STAR-K all_liquor listing, item block item-T4P0U8FQ (imported row index 1457)",2026-08-11,verified_against_current_official_source
STARK-item-UDN3090I,STAR-K,Beer,Lakefront,Brewer's Reserve Tropical Ale,Approved,STAR-K,True,,no_evidence,False,True,False,False,,STAR-K approves this beer and records it as Certified By STAR-K.,https://www.star-k.org/resource/list/W56J90P5/all_liquor#item-UDN3090I,"STAR-K all_liquor listing, item block item-UDN3090I (imported row index 1458)",2026-08-11,verified_against_current_official_source
STARK-item-WNLWOA3A,STAR-K,Beer,Lakefront,Brewsicle Peach Mango Wheat Ale,Approved,STAR-K,True,,no_evidence,False,True,False,False,,STAR-K approves this beer and records it as Certified By STAR-K.,https://www.star-k.org/resource/list/W56J90P5/all_liquor#item-WNLWOA3A,"STAR-K all_liquor listing, item block item-WNLWOA3A (imported row index 1459)",2026-08-11,verified_against_current_official_source
STARK-item-XXJP4CW3,STAR-K,Beer,Lakefront,Cherry Hard Seltzer,Approved,STAR-K,True,,no_evidence,False,True,False,False,,STAR-K approves this beer and records it as Certified By STAR-K.,https://www.star-k.org/resource/list/W56J90P5/all_liquor#item-XXJP4CW3,"STAR-K all_liquor listing, item block item-XXJP4CW3 (imported row index 1460)",2026-08-11,verified_against_current_official_source
STARK-item-Y8HJJEQU,STAR-K,Beer,Lakefront,Cherry Lager,Approved,STAR-K,True,,no_evidence,False,True,False,False,,STAR-K approves this beer and records it as Certified By STAR-K.,https://www.star-k.org/resource/list/W56J90P5/all_liquor#item-Y8HJJEQU,"STAR-K all_liquor listing, item block item-Y8HJJEQU (imported row index 1461)",2026-08-11,verified_against_current_official_source
STARK-item-1HECYGKM,STAR-K,Beer,Lakefront,Chilly Rabbit Cold IPA,Approved,STAR-K,True,,no_evidence,False,True,False,False,,STAR-K approves this beer and records it as Certified By STAR-K.,https://www.star-k.org/resource/list/W56J90P5/all_liquor#item-1HECYGKM,"STAR-K all_liquor listing, item block item-1HECYGKM (imported row index 1462)",2026-08-11,verified_against_current_official_source
STARK-item-2QC6DIEE,STAR-K,Beer,Lakefront,Cream City Pale Ale,Approved,STAR-K,True,,no_evidence,False,True,False,False,,STAR-K approves this beer and records it as Certified By STAR-K.,https://www.star-k.org/resource/list/W56J90P5/all_liquor#item-2QC6DIEE,"STAR-K all_liquor listing, item block item-2QC6DIEE (imported row index 1463)",2026-08-11,verified_against_current_official_source
STARK-item-31AZSJ87,STAR-K,Beer,Lakefront,Cream City Redux,Approved,STAR-K,True,,no_evidence,False,True,False,False,,STAR-K approves this beer and records it as Certified By STAR-K.,https://www.star-k.org/resource/list/W56J90P5/all_liquor#item-31AZSJ87,"STAR-K all_liquor listing, item block item-31AZSJ87 (imported row index 1464)",2026-08-11,verified_against_current_official_source
STARK-item-ROF1RS6Y,STAR-K,Beer,Lakefront,Dive Beer,Approved,STAR-K,True,,no_evidence,False,True,False,False,,STAR-K approves this beer and records it as Certified By STAR-K.,https://www.star-k.org/resource/list/W56J90P5/all_liquor#item-ROF1RS6Y,"STAR-K all_liquor listing, item block item-ROF1RS6Y (imported row index 1465)",2026-08-11,verified_against_current_official_source
STARK-item-SXDT7UZQ,STAR-K,Beer,Lakefront,East Side Dark Lager,Approved,STAR-K,True,,no_evidence,False,True,False,False,,STAR-K approves this beer and records it as Certified By STAR-K.,https://www.star-k.org/resource/list/W56J90P5/all_liquor#item-SXDT7UZQ,"STAR-K all_liquor listing, item block item-SXDT7UZQ (imported row index 1466)",2026-08-11,verified_against_current_official_source
STARK-item-T8BNLWTI,STAR-K,Beer,Lakefront,Fixed Gear American Red Ale,Approved,STAR-K,True,,no_evidence,False,True,False,False,,STAR-K approves this beer and records it as Certified By STAR-K.,https://www.star-k.org/resource/list/W56J90P5/all_liquor#item-T8BNLWTI,"STAR-K all_liquor listing, item block item-T8BNLWTI (imported row index 1467)",2026-08-11,verified_against_current_official_source
STARK-item-VH0G1YMA,STAR-K,Beer,Lakefront,Hazy Rabbit IPA,Approved,STAR-K,True,,no_evidence,False,True,False,False,,STAR-K approves this beer and records it as Certified By STAR-K.,https://www.star-k.org/resource/list/W56J90P5/all_liquor#item-VH0G1YMA,"STAR-K all_liquor listing, item block item-VH0G1YMA (imported row index 1468)",2026-08-11,verified_against_current_official_source
STARK-item-WR7AF1G3,STAR-K,Beer,Lakefront,Hop Gods Double Dry Hop Imperial IPA,Approved,STAR-K,True,,no_evidence,False,True,False,False,,STAR-K approves this beer and records it as Certified By STAR-K.,https://www.star-k.org/resource/list/W56J90P5/all_liquor#item-WR7AF1G3,"STAR-K all_liquor listing, item block item-WR7AF1G3 (imported row index 1469)",2026-08-11,verified_against_current_official_source
STARK-item-X254U2AU,STAR-K,Beer,Lakefront,IBA (India Black Ale),Approved,STAR-K India Black Ale,True,,no_evidence,False,True,False,False,,STAR-K approves this beer and records it as Certified By STAR-K.,https://www.star-k.org/resource/list/W56J90P5/all_liquor#item-X254U2AU,"STAR-K all_liquor listing, item block item-X254U2AU (imported row index 1470)",2026-08-11,verified_against_current_official_source
STARK-item-YB3W045M,STAR-K,Beer,Lakefront,IPA India Pale Ale,Approved,STAR-K,True,,no_evidence,False,True,False,False,,STAR-K approves this beer and records it as Certified By STAR-K.,https://www.star-k.org/resource/list/W56J90P5/all_liquor#item-YB3W045M,"STAR-K all_liquor listing, item block item-YB3W045M (imported row index 1471)",2026-08-11,verified_against_current_official_source
STARK-item-1L1QO6YE,STAR-K,Beer,Lakefront,La Gosa Rita,Approved,STAR-K,True,,no_evidence,False,True,False,False,,STAR-K approves this beer and records it as Certified By STAR-K.,https://www.star-k.org/resource/list/W56J90P5/all_liquor#item-1L1QO6YE,"STAR-K all_liquor listing, item block item-1L1QO6YE (imported row index 1472)",2026-08-11,verified_against_current_official_source
STARK-item-2VYJ48R7,STAR-K,Beer,Lakefront,Lakefront Lager,Approved,STAR-K,True,,no_evidence,False,True,False,False,,STAR-K approves this beer and records it as Certified By STAR-K.,https://www.star-k.org/resource/list/W56J90P5/all_liquor#item-2VYJ48R7,"STAR-K all_liquor listing, item block item-2VYJ48R7 (imported row index 1473)",2026-08-11,verified_against_current_official_source
STARK-item-36VDI0LY,STAR-K,Beer,Lakefront,Lakefront Pils,Approved,STAR-K,True,,no_evidence,False,True,False,False,,STAR-K approves this beer and records it as Certified By STAR-K.,https://www.star-k.org/resource/list/W56J90P5/all_liquor#item-36VDI0LY,"STAR-K all_liquor listing, item block item-36VDI0LY (imported row index 1474)",2026-08-11,verified_against_current_official_source
STARK-item-S3Y8XJDI,STAR-K,Beer,Lakefront,M'Waukee Brewsicle,Approved,STAR-K,True,,no_evidence,False,True,False,False,,STAR-K approves this beer and records it as Certified By STAR-K.,https://www.star-k.org/resource/list/W56J90P5/all_liquor#item-S3Y8XJDI,"STAR-K all_liquor listing, item block item-S3Y8XJDI (imported row index 1475)",2026-08-11,verified_against_current_official_source
STARK-item-RS2EIIJQ,STAR-K,Beer,Lakefront,Maibock,Approved,STAR-K,True,,no_evidence,False,True,False,False,,STAR-K approves this beer and records it as Certified By STAR-K.,https://www.star-k.org/resource/list/W56J90P5/all_liquor#item-RS2EIIJQ,"STAR-K all_liquor listing, item block item-RS2EIIJQ (imported row index 1476)",2026-08-11,verified_against_current_official_source
STARK-item-VMUURN13,STAR-K,Beer,Lakefront,My Turn: Allison,Approved,STAR-K,True,,no_evidence,False,True,False,False,,STAR-K approves this beer and records it as Certified By STAR-K.,https://www.star-k.org/resource/list/W56J90P5/all_liquor#item-VMUURN13,"STAR-K all_liquor listing, item block item-VMUURN13 (imported row index 1477)",2026-08-11,verified_against_current_official_source
STARK-item-WWSN7PUU,STAR-K,Beer,Lakefront,My Turn: Chopper,Approved,STAR-K,True,,no_evidence,False,True,False,False,,STAR-K approves this beer and records it as Certified By STAR-K.,https://www.star-k.org/resource/list/W56J90P5/all_liquor#item-WWSN7PUU,"STAR-K all_liquor listing, item block item-WWSN7PUU (imported row index 1478)",2026-08-11,verified_against_current_official_source
STARK-item-X7QHLROM,STAR-K,Beer,Lakefront,My Turn: Doyle,Approved,STAR-K,True,,no_evidence,False,True,False,False,,STAR-K approves this beer and records it as Certified By STAR-K.,https://www.star-k.org/resource/list/W56J90P5/all_liquor#item-X7QHLROM,"STAR-K all_liquor listing, item block item-X7QHLROM (imported row index 1479)",2026-08-11,verified_against_current_official_source
STARK-item-ZGNA1TIE,STAR-K,Beer,Lakefront,My Turn: Hopgood,Approved,STAR-K,True,,no_evidence,False,True,False,False,,STAR-K approves this beer and records it as Certified By STAR-K.,https://www.star-k.org/resource/list/W56J90P5/all_liquor#item-ZGNA1TIE,"STAR-K all_liquor listing, item block item-ZGNA1TIE (imported row index 1480)",2026-08-11,verified_against_current_official_source
STARK-item-1QL5FUB7,STAR-K,Beer,Lakefront,My Turn: Huber,Approved,STAR-K,True,,no_evidence,False,True,False,False,,STAR-K approves this beer and records it as Certified By STAR-K.,https://www.star-k.org/resource/list/W56J90P5/all_liquor#item-1QL5FUB7,"STAR-K all_liquor listing, item block item-1QL5FUB7 (imported row index 1481)",2026-08-11,verified_against_current_official_source
STARK-item-21JXUW6Y,STAR-K,Beer,Lakefront,My Turn: Moses,Approved,STAR-K,True,,no_evidence,False,True,False,False,,STAR-K approves this beer and records it as Certified By STAR-K.,https://www.star-k.org/resource/list/W56J90P5/all_liquor#item-21JXUW6Y,"STAR-K all_liquor listing, item block item-21JXUW6Y (imported row index 1482)",2026-08-11,verified_against_current_official_source
STARK-item-3AHQ0YZQ,STAR-K,Beer,Lakefront,My Turn: Nolan,Approved,STAR-K,True,,no_evidence,False,True,False,False,,STAR-K approves this beer and records it as Certified By STAR-K.,https://www.star-k.org/resource/list/W56J90P5/all_liquor#item-3AHQ0YZQ,"STAR-K all_liquor listing, item block item-3AHQ0YZQ (imported row index 1483)",2026-08-11,verified_against_current_official_source
STARK-item-RXMR98XI,STAR-K,Beer,Lakefront,My Turn: Rob,Approved,STAR-K,True,,no_evidence,False,True,False,False,,STAR-K approves this beer and records it as Certified By STAR-K.,https://www.star-k.org/resource/list/W56J90P5/all_liquor#item-RXMR98XI,"STAR-K all_liquor listing, item block item-RXMR98XI (imported row index 1484)",2026-08-11,verified_against_current_official_source
STARK-item-S8KLN0QA,STAR-K,Beer,Lakefront,My Turn: Samm,Approved,STAR-K,True,,no_evidence,False,True,False,False,,STAR-K approves this beer and records it as Certified By STAR-K.,https://www.star-k.org/resource/list/W56J90P5/all_liquor#item-S8KLN0QA,"STAR-K all_liquor listing, item block item-S8KLN0QA (imported row index 1485)",2026-08-11,verified_against_current_official_source
STARK-item-UHIE3BK3,STAR-K,Beer,Lakefront,My Turn: Ted,Approved,STAR-K,True,,no_evidence,False,True,False,False,,STAR-K approves this beer and records it as Certified By STAR-K.,https://www.star-k.org/resource/list/W56J90P5/all_liquor#item-UHIE3BK3,"STAR-K all_liquor listing, item block item-UHIE3BK3 (imported row index 1486)",2026-08-11,verified_against_current_official_source
STARK-item-VRF9HDEU,STAR-K,Beer,Lakefront,My Turn: Towny,Approved,STAR-K,True,,no_evidence,False,True,False,False,,STAR-K approves this beer and records it as Certified By STAR-K.,https://www.star-k.org/resource/list/W56J90P5/all_liquor#item-VRF9HDEU,"STAR-K all_liquor listing, item block item-VRF9HDEU (imported row index 1487)",2026-08-11,verified_against_current_official_source
STARK-item-W1D2XE9M,STAR-K,Beer,Lakefront,My Turn: Tyler,Approved,STAR-K,True,,no_evidence,False,True,False,False,,STAR-K approves this beer and records it as Certified By STAR-K.,https://www.star-k.org/resource/list/W56J90P5/all_liquor#item-W1D2XE9M,"STAR-K all_liquor listing, item block item-W1D2XE9M (imported row index 1488)",2026-08-11,verified_against_current_official_source
STARK-item-XABUCG3E,STAR-K,Beer,Lakefront,My Turn: Yovani,Approved,STAR-K,True,,no_evidence,False,True,False,False,,STAR-K approves this beer and records it as Certified By STAR-K.,https://www.star-k.org/resource/list/W56J90P5/all_liquor#item-XABUCG3E,"STAR-K all_liquor listing, item block item-XABUCG3E (imported row index 1489)",2026-08-11,verified_against_current_official_source
STARK-item-TCW1CL7A,STAR-K,Beer,Lakefront,My Turn Series,Approved,STAR-K,True,,no_evidence,False,True,False,False,,STAR-K approves this beer and records it as Certified By STAR-K.,https://www.star-k.org/resource/list/W56J90P5/all_liquor#item-TCW1CL7A,"STAR-K all_liquor listing, item block item-TCW1CL7A (imported row index 1490)",2026-08-11,verified_against_current_official_source
STARK-item-ZK0ORIV7,STAR-K,Beer,Lakefront,New Grist Beer,Approved,STAR-K,True,,no_evidence,False,True,False,False,,STAR-K approves this beer and records it as Certified By STAR-K.,https://www.star-k.org/resource/list/W56J90P5/all_liquor#item-ZK0ORIV7,"STAR-K all_liquor listing, item block item-ZK0ORIV7 (imported row index 1491)",2026-08-11,verified_against_current_official_source
STARK-item-1U8H7KPY,STAR-K,Beer,Lakefront,New Grist Ginger Style Ale,Approved,STAR-K,True,,no_evidence,False,True,False,False,,STAR-K approves this beer and records it as Certified By STAR-K.,https://www.star-k.org/resource/list/W56J90P5/all_liquor#item-1U8H7KPY,"STAR-K all_liquor listing, item block item-1U8H7KPY (imported row index 1492)",2026-08-11,verified_against_current_official_source
STARK-item-255BLMJQ,STAR-K,Beer,Lakefront,New Grist IPA,Approved,STAR-K,True,,no_evidence,False,True,False,False,,STAR-K approves this beer and records it as Certified By STAR-K.,https://www.star-k.org/resource/list/W56J90P5/all_liquor#item-255BLMJQ,"STAR-K all_liquor listing, item block item-255BLMJQ (imported row index 1493)",2026-08-11,verified_against_current_official_source
STARK-item-4E351NDI,STAR-K,Beer,Lakefront,Nitro Cherry Kringle,Approved,STAR-K,True,,no_evidence,False,True,False,False,,STAR-K approves this beer and records it as Certified By STAR-K.,https://www.star-k.org/resource/list/W56J90P5/all_liquor#item-4E351NDI,"STAR-K all_liquor listing, item block item-4E351NDI (imported row index 1494)",2026-08-11,verified_against_current_official_source
STARK-item-R286ZWAA,STAR-K,Beer,Lakefront,Nitro Honey Nut Beerios,Approved,STAR-K,True,,no_evidence,False,True,False,False,,STAR-K approves this beer and records it as Certified By STAR-K.,https://www.star-k.org/resource/list/W56J90P5/all_liquor#item-R286ZWAA,"STAR-K all_liquor listing, item block item-R286ZWAA (imported row index 1495)",2026-08-11,verified_against_current_official_source
STARK-item-SB6ZEY53,STAR-K,Beer,Lakefront,Nitro Orange Creamsicle,Approved,STAR-K,True,,no_evidence,False,True,False,False,,STAR-K approves this beer and records it as Certified By STAR-K.,https://www.star-k.org/resource/list/W56J90P5/all_liquor#item-SB6ZEY53,"STAR-K all_liquor listing, item block item-SB6ZEY53 (imported row index 1496)",2026-08-11,verified_against_current_official_source
STARK-item-UL4ST1YU,STAR-K,Beer,Lakefront,Nitro Peanut Butter Porter,Approved,STAR-K,True,,no_evidence,False,True,False,False,,STAR-K approves this beer and records it as Certified By STAR-K.,https://www.star-k.org/resource/list/W56J90P5/all_liquor#item-UL4ST1YU,"STAR-K all_liquor listing, item block item-UL4ST1YU (imported row index 1497)",2026-08-11,verified_against_current_official_source
STARK-item-VV2L93SM,STAR-K,Beer,Lakefront,Nitro Peppermint Bark Stout,Approved,STAR-K,True,,no_evidence,False,True,False,False,,STAR-K approves this beer and records it as Certified By STAR-K.,https://www.star-k.org/resource/list/W56J90P5/all_liquor#item-VV2L93SM,"STAR-K all_liquor listing, item block item-VV2L93SM (imported row index 1498)",2026-08-11,verified_against_current_official_source
STARK-item-W6ZFN5ME,STAR-K,Beer,Lakefront,Nitro Pumpkin Pie Amber Ale,Approved,STAR-K,True,,no_evidence,False,True,False,False,,STAR-K approves this beer and records it as Certified By STAR-K.,https://www.star-k.org/resource/list/W56J90P5/all_liquor#item-W6ZFN5ME,"STAR-K all_liquor listing, item block item-W6ZFN5ME (imported row index 1499)",2026-08-11,verified_against_current_official_source
STARK-item-YFW937F7,STAR-K,Beer,Lakefront,Oktoberfest,Approved,STAR-K,True,,no_evidence,False,True,False,False,,STAR-K approves this beer and records it as Certified By STAR-K.,https://www.star-k.org/resource/list/W56J90P5/all_liquor#item-YFW937F7,"STAR-K all_liquor listing, item block item-YFW937F7 (imported row index 1500)",2026-08-11,verified_against_current_official_source
STARK-item-ZPU3H80Y,STAR-K,Beer,Lakefront,Organic Barleywine,Approved,STAR-K,True,,no_evidence,False,True,False,False,,STAR-K approves this beer and records it as Certified By STAR-K.,https://www.star-k.org/resource/list/W56J90P5/all_liquor#item-ZPU3H80Y,"STAR-K all_liquor listing, item block item-ZPU3H80Y (imported row index 1501)",2026-08-11,verified_against_current_official_source
STARK-item-1ZSVW04Q,STAR-K,Beer,Lakefront,Organika Organic White Ale,Approved,STAR-K,True,,no_evidence,False,True,False,False,,STAR-K approves this beer and records it as Certified By STAR-K.,https://www.star-k.org/resource/list/W56J90P5/all_liquor#item-1ZSVW04Q,"STAR-K all_liquor listing, item block item-1ZSVW04Q (imported row index 1502)",2026-08-11,verified_against_current_official_source
STARK-item-20QOBBXI,STAR-K,Beer,Lakefront,P.O.G. Seltzer,Approved,STAR-K,True,,no_evidence,False,True,False,False,,STAR-K approves this beer and records it as Certified By STAR-K.,https://www.star-k.org/resource/list/W56J90P5/all_liquor#item-20QOBBXI,"STAR-K all_liquor listing, item block item-20QOBBXI (imported row index 1503)",2026-08-11,verified_against_current_official_source
STARK-item-4JOIQDQA,STAR-K,Beer,Lakefront,Pumpkin Lager,Approved,STAR-K,True,,no_evidence,False,True,False,False,,STAR-K approves this beer and records it as Certified By STAR-K.,https://www.star-k.org/resource/list/W56J90P5/all_liquor#item-4JOIQDQA,"STAR-K all_liquor listing, item block item-4JOIQDQA (imported row index 1504)",2026-08-11,verified_against_current_official_source
STARK-item-R7TJQMO3,STAR-K,Beer,Lakefront,Queen Bean,Approved,STAR-K,True,,no_evidence,False,True,False,False,,STAR-K approves this beer and records it as Certified By STAR-K.,https://www.star-k.org/resource/list/W56J90P5/all_liquor#item-R7TJQMO3,"STAR-K all_liquor listing, item block item-R7TJQMO3 (imported row index 1505)",2026-08-11,verified_against_current_official_source
STARK-item-TGQC6OIU,STAR-K,Beer,Lakefront,Raspberry Lime Seltzer,Approved,STAR-K,True,,no_evidence,False,True,False,False,,STAR-K approves this beer and records it as Certified By STAR-K.,https://www.star-k.org/resource/list/W56J90P5/all_liquor#item-TGQC6OIU,"STAR-K all_liquor listing, item block item-TGQC6OIU (imported row index 1506)",2026-08-11,verified_against_current_official_source
STARK-item-UQO7KPCM,STAR-K,Beer,Lakefront,Rendezvous Ale,Approved,STAR-K,True,,no_evidence,False,True,False,False,,STAR-K approves this beer and records it as Certified By STAR-K.,https://www.star-k.org/resource/list/W56J90P5/all_liquor#item-UQO7KPCM,"STAR-K all_liquor listing, item block item-UQO7KPCM (imported row index 1507)",2026-08-11,verified_against_current_official_source
STARK-item-V1MZZR7E,STAR-K,Beer,Lakefront,Rice Seltzer,Approved,STAR-K,True,,no_evidence,False,True,False,False,,STAR-K approves this beer and records it as Certified By STAR-K.,https://www.star-k.org/resource/list/W56J90P5/all_liquor#item-V1MZZR7E,"STAR-K all_liquor listing, item block item-V1MZZR7E (imported row index 1508)",2026-08-11,verified_against_current_official_source
STARK-item-WAKTETZ7,STAR-K,Beer,Lakefront,Riverwest Stein,Approved,STAR-K,True,,no_evidence,False,True,False,False,,STAR-K approves this beer and records it as Certified By STAR-K.,https://www.star-k.org/resource/list/W56J90P5/all_liquor#item-WAKTETZ7,"STAR-K all_liquor listing, item block item-WAKTETZ7 (imported row index 1509)",2026-08-11,verified_against_current_official_source
STARK-item-YKIMTVTY,STAR-K,Beer,Lakefront,Royal Rabbit Imperial IPA,Approved,STAR-K,True,,no_evidence,False,True,False,False,,STAR-K approves this beer and records it as Certified By STAR-K.,https://www.star-k.org/resource/list/W56J90P5/all_liquor#item-YKIMTVTY,"STAR-K all_liquor listing, item block item-YKIMTVTY (imported row index 1510)",2026-08-11,verified_against_current_official_source
STARK-item-ZUGF9XNQ,STAR-K,Beer,Lakefront,Snake Chaser Stout,Approved,STAR-K,True,,no_evidence,False,True,False,False,,STAR-K approves this beer and records it as Certified By STAR-K.,https://www.star-k.org/resource/list/W56J90P5/all_liquor#item-ZUGF9XNQ,"STAR-K all_liquor listing, item block item-ZUGF9XNQ (imported row index 1511)",2026-08-11,verified_against_current_official_source
STARK-item-14D0NZHI,STAR-K,Beer,Lakefront,Warm Front Tropical India Pale Ale,Approved,STAR-K,True,,no_evidence,False,True,False,False,,STAR-K approves this beer and records it as Certified By STAR-K.,https://www.star-k.org/resource/list/W56J90P5/all_liquor#item-14D0NZHI,"STAR-K all_liquor listing, item block item-14D0NZHI (imported row index 1512)",2026-08-11,verified_against_current_official_source
STARK-item-2DB331AA,STAR-K,Beer,Lakefront,Warmfront,Approved,STAR-K,True,,no_evidence,False,True,False,False,,STAR-K approves this beer and records it as Certified By STAR-K.,https://www.star-k.org/resource/list/W56J90P5/all_liquor#item-2DB331AA,"STAR-K all_liquor listing, item block item-2DB331AA (imported row index 1513)",2026-08-11,verified_against_current_official_source
STARK-item-4N0WH353,STAR-K,Beer,Lakefront,Wheat Blonde Ale,Approved,STAR-K,True,,no_evidence,False,True,False,False,,STAR-K approves this beer and records it as Certified By STAR-K.,https://www.star-k.org/resource/list/W56J90P5/all_liquor#item-4N0WH353,"STAR-K all_liquor listing, item block item-4N0WH353 (imported row index 1514)",2026-08-11,verified_against_current_official_source
STARK-item-RBEXGB3U,STAR-K,Beer,Lakefront,Wisconsinite,Approved,STAR-K,True,,no_evidence,False,True,False,False,,STAR-K approves this beer and records it as Certified By STAR-K.,https://www.star-k.org/resource/list/W56J90P5/all_liquor#item-RBEXGB3U,"STAR-K all_liquor listing, item block item-RBEXGB3U (imported row index 1515)",2026-08-11,verified_against_current_official_source
STARK-item-TKCQVDWM,STAR-K,Beer,Leffe,Leffe Blond (Belgium),Approved,KF Belgium,True,,no_evidence,False,True,False,False,,STAR-K approves this beer and records it as Certified By KF.,https://www.star-k.org/resource/list/W56J90P5/all_liquor#item-TKCQVDWM,"STAR-K all_liquor listing, item block item-TKCQVDWM (imported row index 1530)",2026-08-11,verified_against_current_official_source
STARK-item-UUAJBFQE,STAR-K,Beer,Leffe,Leffe Brown (Belgium),Approved,KF Belgium,True,,no_evidence,False,True,False,False,,STAR-K approves this beer and records it as Certified By KF.,https://www.star-k.org/resource/list/W56J90P5/all_liquor#item-UUAJBFQE,"STAR-K all_liquor listing, item block item-UUAJBFQE (imported row index 1531)",2026-08-11,verified_against_current_official_source
STARK-item-V58DQHJ7,STAR-K,Beer,Leffe,Leffe Radieuse (Belgium),Approved,KF Belgium,True,,no_evidence,False,True,False,False,,STAR-K approves this beer and records it as Certified By KF.,https://www.star-k.org/resource/list/W56J90P5/all_liquor#item-V58DQHJ7,"STAR-K all_liquor listing, item block item-V58DQHJ7 (imported row index 1532)",2026-08-11,verified_against_current_official_source
STARK-item-XE676IDY,STAR-K,Beer,Leffe,Leffe Rousse (Rossa) (Belgium),Approved,KF Rossa Belgium,True,,no_evidence,False,True,False,False,,STAR-K approves this beer and records it as Certified By KF.,https://www.star-k.org/resource/list/W56J90P5/all_liquor#item-XE676IDY,"STAR-K all_liquor listing, item block item-XE676IDY (imported row index 1533)",2026-08-11,verified_against_current_official_source
STARK-item-YO41KK8Q,STAR-K,Beer,Leffe,Leffe Royal Ambree (Mount Hood) (Belgium),Approved,KF Mount Hood Belgium,True,,no_evidence,False,True,False,False,,STAR-K approves this beer and records it as Certified By KF.,https://www.star-k.org/resource/list/W56J90P5/all_liquor#item-YO41KK8Q,"STAR-K all_liquor listing, item block item-YO41KK8Q (imported row index 1534)",2026-08-11,verified_against_current_official_source
STARK-item-ZY2TZM2I,STAR-K,Beer,Leffe,Leffe Royal Blonde (Whitbread Golding) (Belgium),Approved,KF Whitbread Golding Belgium,True,,no_evidence,False,True,False,False,,STAR-K approves this beer and records it as Certified By KF.,https://www.star-k.org/resource/list/W56J90P5/all_liquor#item-ZY2TZM2I,"STAR-K all_liquor listing, item block item-ZY2TZM2I (imported row index 1535)",2026-08-11,verified_against_current_official_source
STARK-item-19ZNEOUA,STAR-K,Beer,Leffe,Leffe Royal IPA (Cascade) (Belgium),Approved,KF Cascade Belgium,True,,no_evidence,False,True,False,False,,STAR-K approves this beer and records it as Certified By KF.,https://www.star-k.org/resource/list/W56J90P5/all_liquor#item-19ZNEOUA,"STAR-K all_liquor listing, item block item-19ZNEOUA (imported row index 1536)",2026-08-11,verified_against_current_official_source
STARK-item-3IXGTQO3,STAR-K,Beer,Leffe,Leffe Ruby (Belgium),Approved,KF Belgium,True,,no_evidence,False,True,False,False,,STAR-K approves this beer and records it as Certified By KF.,https://www.star-k.org/resource/list/W56J90P5/all_liquor#item-3IXGTQO3,"STAR-K all_liquor listing, item block item-3IXGTQO3 (imported row index 1537)",2026-08-11,verified_against_current_official_source
STARK-item-4SU09SIU,STAR-K,Beer,Leffe,Leffe Vieille Cuvee (Belgium),Approved,KF Belgium,True,,no_evidence,False,True,False,False,,STAR-K approves this beer and records it as Certified By KF.,https://www.star-k.org/resource/list/W56J90P5/all_liquor#item-4SU09SIU,"STAR-K all_liquor listing, item block item-4SU09SIU (imported row index 1538)",2026-08-11,verified_against_current_official_source
STARK-item-Q7I17GKM,STAR-K,Beer,Leinenkugel,1888 Bock,Approved,OU,True,,no_evidence,False,True,False,False,,STAR-K approves this beer and records it as Certified By OU.,https://www.star-k.org/resource/list/W56J90P5/all_liquor#item-Q7I17GKM,"STAR-K all_liquor listing, item block item-Q7I17GKM (imported row index 1540)",2026-08-11,verified_against_current_official_source
STARK-item-SGGULIEE,STAR-K,Beer,Leinenkugel,BeerGarten Tart,Approved,OU,True,,no_evidence,False,True,False,False,,STAR-K approves this beer and records it as Certified By OU.,https://www.star-k.org/resource/list/W56J90P5/all_liquor#item-SGGULIEE,"STAR-K all_liquor listing, item block item-SGGULIEE (imported row index 1541)",2026-08-11,verified_against_current_official_source
STARK-item-TQEN1J87,STAR-K,Beer,Leinenkugel,Berry Shandy,Approved,OU,True,,no_evidence,False,True,False,False,,STAR-K approves this beer and records it as Certified By OU.,https://www.star-k.org/resource/list/W56J90P5/all_liquor#item-TQEN1J87,"STAR-K all_liquor listing, item block item-TQEN1J87 (imported row index 1542)",2026-08-11,verified_against_current_official_source
STARK-item-UZCHFL2Y,STAR-K,Beer,Leinenkugel,Berry Weiss,Approved,OU,True,,no_evidence,False,True,False,False,,STAR-K approves this beer and records it as Certified By OU.,https://www.star-k.org/resource/list/W56J90P5/all_liquor#item-UZCHFL2Y,"STAR-K all_liquor listing, item block item-UZCHFL2Y (imported row index 1543)",2026-08-11,verified_against_current_official_source
STARK-item-V00AUNVQ,STAR-K,Beer,Leinenkugel,Berry Weiss Ale,Approved,OU,True,,no_evidence,False,True,False,False,,STAR-K approves this beer and records it as Certified By OU.,https://www.star-k.org/resource/list/W56J90P5/all_liquor#item-V00AUNVQ,"STAR-K all_liquor listing, item block item-V00AUNVQ (imported row index 1544)",2026-08-11,verified_against_current_official_source
STARK-item-XJ840PPI,STAR-K,Beer,Leinenkugel,Big Butt Doppelbock,Approved,OU,True,,no_evidence,False,True,False,False,,STAR-K approves this beer and records it as Certified By OU.,https://www.star-k.org/resource/list/W56J90P5/all_liquor#item-XJ840PPI,"STAR-K all_liquor listing, item block item-XJ840PPI (imported row index 1545)",2026-08-11,verified_against_current_official_source
STARK-item-YT6XORIA,STAR-K,Beer,Leinenkugel,Canoe Paddler,Approved,OU,True,,no_evidence,False,True,False,False,,STAR-K approves this beer and records it as Certified By OU.,https://www.star-k.org/resource/list/W56J90P5/all_liquor#item-YT6XORIA,"STAR-K all_liquor listing, item block item-YT6XORIA (imported row index 1546)",2026-08-11,verified_against_current_official_source
STARK-item-Z44Q4SC3,STAR-K,Beer,Leinenkugel,Cherry Blonde Lager,Approved,OU,True,,no_evidence,False,True,False,False,,STAR-K approves this beer and records it as Certified By OU.,https://www.star-k.org/resource/list/W56J90P5/all_liquor#item-Z44Q4SC3,"STAR-K all_liquor listing, item block item-Z44Q4SC3 (imported row index 1547)",2026-08-11,verified_against_current_official_source
STARK-item-1D2KIU7U,STAR-K,Beer,Leinenkugel,Classic Amber Ale,Approved,OU,True,,no_evidence,False,True,False,False,,STAR-K approves this beer and records it as Certified By OU.,https://www.star-k.org/resource/list/W56J90P5/all_liquor#item-1D2KIU7U,"STAR-K all_liquor listing, item block item-1D2KIU7U (imported row index 1548)",2026-08-11,verified_against_current_official_source
STARK-item-3NYDXW1M,STAR-K,Beer,Leinenkugel,Classic Lager,Approved,OU,True,,no_evidence,False,True,False,False,,STAR-K approves this beer and records it as Certified By OU.,https://www.star-k.org/resource/list/W56J90P5/all_liquor#item-3NYDXW1M,"STAR-K all_liquor listing, item block item-3NYDXW1M (imported row index 1549)",2026-08-11,verified_against_current_official_source
STARK-item-QA5EW6YE,STAR-K,Beer,Leinenkugel,Cranberry Ginger Shandy,Approved,OU,True,,no_evidence,False,True,False,False,,STAR-K approves this beer and records it as Certified By OU.,https://www.star-k.org/resource/list/W56J90P5/all_liquor#item-QA5EW6YE,"STAR-K all_liquor listing, item block item-QA5EW6YE (imported row index 1550)",2026-08-11,verified_against_current_official_source
STARK-item-SK28B8R7,STAR-K,Beer,Leinenkugel,Creamy Dark,Approved,OU,True,,no_evidence,False,True,False,False,,STAR-K approves this beer and records it as Certified By OU.,https://www.star-k.org/resource/list/W56J90P5/all_liquor#item-SK28B8R7,"STAR-K all_liquor listing, item block item-SK28B8R7 (imported row index 1551)",2026-08-11,verified_against_current_official_source
STARK-item-TUZ2Q0LY,STAR-K,Beer,Leinenkugel,Fireside Nut Brown Ale,Approved,OU,True,,no_evidence,False,True,False,False,,STAR-K approves this beer and records it as Certified By OU.,https://www.star-k.org/resource/list/W56J90P5/all_liquor#item-TUZ2Q0LY,"STAR-K all_liquor listing, item block item-TUZ2Q0LY (imported row index 1552)",2026-08-11,verified_against_current_official_source
STARK-item-U5XU6BFQ,STAR-K,Beer,Leinenkugel,Ginger Shandy,Approved,OU,True,,no_evidence,False,True,False,False,,STAR-K approves this beer and records it as Certified By OU.,https://www.star-k.org/resource/list/W56J90P5/all_liquor#item-U5XU6BFQ,"STAR-K all_liquor listing, item block item-U5XU6BFQ (imported row index 1553)",2026-08-11,verified_against_current_official_source
STARK-item-WEVOKC0I,STAR-K,Beer,Leinenkugel,Grapefruit Shandy,Approved,OU,True,,no_evidence,False,True,False,False,,STAR-K approves this beer and records it as Certified By OU.,https://www.star-k.org/resource/list/W56J90P5/all_liquor#item-WEVOKC0I,"STAR-K all_liquor listing, item block item-WEVOKC0I (imported row index 1554)",2026-08-11,verified_against_current_official_source
STARK-item-XOTH1E3A,STAR-K,Beer,Leinenkugel,Harvest Patch Shandy,Approved,OU,True,,no_evidence,False,True,False,False,,STAR-K approves this beer and records it as Certified By OU.,https://www.star-k.org/resource/list/W56J90P5/all_liquor#item-XOTH1E3A,"STAR-K all_liquor listing, item block item-XOTH1E3A (imported row index 1555)",2026-08-11,verified_against_current_official_source
STARK-item-YYQBFGW3,STAR-K,Beer,Leinenkugel,Hefeweizen,Approved,OU,True,,no_evidence,False,True,False,False,,STAR-K approves this beer and records it as Certified By OU.,https://www.star-k.org/resource/list/W56J90P5/all_liquor#item-YYQBFGW3,"STAR-K all_liquor listing, item block item-YYQBFGW3 (imported row index 1556)",2026-08-11,verified_against_current_official_source
STARK-item-Z9O5UIQU,STAR-K,Beer,Leinenkugel,Helles Yeah,Approved,OU,True,,no_evidence,False,True,False,False,,STAR-K approves this beer and records it as Certified By OU.,https://www.star-k.org/resource/list/W56J90P5/all_liquor#item-Z9O5UIQU,"STAR-K all_liquor listing, item block item-Z9O5UIQU (imported row index 1557)",2026-08-11,verified_against_current_official_source
STARK-item-2IMX0KKM,STAR-K,Beer,Leinenkugel,Honey Weiss Ale,Approved,OU,True,,no_evidence,False,True,False,False,,STAR-K approves this beer and records it as Certified By OU.,https://www.star-k.org/resource/list/W56J90P5/all_liquor#item-2IMX0KKM,"STAR-K all_liquor listing, item block item-2IMX0KKM (imported row index 1558)",2026-08-11,verified_against_current_official_source
STARK-item-3SKROMEE,STAR-K,Beer,Leinenkugel,Imperial Russian Stout,Approved,OU,True,,no_evidence,False,True,False,False,,STAR-K approves this beer and records it as Certified By OU.,https://www.star-k.org/resource/list/W56J90P5/all_liquor#item-3SKROMEE,"STAR-K all_liquor listing, item block item-3SKROMEE (imported row index 1559)",2026-08-11,verified_against_current_official_source
STARK-item-RFPSNUB7,STAR-K,Beer,Leinenkugel,Juicy Peach,Approved,OU,True,,no_evidence,False,True,False,False,,STAR-K approves this beer and records it as Certified By OU.,https://www.star-k.org/resource/list/W56J90P5/all_liquor#item-RFPSNUB7,"STAR-K all_liquor listing, item block item-RFPSNUB7 (imported row index 1560)",2026-08-11,verified_against_current_official_source
STARK-item-SPNL3W6Y,STAR-K,Beer,Leinenkugel,Lakeside Cherry,Approved,OU,True,,no_evidence,False,True,False,False,,STAR-K approves this beer and records it as Certified By OU.,https://www.star-k.org/resource/list/W56J90P5/all_liquor#item-SPNL3W6Y,"STAR-K all_liquor listing, item block item-SPNL3W6Y (imported row index 1561)",2026-08-11,verified_against_current_official_source
STARK-item-TZLFHYZQ,STAR-K,Beer,Leinenkugel,Northern Battle Brew,Approved,OU,True,,no_evidence,False,True,False,False,,STAR-K approves this beer and records it as Certified By OU.,https://www.star-k.org/resource/list/W56J90P5/all_liquor#item-TZLFHYZQ,"STAR-K all_liquor listing, item block item-TZLFHYZQ (imported row index 1562)",2026-08-11,verified_against_current_official_source
STARK-item-U0I9W1TI,STAR-K,Beer,Leinenkugel,Northwoods Lager,Approved,OU,True,,no_evidence,False,True,False,False,,STAR-K approves this beer and records it as Certified By OU.,https://www.star-k.org/resource/list/W56J90P5/all_liquor#item-U0I9W1TI,"STAR-K all_liquor listing, item block item-U0I9W1TI (imported row index 1563)",2026-08-11,verified_against_current_official_source
STARK-item-WJG2B3MA,STAR-K,Beer,Leinenkugel,Oktoberfest,Approved,OU,True,,no_evidence,False,True,False,False,,STAR-K approves this beer and records it as Certified By OU.,https://www.star-k.org/resource/list/W56J90P5/all_liquor#item-WJG2B3MA,"STAR-K all_liquor listing, item block item-WJG2B3MA (imported row index 1564)",2026-08-11,verified_against_current_official_source
STARK-item-XTEVQ5G3,STAR-K,Beer,Leinenkugel,Old Fashioned Shandy,Approved,OU,True,,no_evidence,False,True,False,False,,STAR-K approves this beer and records it as Certified By OU.,https://www.star-k.org/resource/list/W56J90P5/all_liquor#item-XTEVQ5G3,"STAR-K all_liquor listing, item block item-XTEVQ5G3 (imported row index 1565)",2026-08-11,verified_against_current_official_source
STARK-item-Y3CO66AU,STAR-K,Beer,Leinenkugel,Orange Shandy,Approved,OU,True,,no_evidence,False,True,False,False,,STAR-K approves this beer and records it as Certified By OU.,https://www.star-k.org/resource/list/W56J90P5/all_liquor#item-Y3CO66AU,"STAR-K all_liquor listing, item block item-Y3CO66AU (imported row index 1566)",2026-08-11,verified_against_current_official_source
STARK-item-ZCAIK85M,STAR-K,Beer,Leinenkugel,Original Beer,Approved,OU,True,,no_evidence,False,True,False,False,,STAR-K approves this beer and records it as Certified By OU.,https://www.star-k.org/resource/list/W56J90P5/all_liquor#item-ZCAIK85M,"STAR-K all_liquor listing, item block item-ZCAIK85M (imported row index 1567)",2026-08-11,verified_against_current_official_source
STARK-item-2M8BZ0YE,STAR-K,Beer,Leinenkugel,Pomegranate Shandy,Approved,OU,True,,no_evidence,False,True,False,False,,STAR-K approves this beer and records it as Certified By OU.,https://www.star-k.org/resource/list/W56J90P5/all_liquor#item-2M8BZ0YE,"STAR-K all_liquor listing, item block item-2M8BZ0YE (imported row index 1568)",2026-08-11,verified_against_current_official_source
STARK-item-3W66EBR7,STAR-K,Beer,Leinenkugel,Red Lager,Approved,OU,True,,no_evidence,False,True,False,False,,STAR-K approves this beer and records it as Certified By OU.,https://www.star-k.org/resource/list/W56J90P5/all_liquor#item-3W66EBR7,"STAR-K all_liquor listing, item block item-3W66EBR7 (imported row index 1569)",2026-08-11,verified_against_current_official_source
STARK-item-RJA7EKPY,STAR-K,Beer,Leinenkugel,Snowdrift Vanilla Porter,Approved,OU,True,,no_evidence,False,True,False,False,,STAR-K approves this beer and records it as Certified By OU.,https://www.star-k.org/resource/list/W56J90P5/all_liquor#item-RJA7EKPY,"STAR-K all_liquor listing, item block item-RJA7EKPY (imported row index 1570)",2026-08-11,verified_against_current_official_source
STARK-item-ST9ZTMJQ,STAR-K,Beer,Leinenkugel,Summer Shandy Ale,Approved,OU,True,,no_evidence,False,True,False,False,,STAR-K approves this beer and records it as Certified By OU.,https://www.star-k.org/resource/list/W56J90P5/all_liquor#item-ST9ZTMJQ,"STAR-K all_liquor listing, item block item-ST9ZTMJQ (imported row index 1571)",2026-08-11,verified_against_current_official_source
STARK-item-T47S9NDI,STAR-K,Beer,Leinenkugel,Sunset Wheat Ale,Approved,OU,True,,no_evidence,False,True,False,False,,STAR-K approves this beer and records it as Certified By OU.,https://www.star-k.org/resource/list/W56J90P5/all_liquor#item-T47S9NDI,"STAR-K all_liquor listing, item block item-T47S9NDI (imported row index 1572)",2026-08-11,verified_against_current_official_source
STARK-item-UD5MNP7A,STAR-K,Beer,Leinenkugel,Watermelon Shandy,Approved,OU,True,,no_evidence,False,True,False,False,,STAR-K approves this beer and records it as Certified By OU.,https://www.star-k.org/resource/list/W56J90P5/all_liquor#item-UD5MNP7A,"STAR-K all_liquor listing, item block item-UD5MNP7A (imported row index 1573)",2026-08-11,verified_against_current_official_source
STARK-item-WN3F3R13,STAR-K,Beer,Leinenkugel,Winter's Bite Cocoa Spice Black Lager,Approved,OU,True,,no_evidence,False,True,False,False,,STAR-K approves this beer and records it as Certified By OU.,https://www.star-k.org/resource/list/W56J90P5/all_liquor#item-WN3F3R13,"STAR-K all_liquor listing, item block item-WN3F3R13 (imported row index 1574)",2026-08-11,verified_against_current_official_source
STARK-item-XXZ0HTUU,STAR-K,Beer,Leinenkugel,Wisconsin Red Pale Ale,Approved,OU,True,,no_evidence,False,True,False,False,,STAR-K approves this beer and records it as Certified By OU.,https://www.star-k.org/resource/list/W56J90P5/all_liquor#item-XXZ0HTUU,"STAR-K all_liquor listing, item block item-XXZ0HTUU (imported row index 1575)",2026-08-11,verified_against_current_official_source
STARK-item-Y8X3WVOM,STAR-K,Beer,Leinie's,IPL Indiana Pale Lager,Approved,OU,True,,no_evidence,False,True,False,False,,STAR-K approves this beer and records it as Certified By OU.,https://www.star-k.org/resource/list/W56J90P5/all_liquor#item-Y8X3WVOM,"STAR-K all_liquor listing, item block item-Y8X3WVOM (imported row index 1576)",2026-08-11,verified_against_current_official_source
STARK-item-2RTPQYB7,STAR-K,Beer,Liefmans,"Cuvee Brut, Bottle/Keg (Belgium)",Approved,KF Belgium,True,,no_evidence,False,True,False,False,,STAR-K approves this beer and records it as Certified By KF.,https://www.star-k.org/resource/list/W56J90P5/all_liquor#item-2RTPQYB7,"STAR-K all_liquor listing, item block item-2RTPQYB7 (imported row index 1589)",2026-08-11,verified_against_current_official_source
STARK-item-32RI616Y,STAR-K,Beer,Liefmans,"Fruitesse, Bottle/Keg (Belgium)",Approved,KF Belgium,True,,no_evidence,False,True,False,False,,STAR-K approves this beer and records it as Certified By KF.,https://www.star-k.org/resource/list/W56J90P5/all_liquor#item-32RI616Y,"STAR-K all_liquor listing, item block item-32RI616Y (imported row index 1590)",2026-08-11,verified_against_current_official_source
STARK-item-ROWJ504Q,STAR-K,Beer,Liefmans,"Fruitesse Alcohol-Free Beer, Bottle/Keg (Belgium)",Approved,KF Belgium,True,,no_evidence,False,True,False,False,,STAR-K approves this beer and records it as Certified By KF.,https://www.star-k.org/resource/list/W56J90P5/all_liquor#item-ROWJ504Q,"STAR-K all_liquor listing, item block item-ROWJ504Q (imported row index 1591)",2026-08-11,verified_against_current_official_source
STARK-item-SYTDJBXI,STAR-K,Beer,Liefmans,"Gluhkriek, Bottle/Keg (Belgium)",Approved,KF Belgium,True,,no_evidence,False,True,False,False,,STAR-K approves this beer and records it as Certified By KF.,https://www.star-k.org/resource/list/W56J90P5/all_liquor#item-SYTDJBXI,"STAR-K all_liquor listing, item block item-SYTDJBXI (imported row index 1592)",2026-08-11,verified_against_current_official_source
STARK-item-T9R7YDQA,STAR-K,Beer,Liefmans,"Goudenband, Bottle/Keg (Belgium)",Approved,KF Belgium,True,,no_evidence,False,True,False,False,,STAR-K approves this beer and records it as Certified By KF.,https://www.star-k.org/resource/list/W56J90P5/all_liquor#item-T9R7YDQA,"STAR-K all_liquor listing, item block item-T9R7YDQA (imported row index 1593)",2026-08-11,verified_against_current_official_source
STARK-item-VIP1EFK3,STAR-K,Beer,Liefmans,"Green Apple, Bottle/Keg (Belgium)",Approved,KF Belgium,True,,no_evidence,False,True,False,False,,STAR-K approves this beer and records it as Certified By KF.,https://www.star-k.org/resource/list/W56J90P5/all_liquor#item-VIP1EFK3,"STAR-K all_liquor listing, item block item-VIP1EFK3 (imported row index 1594)",2026-08-11,verified_against_current_official_source
STARK-item-WSNTTHEU,STAR-K,Beer,Liefmans,"Kriek Brut, Bottle/Keg (Belgium)",Approved,KF Belgium,True,,no_evidence,False,True,False,False,,STAR-K approves this beer and records it as Certified By KF.,https://www.star-k.org/resource/list/W56J90P5/all_liquor#item-WSNTTHEU,"STAR-K all_liquor listing, item block item-WSNTTHEU (imported row index 1595)",2026-08-11,verified_against_current_official_source
STARK-item-X3LM9I9M,STAR-K,Beer,Liefmans,"Kriek Brut Xtra, Bottle/Keg (Belgium)",Approved,KF Belgium,True,,no_evidence,False,True,False,False,,STAR-K approves this beer and records it as Certified By KF.,https://www.star-k.org/resource/list/W56J90P5/all_liquor#item-X3LM9I9M,"STAR-K all_liquor listing, item block item-X3LM9I9M (imported row index 1596)",2026-08-11,verified_against_current_official_source
STARK-item-YCJGNK3E,STAR-K,Beer,Liefmans,"Oud Bruin,Bottle/Keg (Belgium)",Approved,KF Belgium,True,,no_evidence,False,True,False,False,,STAR-K approves this beer and records it as Certified By KF.,https://www.star-k.org/resource/list/W56J90P5/all_liquor#item-YCJGNK3E,"STAR-K all_liquor listing, item block item-YCJGNK3E (imported row index 1597)",2026-08-11,verified_against_current_official_source
STARK-item-1MG03MV7,STAR-K,Beer,Liefmans,"Peach, Bottle/Keg (Belgium)",Approved,KF Belgium,True,,no_evidence,False,True,False,False,,STAR-K approves this beer and records it as Certified By KF.,https://www.star-k.org/resource/list/W56J90P5/all_liquor#item-1MG03MV7,"STAR-K all_liquor listing, item block item-1MG03MV7 (imported row index 1598)",2026-08-11,verified_against_current_official_source
STARK-item-2WE4HOPY,STAR-K,Beer,Liefmans,"Yell'oh, Bottle/Keg (Belgium)",Approved,KF Belgium,True,,no_evidence,False,True,False,False,,STAR-K approves this beer and records it as Certified By KF.,https://www.star-k.org/resource/list/W56J90P5/all_liquor#item-2WE4HOPY,"STAR-K all_liquor listing, item block item-2WE4HOPY (imported row index 1599)",2026-08-11,verified_against_current_official_source
STARK-item-36CWWQJQ,STAR-K,Beer,Lion Brewery,Lionshead Light,Approved,OU,True,,no_evidence,False,True,False,False,,STAR-K approves this beer and records it as Certified By OU.,https://www.star-k.org/resource/list/W56J90P5/all_liquor#item-36CWWQJQ,"STAR-K all_liquor listing, item block item-36CWWQJQ (imported row index 1601)",2026-08-11,verified_against_current_official_source
STARK-item-RTHXVZHI,STAR-K,Beer,Lionshead,Belgian White Ale - 12 oz. can,Approved,OU,True,,no_evidence,False,True,False,False,,STAR-K approves this beer and records it as Certified By OU.,https://www.star-k.org/resource/list/W56J90P5/all_liquor#item-RTHXVZHI,"STAR-K all_liquor listing, item block item-RTHXVZHI (imported row index 1602)",2026-08-11,verified_against_current_official_source
STARK-item-WKN2A4HI,STAR-K,Beer,Lionshead,Delux Pilsner (when bearing OU),Not Approved,OU,True,,no_evidence,False,False,False,True,,STAR-K approves this ONLY if the package bears the OU symbol.,https://www.star-k.org/resource/list/W56J90P5/all_liquor#item-WKN2A4HI,"STAR-K all_liquor listing, item block item-WKN2A4HI (imported row index 1603)",2026-08-11,verified_against_current_official_source
STARK-item-S4FQA1AA,STAR-K,Beer,Lionshead,Deluxe Pilsner Beer,Approved,OU,True,,no_evidence,False,True,False,False,,STAR-K approves this beer and records it as Certified By OU.,https://www.star-k.org/resource/list/W56J90P5/all_liquor#item-S4FQA1AA,"STAR-K all_liquor listing, item block item-S4FQA1AA (imported row index 1604)",2026-08-11,verified_against_current_official_source
STARK-item-TCDKP353,STAR-K,Beer,Lionshead,I.P.A. India Pale Ale - 12 oz. Can,Approved,OU,True,,no_evidence,False,True,False,False,,STAR-K approves this beer and records it as Certified By OU.,https://www.star-k.org/resource/list/W56J90P5/all_liquor#item-TCDKP353,"STAR-K all_liquor listing, item block item-TCDKP353 (imported row index 1605)",2026-08-11,verified_against_current_official_source
STARK-item-VMAD55YU,STAR-K,Beer,Lionshead,I.P.A. India Pale Ale - 16 oz. Can,Approved,OU,True,,no_evidence,False,True,False,False,,STAR-K approves this beer and records it as Certified By OU.,https://www.star-k.org/resource/list/W56J90P5/all_liquor#item-VMAD55YU,"STAR-K all_liquor listing, item block item-VMAD55YU (imported row index 1606)",2026-08-11,verified_against_current_official_source
STARK-item-WW98J7SM,STAR-K,Beer,Long Beach Beer Lab,Drama Juice (Fruit Sour Ale),Approved,OU Fruit Sour Ale,True,,no_evidence,False,True,False,False,,STAR-K approves this beer and records it as Certified By OU.,https://www.star-k.org/resource/list/W56J90P5/all_liquor#item-WW98J7SM,"STAR-K all_liquor listing, item block item-WW98J7SM (imported row index 1609)",2026-08-11,verified_against_current_official_source
STARK-item-X771Y9ME,STAR-K,Beer,Long Beach Beer Lab,Pretty Gose,Approved,OU,True,,no_evidence,False,True,False,False,,STAR-K approves this beer and records it as Certified By OU.,https://www.star-k.org/resource/list/W56J90P5/all_liquor#item-X771Y9ME,"STAR-K all_liquor listing, item block item-X771Y9ME (imported row index 1610)",2026-08-11,verified_against_current_official_source
STARK-item-ZG5TDAF7,STAR-K,Beer,Long Beach Beer Lab,Sticky Whiskers (Cold IPA),Approved,OU Cold IPA,True,,no_evidence,False,True,False,False,,STAR-K approves this beer and records it as Certified By OU.,https://www.star-k.org/resource/list/W56J90P5/all_liquor#item-ZG5TDAF7,"STAR-K all_liquor listing, item block item-ZG5TDAF7 (imported row index 1611)",2026-08-11,verified_against_current_official_source
STARK-item-1Q3NSB0Y,STAR-K,Beer,Long Beach Beer Lab,Weight of the World (IPA),Approved,OU IPA,True,,no_evidence,False,True,False,False,,STAR-K approves this beer and records it as Certified By OU.,https://www.star-k.org/resource/list/W56J90P5/all_liquor#item-1Q3NSB0Y,"STAR-K all_liquor listing, item block item-1Q3NSB0Y (imported row index 1612)",2026-08-11,verified_against_current_official_source
STARK-item-211G8D4Q,STAR-K,Beer,Maccabee,Beer,Approved,OU,True,,no_evidence,False,True,False,False,,STAR-K approves this beer and records it as Certified By OU.,https://www.star-k.org/resource/list/W56J90P5/all_liquor#item-211G8D4Q,"STAR-K all_liquor listing, item block item-211G8D4Q (imported row index 1628)",2026-08-11,verified_against_current_official_source
STARK-item-3AXANFXI,STAR-K,Beer,Magnum,Malt Liquor,Approved,OU,True,,no_evidence,False,True,False,False,,STAR-K approves this beer and records it as Certified By OU.,https://www.star-k.org/resource/list/W56J90P5/all_liquor#item-3AXANFXI,"STAR-K all_liquor listing, item block item-3AXANFXI (imported row index 1632)",2026-08-11,verified_against_current_official_source
STARK-item-RX3BMOUA,STAR-K,Beer,Malka,Blonde Ale,Approved,OU,True,,no_evidence,False,True,False,False,,STAR-K approves this beer and records it as Certified By OU.,https://www.star-k.org/resource/list/W56J90P5/all_liquor#item-RX3BMOUA,"STAR-K all_liquor listing, item block item-RX3BMOUA (imported row index 1636)",2026-08-11,verified_against_current_official_source
STARK-item-S8152QO3,STAR-K,Beer,Malka,Hoppy Wheat,Approved,OU,True,,no_evidence,False,True,False,False,,STAR-K approves this beer and records it as Certified By OU.,https://www.star-k.org/resource/list/W56J90P5/all_liquor#item-S8152QO3,"STAR-K all_liquor listing, item block item-S8152QO3 (imported row index 1637)",2026-08-11,verified_against_current_official_source
STARK-item-UHYYGSIU,STAR-K,Beer,Malka,IPA,Approved,OU,True,,no_evidence,False,True,False,False,,STAR-K approves this beer and records it as Certified By OU.,https://www.star-k.org/resource/list/W56J90P5/all_liquor#item-UHYYGSIU,"STAR-K all_liquor listing, item block item-UHYYGSIU (imported row index 1638)",2026-08-11,verified_against_current_official_source
STARK-item-VRWRVTCM,STAR-K,Beer,Malka,Pale Ale,Approved,OU,True,,no_evidence,False,True,False,False,,STAR-K approves this beer and records it as Certified By OU.,https://www.star-k.org/resource/list/W56J90P5/all_liquor#item-VRWRVTCM,"STAR-K all_liquor listing, item block item-VRWRVTCM (imported row index 1639)",2026-08-11,verified_against_current_official_source
STARK-item-W2UKAV7E,STAR-K,Beer,Malka,Stout,Approved,OU,True,,no_evidence,False,True,False,False,,STAR-K approves this beer and records it as Certified By OU.,https://www.star-k.org/resource/list/W56J90P5/all_liquor#item-W2UKAV7E,"STAR-K all_liquor listing, item block item-W2UKAV7E (imported row index 1640)",2026-08-11,verified_against_current_official_source
STARK-item-XBSEPXZ7,STAR-K,Beer,Malt Star,Beer,Approved,OU,True,,no_evidence,False,True,False,False,,STAR-K approves this beer and records it as Certified By OU.,https://www.star-k.org/resource/list/W56J90P5/all_liquor#item-XBSEPXZ7,"STAR-K all_liquor listing, item block item-XBSEPXZ7 (imported row index 1641)",2026-08-11,verified_against_current_official_source
STARK-item-ZLP85ZTY,STAR-K,Beer,Malty Beer,Malty Beer,Approved,OK,True,,no_evidence,False,True,False,False,,STAR-K approves this beer and records it as Certified By OK.,https://www.star-k.org/resource/list/W56J90P5/all_liquor#item-ZLP85ZTY,"STAR-K all_liquor listing, item block item-ZLP85ZTY (imported row index 1642)",2026-08-11,verified_against_current_official_source
STARK-item-1VN2J2NQ,STAR-K,Beer,Maredsous,"Blond, Bottle/Keg (Belgium)",Approved,KF Belgium,True,,no_evidence,False,True,False,False,,STAR-K approves this beer and records it as Certified By KF.,https://www.star-k.org/resource/list/W56J90P5/all_liquor#item-1VN2J2NQ,"STAR-K all_liquor listing, item block item-1VN2J2NQ (imported row index 1647)",2026-08-11,verified_against_current_official_source
STARK-item-26LUY4HI,STAR-K,Beer,Maredsous,"Bruin, Bottle/Keg (Belgium)",Approved,KF Belgium,True,,no_evidence,False,True,False,False,,STAR-K approves this beer and records it as Certified By KF.,https://www.star-k.org/resource/list/W56J90P5/all_liquor#item-26LUY4HI,"STAR-K all_liquor listing, item block item-26LUY4HI (imported row index 1648)",2026-08-11,verified_against_current_official_source
STARK-item-4FJND5AA,STAR-K,Beer,Maredsous,"Kerstbier, Bottle/Keg (Belgium)",Approved,KF Belgium,True,,no_evidence,False,True,False,False,,STAR-K approves this beer and records it as Certified By KF.,https://www.star-k.org/resource/list/W56J90P5/all_liquor#item-4FJND5AA,"STAR-K all_liquor listing, item block item-4FJND5AA (imported row index 1649)",2026-08-11,verified_against_current_official_source
STARK-item-R3OOCD93,STAR-K,Beer,Maredsous,"Tripel, Bottle/Keg (Belgium)",Approved,KF Belgium,True,,no_evidence,False,True,False,False,,STAR-K approves this beer and records it as Certified By KF.,https://www.star-k.org/resource/list/W56J90P5/all_liquor#item-R3OOCD93,"STAR-K all_liquor listing, item block item-R3OOCD93 (imported row index 1650)",2026-08-11,verified_against_current_official_source
STARK-item-SCMISF3U,STAR-K,Beer,Martens,Gold Beer (Belgium),Approved,KF Belgium,True,,no_evidence,False,True,False,False,,STAR-K approves this beer and records it as Certified By KF.,https://www.star-k.org/resource/list/W56J90P5/all_liquor#item-SCMISF3U,"STAR-K all_liquor listing, item block item-SCMISF3U (imported row index 1651)",2026-08-11,verified_against_current_official_source
STARK-item-UMJB8HWM,STAR-K,Beer,Martens,Premium Beer (Belgium),Approved,KF Belgium,True,,no_evidence,False,True,False,False,,STAR-K approves this beer and records it as Certified By KF.,https://www.star-k.org/resource/list/W56J90P5/all_liquor#item-UMJB8HWM,"STAR-K all_liquor listing, item block item-UMJB8HWM (imported row index 1652)",2026-08-11,verified_against_current_official_source
STARK-item-VWH6MJQE,STAR-K,Beer,Martens,Strong Beer (Belgium),Approved,KF Belgium,True,,no_evidence,False,True,False,False,,STAR-K approves this beer and records it as Certified By KF.,https://www.star-k.org/resource/list/W56J90P5/all_liquor#item-VWH6MJQE,"STAR-K all_liquor listing, item block item-VWH6MJQE (imported row index 1653)",2026-08-11,verified_against_current_official_source
STARK-item-W7FY2LJ7,STAR-K,Beer,Martens,Witte (Belgium),Approved,KF Belgium,True,,no_evidence,False,True,False,False,,STAR-K approves this beer and records it as Certified By KF.,https://www.star-k.org/resource/list/W56J90P5/all_liquor#item-W7FY2LJ7,"STAR-K all_liquor listing, item block item-W7FY2LJ7 (imported row index 1654)",2026-08-11,verified_against_current_official_source
STARK-item-YFDSGMDY,STAR-K,Beer,Mecklenburger,Dunkle Weissbeer 5.4%,Approved,KF,True,,no_evidence,False,True,False,False,,STAR-K approves this beer and records it as Certified By KF.,https://www.star-k.org/resource/list/W56J90P5/all_liquor#item-YFDSGMDY,"STAR-K all_liquor listing, item block item-YFDSGMDY (imported row index 1666)",2026-08-11,verified_against_current_official_source
STARK-item-ZPBLVO8Q,STAR-K,Beer,Mecklenburger,Export 5.2%,Approved,KF,True,,no_evidence,False,True,False,False,,STAR-K approves this beer and records it as Certified By KF.,https://www.star-k.org/resource/list/W56J90P5/all_liquor#item-ZPBLVO8Q,"STAR-K all_liquor listing, item block item-ZPBLVO8Q (imported row index 1667)",2026-08-11,verified_against_current_official_source
STARK-item-1Z0EAQ2I,STAR-K,Beer,Mecklenburger,Pilsener 5%,Approved,KF,True,,no_evidence,False,True,False,False,,STAR-K approves this beer and records it as Certified By KF.,https://www.star-k.org/resource/list/W56J90P5/all_liquor#item-1Z0EAQ2I,"STAR-K all_liquor listing, item block item-1Z0EAQ2I (imported row index 1668)",2026-08-11,verified_against_current_official_source
STARK-item-2079PSUA,STAR-K,Beer,Mecklenburger,Strong 12%,Approved,KF,True,,no_evidence,False,True,False,False,,STAR-K approves this beer and records it as Certified By KF.,https://www.star-k.org/resource/list/W56J90P5/all_liquor#item-2079PSUA,"STAR-K all_liquor listing, item block item-2079PSUA (imported row index 1669)",2026-08-11,verified_against_current_official_source
STARK-item-4J525UO3,STAR-K,Beer,Mecklenburger,"Weissbeer 5,1%",Approved,KF,True,,no_evidence,False,True,False,False,,STAR-K approves this beer and records it as Certified By KF.,https://www.star-k.org/resource/list/W56J90P5/all_liquor#item-4J525UO3,"STAR-K all_liquor listing, item block item-4J525UO3 (imported row index 1670)",2026-08-11,verified_against_current_official_source
STARK-item-R70344MU,STAR-K,Beer,Mickey's,Fine Malt Liquor,Approved,OU,True,,no_evidence,False,True,False,False,,STAR-K approves this beer and records it as Certified By OU.,https://www.star-k.org/resource/list/W56J90P5/all_liquor#item-R70344MU,"STAR-K all_liquor listing, item block item-R70344MU (imported row index 1679)",2026-08-11,verified_against_current_official_source
STARK-item-TG8WI6GM,STAR-K,Beer,Mickey's,Ice Malt Liquor,Approved,OU,True,,no_evidence,False,True,False,False,,STAR-K approves this beer and records it as Certified By OU.,https://www.star-k.org/resource/list/W56J90P5/all_liquor#item-TG8WI6GM,"STAR-K all_liquor listing, item block item-TG8WI6GM (imported row index 1680)",2026-08-11,verified_against_current_official_source
STARK-item-UQ6PX7AE,STAR-K,Beer,Mickey's,Malt Liquor,Approved,OU,True,,no_evidence,False,True,False,False,,STAR-K approves this beer and records it as Certified By OU.,https://www.star-k.org/resource/list/W56J90P5/all_liquor#item-UQ6PX7AE,"STAR-K all_liquor listing, item block item-UQ6PX7AE (imported row index 1681)",2026-08-11,verified_against_current_official_source
STARK-item-V14IC947,STAR-K,Beer,Miller,64,Approved,OU,True,,no_evidence,False,True,False,False,,STAR-K approves this beer and records it as Certified By OU.,https://www.star-k.org/resource/list/W56J90P5/all_liquor#item-V14IC947,"STAR-K all_liquor listing, item block item-V14IC947 (imported row index 1685)",2026-08-11,verified_against_current_official_source
STARK-item-WA1CRAXY,STAR-K,Beer,Miller,Chill Beer,Approved,OU,True,,no_evidence,False,True,False,False,,STAR-K approves this beer and records it as Certified By OU.,https://www.star-k.org/resource/list/W56J90P5/all_liquor#item-WA1CRAXY,"STAR-K all_liquor listing, item block item-WA1CRAXY (imported row index 1686)",2026-08-11,verified_against_current_official_source
STARK-item-YKY67CRQ,STAR-K,Beer,Miller,Fortune,Approved,OU,True,,no_evidence,False,True,False,False,,STAR-K approves this beer and records it as Certified By OU.,https://www.star-k.org/resource/list/W56J90P5/all_liquor#item-YKY67CRQ,"STAR-K all_liquor listing, item block item-YKY67CRQ (imported row index 1687)",2026-08-11,verified_against_current_official_source
STARK-item-ZUWZMELI,STAR-K,Beer,Miller,Genuine Draft Beer,Approved,OU,True,,no_evidence,False,True,False,False,,STAR-K approves this beer and records it as Certified By OU.,https://www.star-k.org/resource/list/W56J90P5/all_liquor#item-ZUWZMELI,"STAR-K all_liquor listing, item block item-ZUWZMELI (imported row index 1688)",2026-08-11,verified_against_current_official_source
STARK-item-15US2GEA,STAR-K,Beer,Miller,Genuine Draft Light Beer,Approved,OU,True,,no_evidence,False,True,False,False,,STAR-K approves this beer and records it as Certified By OU.,https://www.star-k.org/resource/list/W56J90P5/all_liquor#item-15US2GEA,"STAR-K all_liquor listing, item block item-15US2GEA (imported row index 1689)",2026-08-11,verified_against_current_official_source
STARK-item-3ESMGH93,STAR-K,Beer,Miller,High Life Beer,Approved,OU,True,,no_evidence,False,True,False,False,,STAR-K approves this beer and records it as Certified By OU.,https://www.star-k.org/resource/list/W56J90P5/all_liquor#item-3ESMGH93,"STAR-K all_liquor listing, item block item-3ESMGH93 (imported row index 1690)",2026-08-11,verified_against_current_official_source
STARK-item-4OQFVJ3U,STAR-K,Beer,Miller,High Life Lite,Approved,OU,True,,no_evidence,False,True,False,False,,STAR-K approves this beer and records it as Certified By OU.,https://www.star-k.org/resource/list/W56J90P5/all_liquor#item-4OQFVJ3U,"STAR-K all_liquor listing, item block item-4OQFVJ3U (imported row index 1691)",2026-08-11,verified_against_current_official_source
STARK-item-RBVGUS1M,STAR-K,Beer,Miller,Lite Beer,Approved,OU,True,,no_evidence,False,True,False,False,,STAR-K approves this beer and records it as Certified By OU.,https://www.star-k.org/resource/list/W56J90P5/all_liquor#item-RBVGUS1M,"STAR-K all_liquor listing, item block item-RBVGUS1M (imported row index 1692)",2026-08-11,verified_against_current_official_source
STARK-item-TLS00UUE,STAR-K,Beer,Miller,Lite Ice Beer,Approved,OU,True,,no_evidence,False,True,False,False,,STAR-K approves this beer and records it as Certified By OU.,https://www.star-k.org/resource/list/W56J90P5/all_liquor#item-TLS00UUE,"STAR-K all_liquor listing, item block item-TLS00UUE (imported row index 1693)",2026-08-11,verified_against_current_official_source
STARK-item-UVQ4OWN7,STAR-K,Beer,Miller,Ultra,Approved,OU,True,,no_evidence,False,True,False,False,,STAR-K approves this beer and records it as Certified By OU.,https://www.star-k.org/resource/list/W56J90P5/all_liquor#item-UVQ4OWN7,"STAR-K all_liquor listing, item block item-UVQ4OWN7 (imported row index 1694)",2026-08-11,verified_against_current_official_source
STARK-item-V6OW4YHY,STAR-K,Beer,MillerCoors (MC),Light Beer,Approved,OU,True,,no_evidence,False,True,False,False,,STAR-K approves this beer and records it as Certified By OU.,https://www.star-k.org/resource/list/W56J90P5/all_liquor#item-V6OW4YHY,"STAR-K all_liquor listing, item block item-V6OW4YHY (imported row index 1696)",2026-08-11,verified_against_current_official_source
STARK-item-XFMQIZBQ,STAR-K,Beer,MillerCoors (MC),Malt,Approved,OU,True,,no_evidence,False,True,False,False,,STAR-K approves this beer and records it as Certified By OU.,https://www.star-k.org/resource/list/W56J90P5/all_liquor#item-XFMQIZBQ,"STAR-K all_liquor listing, item block item-XFMQIZBQ (imported row index 1697)",2026-08-11,verified_against_current_official_source
STARK-item-YPKJX26I,STAR-K,Beer,Milwaukee's Best,Beer,Approved,OU,True,,no_evidence,False,True,False,False,,STAR-K approves this beer and records it as Certified By OU.,https://www.star-k.org/resource/list/W56J90P5/all_liquor#item-YPKJX26I,"STAR-K all_liquor listing, item block item-YPKJX26I (imported row index 1698)",2026-08-11,verified_against_current_official_source
STARK-item-ZZHCC4YA,STAR-K,Beer,Milwaukee's Best,Ice Beer,Approved,OU,True,,no_evidence,False,True,False,False,,STAR-K approves this beer and records it as Certified By OU.,https://www.star-k.org/resource/list/W56J90P5/all_liquor#item-ZZHCC4YA,"STAR-K all_liquor listing, item block item-ZZHCC4YA (imported row index 1699)",2026-08-11,verified_against_current_official_source
STARK-item-10F7R6S3,STAR-K,Beer,Milwaukee's Best,Light Beer,Approved,OU,True,,no_evidence,False,True,False,False,,STAR-K approves this beer and records it as Certified By OU.,https://www.star-k.org/resource/list/W56J90P5/all_liquor#item-10F7R6S3,"STAR-K all_liquor listing, item block item-10F7R6S3 (imported row index 1700)",2026-08-11,verified_against_current_official_source
STARK-item-3IDZ78MU,STAR-K,Beer,Milwaukee's Best,Milwaukee's Best Ice,Approved,OU,True,,no_evidence,False,True,False,False,,STAR-K approves this beer and records it as Certified By OU.,https://www.star-k.org/resource/list/W56J90P5/all_liquor#item-3IDZ78MU,"STAR-K all_liquor listing, item block item-3IDZ78MU (imported row index 1701)",2026-08-11,verified_against_current_official_source
STARK-item-SGWDYYB7,STAR-K,Beer,MolsonCoors,Bright Beer Seltzer M TOP#53400,Approved,OU,True,,no_evidence,False,True,False,False,,STAR-K approves this beer and records it as Certified By OU.,https://www.star-k.org/resource/list/W56J90P5/all_liquor#item-SGWDYYB7,"STAR-K all_liquor listing, item block item-SGWDYYB7 (imported row index 1708)",2026-08-11,verified_against_current_official_source
STARK-item-VAQT85TI,STAR-K,Beer,Nesher,Beer,Approved,OU,True,,no_evidence,False,True,False,False,,STAR-K approves this beer and records it as Certified By OU.,https://www.star-k.org/resource/list/W56J90P5/all_liquor#item-VAQT85TI,"STAR-K all_liquor listing, item block item-VAQT85TI (imported row index 1732)",2026-08-11,verified_against_current_official_source
STARK-item-XKONM7MA,STAR-K,Beer,Oettinger,Alkoholfrei – Alcohol-Free Beer (Germany),Approved,KF Germany,True,,no_evidence,False,True,False,False,,STAR-K approves this beer and records it as Certified By KF.,https://www.star-k.org/resource/list/W56J90P5/all_liquor#item-XKONM7MA,"STAR-K all_liquor listing, item block item-XKONM7MA (imported row index 1747)",2026-08-11,verified_against_current_official_source
STARK-item-YUMG29G3,STAR-K,Beer,Oettinger,Export (Germany),Approved,KF Germany,True,,no_evidence,False,True,False,False,,STAR-K approves this beer and records it as Certified By KF.,https://www.star-k.org/resource/list/W56J90P5/all_liquor#item-YUMG29G3,"STAR-K all_liquor listing, item block item-YUMG29G3 (imported row index 1748)",2026-08-11,verified_against_current_official_source
STARK-item-Z5JAG0AU,STAR-K,Beer,Oettinger,Pils (Germany),Approved,KF Germany,True,,no_evidence,False,True,False,False,,STAR-K approves this beer and records it as Certified By KF.,https://www.star-k.org/resource/list/W56J90P5/all_liquor#item-Z5JAG0AU,"STAR-K all_liquor listing, item block item-Z5JAG0AU (imported row index 1749)",2026-08-11,verified_against_current_official_source
STARK-item-2EH4VB5M,STAR-K,Beer,Oettinger,Superforte – Strong Beer (Germany),Approved,KF Germany,True,,no_evidence,False,True,False,False,,STAR-K approves this beer and records it as Certified By KF.,https://www.star-k.org/resource/list/W56J90P5/all_liquor#item-2EH4VB5M,"STAR-K all_liquor listing, item block item-2EH4VB5M (imported row index 1750)",2026-08-11,verified_against_current_official_source
STARK-item-3OFWADYE,STAR-K,Beer,Oettinger,Weissbier Naturtrüb – Wheat Beer (Germany),Approved,KF Germany,True,,no_evidence,False,True,False,False,,STAR-K approves this beer and records it as Certified By KF.,https://www.star-k.org/resource/list/W56J90P5/all_liquor#item-3OFWADYE,"STAR-K all_liquor listing, item block item-3OFWADYE (imported row index 1751)",2026-08-11,verified_against_current_official_source
STARK-item-YY8USXUU,STAR-K,Beer,Pecsi Premium,Barna,Approved,OK,True,,no_evidence,False,True,False,False,,STAR-K approves this beer and records it as Certified By OK.,https://www.star-k.org/resource/list/W56J90P5/all_liquor#item-YY8USXUU,"STAR-K all_liquor listing, item block item-YY8USXUU (imported row index 1824)",2026-08-11,verified_against_current_official_source
STARK-item-Z96N8ZOM,STAR-K,Beer,Pecsi Premium,Buza Szuretlen,Approved,OK,True,,no_evidence,False,True,False,False,,STAR-K approves this beer and records it as Certified By OK.,https://www.star-k.org/resource/list/W56J90P5/all_liquor#item-Z96N8ZOM,"STAR-K all_liquor listing, item block item-Z96N8ZOM (imported row index 1825)",2026-08-11,verified_against_current_official_source
STARK-item-2I4HM2IE,STAR-K,Beer,Pecsi Premium,IPA,Approved,OK,True,,no_evidence,False,True,False,False,,STAR-K approves this beer and records it as Certified By OK.,https://www.star-k.org/resource/list/W56J90P5/all_liquor#item-2I4HM2IE,"STAR-K all_liquor listing, item block item-2I4HM2IE (imported row index 1826)",2026-08-11,verified_against_current_official_source
STARK-item-3S1A23B7,STAR-K,Beer,Pecsi Premium,Lager,Approved,OK,True,,no_evidence,False,True,False,False,,STAR-K approves this beer and records it as Certified By OK.,https://www.star-k.org/resource/list/W56J90P5/all_liquor#item-3S1A23B7,"STAR-K all_liquor listing, item block item-3S1A23B7 (imported row index 1827)",2026-08-11,verified_against_current_official_source
STARK-item-RF6B1B0Y,STAR-K,Beer,Pecsi Premium,Lager Glutenmentes [Gluten-Free],Approved,OK,True,,no_evidence,False,True,False,False,,STAR-K approves this beer and records it as Certified By OK.,https://www.star-k.org/resource/list/W56J90P5/all_liquor#item-RF6B1B0Y,"STAR-K all_liquor listing, item block item-RF6B1B0Y (imported row index 1828)",2026-08-11,verified_against_current_official_source
STARK-item-SP46FD4Q,STAR-K,Beer,Pecsi Premium,Pils,Approved,OK,True,,no_evidence,False,True,False,False,,STAR-K approves this beer and records it as Certified By OK.,https://www.star-k.org/resource/list/W56J90P5/all_liquor#item-SP46FD4Q,"STAR-K all_liquor listing, item block item-SP46FD4Q (imported row index 1829)",2026-08-11,verified_against_current_official_source
STARK-item-TZ2YVFXI,STAR-K,Beer,Pecsi Premium,Pils Szuretlen,Approved,OK,True,,no_evidence,False,True,False,False,,STAR-K approves this beer and records it as Certified By OK.,https://www.star-k.org/resource/list/W56J90P5/all_liquor#item-TZ2YVFXI,"STAR-K all_liquor listing, item block item-TZ2YVFXI (imported row index 1830)",2026-08-11,verified_against_current_official_source
STARK-item-WJXLPJK3,STAR-K,Beer,Pecsi Winter Bock,Winter Bock,Approved,OK,True,,no_evidence,False,True,False,False,,STAR-K approves this beer and records it as Certified By OK.,https://www.star-k.org/resource/list/W56J90P5/all_liquor#item-WJXLPJK3,"STAR-K all_liquor listing, item block item-WJXLPJK3 (imported row index 1832)",2026-08-11,verified_against_current_official_source
STARK-item-XTVE5LEU,STAR-K,Beer,Premium Lager Beer,Premium Lager Beer,Approved,OK,True,,no_evidence,False,True,False,False,,STAR-K approves this beer and records it as Certified By OK.,https://www.star-k.org/resource/list/W56J90P5/all_liquor#item-XTVE5LEU,"STAR-K all_liquor listing, item block item-XTVE5LEU (imported row index 1845)",2026-08-11,verified_against_current_official_source
STARK-item-Y4S9JM9M,STAR-K,Beer,Radeberger,"Radeberger Pilsner 4,8%",Approved,KF,True,,no_evidence,False,True,False,False,,STAR-K approves this beer and records it as Certified By KF.,https://www.star-k.org/resource/list/W56J90P5/all_liquor#item-Y4S9JM9M,"STAR-K all_liquor listing, item block item-Y4S9JM9M (imported row index 1865)",2026-08-11,verified_against_current_official_source
STARK-item-ZDQ2YO3E,STAR-K,Beer,Red Dog,Beer,Approved,OU,True,,no_evidence,False,True,False,False,,STAR-K approves this beer and records it as Certified By OU.,https://www.star-k.org/resource/list/W56J90P5/all_liquor#item-ZDQ2YO3E,"STAR-K all_liquor listing, item block item-ZDQ2YO3E (imported row index 1868)",2026-08-11,verified_against_current_official_source
STARK-item-2NOUDQV7,STAR-K,Beer,Red Stripe Beer,Red Stripe Beer,Approved,OK,True,,no_evidence,False,True,False,False,,STAR-K approves this beer and records it as Certified By OK.,https://www.star-k.org/resource/list/W56J90P5/all_liquor#item-2NOUDQV7,"STAR-K all_liquor listing, item block item-2NOUDQV7 (imported row index 1869)",2026-08-11,verified_against_current_official_source
STARK-item-VN9GV3UE,STAR-K,Beer,SM Beer,SM Beer,Approved,OK,True,,no_evidence,False,True,False,False,,STAR-K approves this beer and records it as Certified By OK.,https://www.star-k.org/resource/list/W56J90P5/all_liquor#item-VN9GV3UE,"STAR-K all_liquor listing, item block item-VN9GV3UE (imported row index 1921)",2026-08-11,verified_against_current_official_source
STARK-item-ROC4IQ2I,STAR-K,Beer,Saint Archer,"Gold, Light Craft Lager",Approved,OU,True,,no_evidence,False,True,False,False,,STAR-K approves this beer and records it as Certified By OU.,https://www.star-k.org/resource/list/W56J90P5/all_liquor#item-ROC4IQ2I,"STAR-K all_liquor listing, item block item-ROC4IQ2I (imported row index 1931)",2026-08-11,verified_against_current_official_source
STARK-item-SYAWXSUA,STAR-K,Beer,Saint Archer,IPA,Approved,OU,True,,no_evidence,False,True,False,False,,STAR-K approves this beer and records it as Certified By OU.,https://www.star-k.org/resource/list/W56J90P5/all_liquor#item-SYAWXSUA,"STAR-K all_liquor listing, item block item-SYAWXSUA (imported row index 1932)",2026-08-11,verified_against_current_official_source
STARK-item-T99PCUO3,STAR-K,Beer,Samuel Adams,Adventure Lager,Approved,STAR-K,True,,no_evidence,False,True,False,False,,STAR-K approves this beer and records it as Certified By STAR-K.,https://www.star-k.org/resource/list/W56J90P5/all_liquor#item-T99PCUO3,"STAR-K all_liquor listing, item block item-T99PCUO3 (imported row index 1934)",2026-08-11,verified_against_current_official_source
STARK-item-VI7JRWIU,STAR-K,Beer,Samuel Adams,Alpine Lager,Approved,STAR-K,True,,no_evidence,False,True,False,False,,STAR-K approves this beer and records it as Certified By STAR-K.,https://www.star-k.org/resource/list/W56J90P5/all_liquor#item-VI7JRWIU,"STAR-K all_liquor listing, item block item-VI7JRWIU (imported row index 1935)",2026-08-11,verified_against_current_official_source
STARK-item-WS4C7XCM,STAR-K,Beer,Samuel Adams,Alpine Spring,Approved,STAR-K,True,,no_evidence,False,True,False,False,,STAR-K approves this beer and records it as Certified By STAR-K.,https://www.star-k.org/resource/list/W56J90P5/all_liquor#item-WS4C7XCM,"STAR-K all_liquor listing, item block item-WS4C7XCM (imported row index 1936)",2026-08-11,verified_against_current_official_source
STARK-item-X327LZ7E,STAR-K,Beer,Samuel Adams,Amber Bock,Approved,STAR-K,True,,no_evidence,False,True,False,False,,STAR-K approves this beer and records it as Certified By STAR-K.,https://www.star-k.org/resource/list/W56J90P5/all_liquor#item-X327LZ7E,"STAR-K all_liquor listing, item block item-X327LZ7E (imported row index 1937)",2026-08-11,verified_against_current_official_source
STARK-item-YCZZ12Z7,STAR-K,Beer,Samuel Adams,American IPA,Approved,STAR-K,True,,no_evidence,False,True,False,False,,STAR-K approves this beer and records it as Certified By STAR-K.,https://www.star-k.org/resource/list/W56J90P5/all_liquor#item-YCZZ12Z7,"STAR-K all_liquor listing, item block item-YCZZ12Z7 (imported row index 1938)",2026-08-11,verified_against_current_official_source
STARK-item-1MXTF4TY,STAR-K,Beer,Samuel Adams,American Light,Approved,STAR-K,True,,no_evidence,False,True,False,False,,STAR-K approves this beer and records it as Certified By STAR-K.,https://www.star-k.org/resource/list/W56J90P5/all_liquor#item-1MXTF4TY,"STAR-K all_liquor listing, item block item-1MXTF4TY (imported row index 1939)",2026-08-11,verified_against_current_official_source
STARK-item-2WVMU6NQ,STAR-K,Beer,Samuel Adams,Bavarian Lager,Approved,STAR-K,True,,no_evidence,False,True,False,False,,STAR-K approves this beer and records it as Certified By STAR-K.,https://www.star-k.org/resource/list/W56J90P5/all_liquor#item-2WVMU6NQ,"STAR-K all_liquor listing, item block item-2WVMU6NQ (imported row index 1940)",2026-08-11,verified_against_current_official_source
STARK-item-37TF08HI,STAR-K,Beer,Samuel Adams,Beach Session IPA,Approved,STAR-K,True,,no_evidence,False,True,False,False,,STAR-K approves this beer and records it as Certified By STAR-K.,https://www.star-k.org/resource/list/W56J90P5/all_liquor#item-37TF08HI,"STAR-K all_liquor listing, item block item-37TF08HI (imported row index 1941)",2026-08-11,verified_against_current_official_source
STARK-item-RTYG0GEA,STAR-K,Beer,Samuel Adams,Black Lager,Approved,STAR-K,True,,no_evidence,False,True,False,False,,STAR-K approves this beer and records it as Certified By STAR-K.,https://www.star-k.org/resource/list/W56J90P5/all_liquor#item-RTYG0GEA,"STAR-K all_liquor listing, item block item-RTYG0GEA (imported row index 1942)",2026-08-11,verified_against_current_official_source
STARK-item-S4VAOH93,STAR-K,Beer,Samuel Adams,Boston Ale,Approved,STAR-K,True,,no_evidence,False,True,False,False,,STAR-K approves this beer and records it as Certified By STAR-K.,https://www.star-k.org/resource/list/W56J90P5/all_liquor#item-S4VAOH93,"STAR-K all_liquor listing, item block item-S4VAOH93 (imported row index 1943)",2026-08-11,verified_against_current_official_source
STARK-item-TDT44J3U,STAR-K,Beer,Samuel Adams,Boston Lager,Approved,STAR-K,True,,no_evidence,False,True,False,False,,STAR-K approves this beer and records it as Certified By STAR-K.,https://www.star-k.org/resource/list/W56J90P5/all_liquor#item-TDT44J3U,"STAR-K all_liquor listing, item block item-TDT44J3U (imported row index 1944)",2026-08-11,verified_against_current_official_source
STARK-item-VNRXILWM,STAR-K,Beer,Samuel Adams,Breakaway Blonde,Approved,STAR-K,True,,no_evidence,False,True,False,False,,STAR-K approves this beer and records it as Certified By STAR-K.,https://www.star-k.org/resource/list/W56J90P5/all_liquor#item-VNRXILWM,"STAR-K all_liquor listing, item block item-VNRXILWM (imported row index 1945)",2026-08-11,verified_against_current_official_source
STARK-item-WXPQXNQE,STAR-K,Beer,Samuel Adams,Brick Red,Approved,STAR-K,True,,no_evidence,False,True,False,False,,STAR-K approves this beer and records it as Certified By STAR-K.,https://www.star-k.org/resource/list/W56J90P5/all_liquor#item-WXPQXNQE,"STAR-K all_liquor listing, item block item-WXPQXNQE (imported row index 1946)",2026-08-11,verified_against_current_official_source
STARK-item-X8NJCPJ7,STAR-K,Beer,Samuel Adams,Cherry Wheat,Approved,STAR-K,True,,no_evidence,False,True,False,False,,STAR-K approves this beer and records it as Certified By STAR-K.,https://www.star-k.org/resource/list/W56J90P5/all_liquor#item-X8NJCPJ7,"STAR-K all_liquor listing, item block item-X8NJCPJ7 (imported row index 1947)",2026-08-11,verified_against_current_official_source
STARK-item-ZHKDRQDY,STAR-K,Beer,Samuel Adams,Chocolate Bock,Approved,STAR-K,True,,no_evidence,False,True,False,False,,STAR-K approves this beer and records it as Certified By STAR-K.,https://www.star-k.org/resource/list/W56J90P5/all_liquor#item-ZHKDRQDY,"STAR-K all_liquor listing, item block item-ZHKDRQDY (imported row index 1948)",2026-08-11,verified_against_current_official_source
STARK-item-1RI77S8Q,STAR-K,Beer,Samuel Adams,Coffee Pale Ale,Approved,STAR-K,True,,no_evidence,False,True,False,False,,STAR-K approves this beer and records it as Certified By STAR-K.,https://www.star-k.org/resource/list/W56J90P5/all_liquor#item-1RI77S8Q,"STAR-K all_liquor listing, item block item-1RI77S8Q (imported row index 1949)",2026-08-11,verified_against_current_official_source
STARK-item-22G1LU2I,STAR-K,Beer,Samuel Adams,Cold IPA,Approved,STAR-K,True,,no_evidence,False,True,False,False,,STAR-K approves this beer and records it as Certified By STAR-K.,https://www.star-k.org/resource/list/W56J90P5/all_liquor#item-22G1LU2I,"STAR-K all_liquor listing, item block item-22G1LU2I (imported row index 1950)",2026-08-11,verified_against_current_official_source
STARK-item-3BET1WUA,STAR-K,Beer,Samuel Adams,Cold Snap,Approved,STAR-K,True,,no_evidence,False,True,False,False,,STAR-K approves this beer and records it as Certified By STAR-K.,https://www.star-k.org/resource/list/W56J90P5/all_liquor#item-3BET1WUA,"STAR-K all_liquor listing, item block item-3BET1WUA (imported row index 1951)",2026-08-11,verified_against_current_official_source
STARK-item-RYJUZ6S3,STAR-K,Beer,Samuel Adams,Cream Stout,Approved,STAR-K,True,,no_evidence,False,True,False,False,,STAR-K approves this beer and records it as Certified By STAR-K.,https://www.star-k.org/resource/list/W56J90P5/all_liquor#item-RYJUZ6S3,"STAR-K all_liquor listing, item block item-RYJUZ6S3 (imported row index 1952)",2026-08-11,verified_against_current_official_source
STARK-item-S9HOE8MU,STAR-K,Beer,Samuel Adams,David's Pilsner,Approved,STAR-K,True,,no_evidence,False,True,False,False,,STAR-K approves this beer and records it as Certified By STAR-K.,https://www.star-k.org/resource/list/W56J90P5/all_liquor#item-S9HOE8MU,"STAR-K all_liquor listing, item block item-S9HOE8MU (imported row index 1953)",2026-08-11,verified_against_current_official_source
STARK-item-UIFHT0GM,STAR-K,Beer,Samuel Adams,Double Bock,Approved,STAR-K,True,,no_evidence,False,True,False,False,,STAR-K approves this beer and records it as Certified By STAR-K.,https://www.star-k.org/resource/list/W56J90P5/all_liquor#item-UIFHT0GM,"STAR-K all_liquor listing, item block item-UIFHT0GM (imported row index 1954)",2026-08-11,verified_against_current_official_source
STARK-item-VRCA9AAE,STAR-K,Beer,Samuel Adams,Dunkel Weizen,Approved,STAR-K,True,,no_evidence,False,True,False,False,,STAR-K approves this beer and records it as Certified By STAR-K.,https://www.star-k.org/resource/list/W56J90P5/all_liquor#item-VRCA9AAE,"STAR-K all_liquor listing, item block item-VRCA9AAE (imported row index 1955)",2026-08-11,verified_against_current_official_source
STARK-item-W2A5NC47,STAR-K,Beer,Samuel Adams,Epic Squeeze Berry,Approved,STAR-K,True,,no_evidence,False,True,False,False,,STAR-K approves this beer and records it as Certified By STAR-K.,https://www.star-k.org/resource/list/W56J90P5/all_liquor#item-W2A5NC47,"STAR-K all_liquor listing, item block item-W2A5NC47 (imported row index 1956)",2026-08-11,verified_against_current_official_source
STARK-item-XB9X4EXY,STAR-K,Beer,Samuel Adams,Epic Squeeze Citrus,Approved,STAR-K,True,,no_evidence,False,True,False,False,,STAR-K approves this beer and records it as Certified By STAR-K.,https://www.star-k.org/resource/list/W56J90P5/all_liquor#item-XB9X4EXY,"STAR-K all_liquor listing, item block item-XB9X4EXY (imported row index 1957)",2026-08-11,verified_against_current_official_source
STARK-item-ZL7RIGRQ,STAR-K,Beer,Samuel Adams,Epic Squeeze Mango,Approved,STAR-K,True,,no_evidence,False,True,False,False,,STAR-K approves this beer and records it as Certified By STAR-K.,https://www.star-k.org/resource/list/W56J90P5/all_liquor#item-ZL7RIGRQ,"STAR-K all_liquor listing, item block item-ZL7RIGRQ (imported row index 1958)",2026-08-11,verified_against_current_official_source
STARK-item-1V5KXILI,STAR-K,Beer,Samuel Adams,Epic Squeeze Tropical,Approved,STAR-K,True,,no_evidence,False,True,False,False,,STAR-K approves this beer and records it as Certified By STAR-K.,https://www.star-k.org/resource/list/W56J90P5/all_liquor#item-1V5KXILI,"STAR-K all_liquor listing, item block item-1V5KXILI (imported row index 1959)",2026-08-11,verified_against_current_official_source
STARK-item-262DCKEA,STAR-K,Beer,Samuel Adams,Escape Route,Approved,STAR-K,True,,no_evidence,False,True,False,False,,STAR-K approves this beer and records it as Certified By STAR-K.,https://www.star-k.org/resource/list/W56J90P5/all_liquor#item-262DCKEA,"STAR-K all_liquor listing, item block item-262DCKEA (imported row index 1960)",2026-08-11,verified_against_current_official_source
STARK-item-4FZ8RL93,STAR-K,Beer,Samuel Adams,Festbier,Approved,STAR-K,True,,no_evidence,False,True,False,False,,STAR-K approves this beer and records it as Certified By STAR-K.,https://www.star-k.org/resource/list/W56J90P5/all_liquor#item-4FZ8RL93,"STAR-K all_liquor listing, item block item-4FZ8RL93 (imported row index 1961)",2026-08-11,verified_against_current_official_source
STARK-item-R359QU7U,STAR-K,Beer,Samuel Adams,Flannel Fest,Approved,STAR-K,True,,no_evidence,False,True,False,False,,STAR-K approves this beer and records it as Certified By STAR-K.,https://www.star-k.org/resource/list/W56J90P5/all_liquor#item-R359QU7U,"STAR-K all_liquor listing, item block item-R359QU7U (imported row index 1962)",2026-08-11,verified_against_current_official_source
STARK-item-SC326W1M,STAR-K,Beer,Samuel Adams,Fresh As Helles,Approved,STAR-K,True,,no_evidence,False,True,False,False,,STAR-K approves this beer and records it as Certified By STAR-K.,https://www.star-k.org/resource/list/W56J90P5/all_liquor#item-SC326W1M,"STAR-K all_liquor listing, item block item-SC326W1M (imported row index 1963)",2026-08-11,verified_against_current_official_source
STARK-item-UM1VKYUE,STAR-K,Beer,Samuel Adams,Golden Ale,Approved,STAR-K,True,,no_evidence,False,True,False,False,,STAR-K approves this beer and records it as Certified By STAR-K.,https://www.star-k.org/resource/list/W56J90P5/all_liquor#item-UM1VKYUE,"STAR-K all_liquor listing, item block item-UM1VKYUE (imported row index 1964)",2026-08-11,verified_against_current_official_source
STARK-item-VWYOZ1N7,STAR-K,Beer,Samuel Adams,Golden Goat,Approved,STAR-K,True,,no_evidence,False,True,False,False,,STAR-K approves this beer and records it as Certified By STAR-K.,https://www.star-k.org/resource/list/W56J90P5/all_liquor#item-VWYOZ1N7,"STAR-K all_liquor listing, item block item-VWYOZ1N7 (imported row index 1965)",2026-08-11,verified_against_current_official_source
STARK-item-W7WIE3HY,STAR-K,Beer,Samuel Adams,Golden Non-Alcoholic,Approved,STAR-K,True,,no_evidence,False,True,False,False,,STAR-K approves this beer and records it as Certified By STAR-K.,https://www.star-k.org/resource/list/W56J90P5/all_liquor#item-W7WIE3HY,"STAR-K all_liquor listing, item block item-W7WIE3HY (imported row index 1966)",2026-08-11,verified_against_current_official_source
STARK-item-YGTBT4BQ,STAR-K,Beer,Samuel Adams,Golden Pilsner,Approved,STAR-K,True,,no_evidence,False,True,False,False,,STAR-K approves this beer and records it as Certified By STAR-K.,https://www.star-k.org/resource/list/W56J90P5/all_liquor#item-YGTBT4BQ,"STAR-K all_liquor listing, item block item-YGTBT4BQ (imported row index 1967)",2026-08-11,verified_against_current_official_source
STARK-item-ZQR5966I,STAR-K,Beer,Samuel Adams,Harvest Pumpkin Ale,Approved,STAR-K,True,,no_evidence,False,True,False,False,,STAR-K approves this beer and records it as Certified By STAR-K.,https://www.star-k.org/resource/list/W56J90P5/all_liquor#item-ZQR5966I,"STAR-K all_liquor listing, item block item-ZQR5966I (imported row index 1968)",2026-08-11,verified_against_current_official_source
STARK-item-11PYN8YA,STAR-K,Beer,Samuel Adams,Holiday Porter,Approved,STAR-K,True,,no_evidence,False,True,False,False,,STAR-K approves this beer and records it as Certified By STAR-K.,https://www.star-k.org/resource/list/W56J90P5/all_liquor#item-11PYN8YA,"STAR-K all_liquor listing, item block item-11PYN8YA (imported row index 1969)",2026-08-11,verified_against_current_official_source
STARK-item-2ANR30S3,STAR-K,Beer,Samuel Adams,Holiday White Ale,Approved,STAR-K,True,,no_evidence,False,True,False,False,,STAR-K approves this beer and records it as Certified By STAR-K.,https://www.star-k.org/resource/list/W56J90P5/all_liquor#item-2ANR30S3,"STAR-K all_liquor listing, item block item-2ANR30S3 (imported row index 1970)",2026-08-11,verified_against_current_official_source
STARK-item-4KLLHBMU,STAR-K,Beer,Samuel Adams,Honey Porter,Approved,STAR-K,True,,no_evidence,False,True,False,False,,STAR-K approves this beer and records it as Certified By STAR-K.,https://www.star-k.org/resource/list/W56J90P5/all_liquor#item-4KLLHBMU,"STAR-K all_liquor listing, item block item-4KLLHBMU (imported row index 1971)",2026-08-11,verified_against_current_official_source
STARK-item-R8QMHKKM,STAR-K,Beer,Samuel Adams,Honey Rye Pale Ale,Approved,STAR-K,True,,no_evidence,False,True,False,False,,STAR-K approves this beer and records it as Certified By STAR-K.,https://www.star-k.org/resource/list/W56J90P5/all_liquor#item-R8QMHKKM,"STAR-K all_liquor listing, item block item-R8QMHKKM (imported row index 1972)",2026-08-11,verified_against_current_official_source
STARK-item-THOFWMEE,STAR-K,Beer,Samuel Adams,Hoppy Lager,Approved,STAR-K,True,,no_evidence,False,True,False,False,,STAR-K approves this beer and records it as Certified By STAR-K.,https://www.star-k.org/resource/list/W56J90P5/all_liquor#item-THOFWMEE,"STAR-K all_liquor listing, item block item-THOFWMEE (imported row index 1973)",2026-08-11,verified_against_current_official_source
STARK-item-URL9BN87,STAR-K,Beer,Samuel Adams,Irish Red Ale,Approved,STAR-K,True,,no_evidence,False,True,False,False,,STAR-K approves this beer and records it as Certified By STAR-K.,https://www.star-k.org/resource/list/W56J90P5/all_liquor#item-URL9BN87,"STAR-K all_liquor listing, item block item-URL9BN87 (imported row index 1974)",2026-08-11,verified_against_current_official_source
STARK-item-V2J3QP2Y,STAR-K,Beer,Samuel Adams,Jack-O,Approved,STAR-K,True,,no_evidence,False,True,False,False,,STAR-K approves this beer and records it as Certified By STAR-K.,https://www.star-k.org/resource/list/W56J90P5/all_liquor#item-V2J3QP2Y,"STAR-K all_liquor listing, item block item-V2J3QP2Y (imported row index 1975)",2026-08-11,verified_against_current_official_source
STARK-item-WBHV6RVQ,STAR-K,Beer,Samuel Adams,Just The Haze,Approved,STAR-K,True,,no_evidence,False,True,False,False,,STAR-K approves this beer and records it as Certified By STAR-K.,https://www.star-k.org/resource/list/W56J90P5/all_liquor#item-WBHV6RVQ,"STAR-K all_liquor listing, item block item-WBHV6RVQ (imported row index 1976)",2026-08-11,verified_against_current_official_source
STARK-item-YLFPKTPI,STAR-K,Beer,Samuel Adams,KellerBier,Approved,STAR-K,True,,no_evidence,False,True,False,False,,STAR-K approves this beer and records it as Certified By STAR-K.,https://www.star-k.org/resource/list/W56J90P5/all_liquor#item-YLFPKTPI,"STAR-K all_liquor listing, item block item-YLFPKTPI (imported row index 1977)",2026-08-11,verified_against_current_official_source
STARK-item-ZUDIZVIA,STAR-K,Beer,Samuel Adams,Love Conquers Ale,Approved,STAR-K,True,,no_evidence,False,True,False,False,,STAR-K approves this beer and records it as Certified By STAR-K.,https://www.star-k.org/resource/list/W56J90P5/all_liquor#item-ZUDIZVIA,"STAR-K all_liquor listing, item block item-ZUDIZVIA (imported row index 1978)",2026-08-11,verified_against_current_official_source
STARK-item-15ACEWC3,STAR-K,Beer,Samuel Adams,Noble Pils,Approved,STAR-K,True,,no_evidence,False,True,False,False,,STAR-K approves this beer and records it as Certified By STAR-K.,https://www.star-k.org/resource/list/W56J90P5/all_liquor#item-15ACEWC3,"STAR-K all_liquor listing, item block item-15ACEWC3 (imported row index 1979)",2026-08-11,verified_against_current_official_source
STARK-item-3E96TY7U,STAR-K,Beer,Samuel Adams,Oak Vanilla Porter,Approved,STAR-K,True,,no_evidence,False,True,False,False,,STAR-K approves this beer and records it as Certified By STAR-K.,https://www.star-k.org/resource/list/W56J90P5/all_liquor#item-3E96TY7U,"STAR-K all_liquor listing, item block item-3E96TY7U (imported row index 1980)",2026-08-11,verified_against_current_official_source
STARK-item-4O7Y911M,STAR-K,Beer,Samuel Adams,Octoberfest,Approved,STAR-K,True,,no_evidence,False,True,False,False,,STAR-K approves this beer and records it as Certified By STAR-K.,https://www.star-k.org/resource/list/W56J90P5/all_liquor#item-4O7Y911M,"STAR-K all_liquor listing, item block item-4O7Y911M (imported row index 1981)",2026-08-11,verified_against_current_official_source
STARK-item-RBBZ80YE,STAR-K,Beer,Samuel Adams,Old Fezziwig,Approved,STAR-K,True,,no_evidence,False,True,False,False,,STAR-K approves this beer and records it as Certified By STAR-K.,https://www.star-k.org/resource/list/W56J90P5/all_liquor#item-RBBZ80YE,"STAR-K all_liquor listing, item block item-RBBZ80YE (imported row index 1982)",2026-08-11,verified_against_current_official_source
STARK-item-TL0TMBR7,STAR-K,Beer,Samuel Adams,Pale Ale,Approved,STAR-K,True,,no_evidence,False,True,False,False,,STAR-K approves this beer and records it as Certified By STAR-K.,https://www.star-k.org/resource/list/W56J90P5/all_liquor#item-TL0TMBR7,"STAR-K all_liquor listing, item block item-TL0TMBR7 (imported row index 1983)",2026-08-11,verified_against_current_official_source
STARK-item-UV8M2DLY,STAR-K,Beer,Samuel Adams,Porch Rocker,Approved,STAR-K,True,,no_evidence,False,True,False,False,,STAR-K approves this beer and records it as Certified By STAR-K.,https://www.star-k.org/resource/list/W56J90P5/all_liquor#item-UV8M2DLY,"STAR-K all_liquor listing, item block item-UV8M2DLY (imported row index 1984)",2026-08-11,verified_against_current_official_source
STARK-item-V66GHFFQ,STAR-K,Beer,Samuel Adams,Post Season IPA,Approved,STAR-K,True,,no_evidence,False,True,False,False,,STAR-K approves this beer and records it as Certified By STAR-K.,https://www.star-k.org/resource/list/W56J90P5/all_liquor#item-V66GHFFQ,"STAR-K all_liquor listing, item block item-V66GHFFQ (imported row index 1985)",2026-08-11,verified_against_current_official_source
STARK-item-XF30WG0I,STAR-K,Beer,Samuel Adams,Red Lager,Approved,STAR-K,True,,no_evidence,False,True,False,False,,STAR-K approves this beer and records it as Certified By STAR-K.,https://www.star-k.org/resource/list/W56J90P5/all_liquor#item-XF30WG0I,"STAR-K all_liquor listing, item block item-XF30WG0I (imported row index 1986)",2026-08-11,verified_against_current_official_source
STARK-item-YP13BI3A,STAR-K,Beer,Samuel Adams,Reunion IPA,Approved,STAR-K,True,,no_evidence,False,True,False,False,,STAR-K approves this beer and records it as Certified By STAR-K.,https://www.star-k.org/resource/list/W56J90P5/all_liquor#item-YP13BI3A,"STAR-K all_liquor listing, item block item-YP13BI3A (imported row index 1987)",2026-08-11,verified_against_current_official_source
STARK-item-ZZYWQKW3,STAR-K,Beer,Samuel Adams,Scotch Ale,Approved,STAR-K,True,,no_evidence,False,True,False,False,,STAR-K approves this beer and records it as Certified By STAR-K.,https://www.star-k.org/resource/list/W56J90P5/all_liquor#item-ZZYWQKW3,"STAR-K all_liquor listing, item block item-ZZYWQKW3 (imported row index 1988)",2026-08-11,verified_against_current_official_source
STARK-item-10WP6MQU,STAR-K,Beer,Samuel Adams,Session Ale,Approved,STAR-K,True,,no_evidence,False,True,False,False,,STAR-K approves this beer and records it as Certified By STAR-K.,https://www.star-k.org/resource/list/W56J90P5/all_liquor#item-10WP6MQU,"STAR-K all_liquor listing, item block item-10WP6MQU (imported row index 1989)",2026-08-11,verified_against_current_official_source
STARK-item-3JUJKOKM,STAR-K,Beer,Samuel Adams,Summer Adventure Lager,Approved,STAR-K,True,,no_evidence,False,True,False,False,,STAR-K approves this beer and records it as Certified By STAR-K.,https://www.star-k.org/resource/list/W56J90P5/all_liquor#item-3JUJKOKM,"STAR-K all_liquor listing, item block item-3JUJKOKM (imported row index 1990)",2026-08-11,verified_against_current_official_source
STARK-item-4TRCZQEE,STAR-K,Beer,Samuel Adams,Summer Ale,Approved,STAR-K,True,,no_evidence,False,True,False,False,,STAR-K approves this beer and records it as Certified By STAR-K.,https://www.star-k.org/resource/list/W56J90P5/all_liquor#item-4TRCZQEE,"STAR-K all_liquor listing, item block item-4TRCZQEE (imported row index 1991)",2026-08-11,verified_against_current_official_source
STARK-item-Q8F4XEF7,STAR-K,Beer,Samuel Adams,Take A Day IPA,Approved,STAR-K,True,,no_evidence,False,True,False,False,,STAR-K approves this beer and records it as Certified By STAR-K.,https://www.star-k.org/resource/list/W56J90P5/all_liquor#item-Q8F4XEF7,"STAR-K all_liquor listing, item block item-Q8F4XEF7 (imported row index 1992)",2026-08-11,verified_against_current_official_source
STARK-item-SGDWCF0Y,STAR-K,Beer,Samuel Adams,Tropical Wheat,Approved,STAR-K,True,,no_evidence,False,True,False,False,,STAR-K approves this beer and records it as Certified By STAR-K.,https://www.star-k.org/resource/list/W56J90P5/all_liquor#item-SGDWCF0Y,"STAR-K all_liquor listing, item block item-SGDWCF0Y (imported row index 1993)",2026-08-11,verified_against_current_official_source
STARK-item-TQBQRH4Q,STAR-K,Beer,Samuel Adams,White Ale,Approved,STAR-K,True,,no_evidence,False,True,False,False,,STAR-K approves this beer and records it as Certified By STAR-K.,https://www.star-k.org/resource/list/W56J90P5/all_liquor#item-TQBQRH4Q,"STAR-K all_liquor listing, item block item-TQBQRH4Q (imported row index 1994)",2026-08-11,verified_against_current_official_source
STARK-item-U10J7JXI,STAR-K,Beer,Samuel Adams,White Christmas,Approved,STAR-K,True,,no_evidence,False,True,False,False,,STAR-K approves this beer and records it as Certified By STAR-K.,https://www.star-k.org/resource/list/W56J90P5/all_liquor#item-U10J7JXI,"STAR-K all_liquor listing, item block item-U10J7JXI (imported row index 1995)",2026-08-11,verified_against_current_official_source
STARK-item-VA7DLLQA,STAR-K,Beer,Samuel Adams,Wicked Double,Approved,STAR-K,True,,no_evidence,False,True,False,False,,STAR-K approves this beer and records it as Certified By STAR-K.,https://www.star-k.org/resource/list/W56J90P5/all_liquor#item-VA7DLLQA,"STAR-K all_liquor listing, item block item-VA7DLLQA (imported row index 1996)",2026-08-11,verified_against_current_official_source
STARK-item-XK571NK3,STAR-K,Beer,Samuel Adams,Wicked Easy,Approved,STAR-K,True,,no_evidence,False,True,False,False,,STAR-K approves this beer and records it as Certified By STAR-K.,https://www.star-k.org/resource/list/W56J90P5/all_liquor#item-XK571NK3,"STAR-K all_liquor listing, item block item-XK571NK3 (imported row index 1997)",2026-08-11,verified_against_current_official_source
STARK-item-YU31FPEU,STAR-K,Beer,Samuel Adams,Wicked Fenway,Approved,STAR-K,True,,no_evidence,False,True,False,False,,STAR-K approves this beer and records it as Certified By STAR-K.,https://www.star-k.org/resource/list/W56J90P5/all_liquor#item-YU31FPEU,"STAR-K all_liquor listing, item block item-YU31FPEU (imported row index 1998)",2026-08-11,verified_against_current_official_source
STARK-item-Z51TUQ9M,STAR-K,Beer,Samuel Adams,Wicked Hazy,Approved,STAR-K,True,,no_evidence,False,True,False,False,,STAR-K approves this beer and records it as Certified By STAR-K.,https://www.star-k.org/resource/list/W56J90P5/all_liquor#item-Z51TUQ9M,"STAR-K all_liquor listing, item block item-Z51TUQ9M (imported row index 1999)",2026-08-11,verified_against_current_official_source
STARK-item-2EYM0S3E,STAR-K,Beer,Samuel Adams,Wicked Tropical IPA,Approved,STAR-K,True,,no_evidence,False,True,False,False,,STAR-K approves this beer and records it as Certified By STAR-K.,https://www.star-k.org/resource/list/W56J90P5/all_liquor#item-2EYM0S3E,"STAR-K all_liquor listing, item block item-2EYM0S3E (imported row index 2000)",2026-08-11,verified_against_current_official_source
STARK-item-3OWGOUV7,STAR-K,Beer,Samuel Adams,Winter Lager,Approved,STAR-K,True,,no_evidence,False,True,False,False,,STAR-K approves this beer and records it as Certified By STAR-K.,https://www.star-k.org/resource/list/W56J90P5/all_liquor#item-3OWGOUV7,"STAR-K all_liquor listing, item block item-3OWGOUV7 (imported row index 2001)",2026-08-11,verified_against_current_official_source
STARK-item-QB2HN4TY,STAR-K,Beer,SandLot Brewery,Barmen Pilsner,Approved,OU,True,,no_evidence,False,True,False,False,,STAR-K approves this beer and records it as Certified By OU.,https://www.star-k.org/resource/list/W56J90P5/all_liquor#item-QB2HN4TY,"STAR-K all_liquor listing, item block item-QB2HN4TY (imported row index 2003)",2026-08-11,verified_against_current_official_source
STARK-item-SLYA36NQ,STAR-K,Beer,SandLot Brewery,Blake Street Lager,Approved,OU,True,,no_evidence,False,True,False,False,,STAR-K approves this beer and records it as Certified By OU.,https://www.star-k.org/resource/list/W56J90P5/all_liquor#item-SLYA36NQ,"STAR-K all_liquor listing, item block item-SLYA36NQ (imported row index 2004)",2026-08-11,verified_against_current_official_source
STARK-item-TVW5H8HI,STAR-K,Beer,SandLot Brewery,Brewmaster Special - Belly Slide,Approved,OU,True,,no_evidence,False,True,False,False,,STAR-K approves this beer and records it as Certified By OU.,https://www.star-k.org/resource/list/W56J90P5/all_liquor#item-TVW5H8HI,"STAR-K all_liquor listing, item block item-TVW5H8HI (imported row index 2005)",2026-08-11,verified_against_current_official_source
STARK-item-U6UXW9AA,STAR-K,Beer,SandLot Brewery,Brewmaster Special - Clueless Beer Writer,Approved,OU,True,,no_evidence,False,True,False,False,,STAR-K approves this beer and records it as Certified By OU.,https://www.star-k.org/resource/list/W56J90P5/all_liquor#item-U6UXW9AA,"STAR-K all_liquor listing, item block item-U6UXW9AA (imported row index 2006)",2026-08-11,verified_against_current_official_source
STARK-item-WFSQBA53,STAR-K,Beer,SandLot Brewery,Brewmaster Special - Dicken's Winter Lager,Approved,OU,True,,no_evidence,False,True,False,False,,STAR-K approves this beer and records it as Certified By OU.,https://www.star-k.org/resource/list/W56J90P5/all_liquor#item-WFSQBA53,"STAR-K all_liquor listing, item block item-WFSQBA53 (imported row index 2007)",2026-08-11,verified_against_current_official_source
STARK-item-XPQKQCYU,STAR-K,Beer,SandLot Brewery,Brewmaster Special - Elephant Dance,Approved,OU,True,,no_evidence,False,True,False,False,,STAR-K approves this beer and records it as Certified By OU.,https://www.star-k.org/resource/list/W56J90P5/all_liquor#item-XPQKQCYU,"STAR-K all_liquor listing, item block item-XPQKQCYU (imported row index 2008)",2026-08-11,verified_against_current_official_source
STARK-item-YZND7ESM,STAR-K,Beer,SandLot Brewery,Brewmaster Special - Florhossen,Approved,OU,True,,no_evidence,False,True,False,False,,STAR-K approves this beer and records it as Certified By OU.,https://www.star-k.org/resource/list/W56J90P5/all_liquor#item-YZND7ESM,"STAR-K all_liquor listing, item block item-YZND7ESM (imported row index 2009)",2026-08-11,verified_against_current_official_source
STARK-item-Z0L8LGME,STAR-K,Beer,SandLot Brewery,Brewmaster Special - Freddy's Lager,Approved,OU,True,,no_evidence,False,True,False,False,,STAR-K approves this beer and records it as Certified By OU.,https://www.star-k.org/resource/list/W56J90P5/all_liquor#item-Z0L8LGME,"STAR-K all_liquor listing, item block item-Z0L8LGME (imported row index 2010)",2026-08-11,verified_against_current_official_source
STARK-item-2JJ11IF7,STAR-K,Beer,SandLot Brewery,Brewmaster Special - Goat Rancher,Approved,OU,True,,no_evidence,False,True,False,False,,STAR-K approves this beer and records it as Certified By OU.,https://www.star-k.org/resource/list/W56J90P5/all_liquor#item-2JJ11IF7,"STAR-K all_liquor listing, item block item-2JJ11IF7 (imported row index 2011)",2026-08-11,verified_against_current_official_source
STARK-item-3THUFJ0Y,STAR-K,Beer,SandLot Brewery,Brewmaster Special - Herman Brau,Approved,OU,True,,no_evidence,False,True,False,False,,STAR-K approves this beer and records it as Certified By OU.,https://www.star-k.org/resource/list/W56J90P5/all_liquor#item-3THUFJ0Y,"STAR-K all_liquor listing, item block item-3THUFJ0Y (imported row index 2012)",2026-08-11,verified_against_current_official_source
STARK-item-RGMVES8Q,STAR-K,Beer,SandLot Brewery,Brewmaster Special - Lunch on the Hill,Approved,OU,True,,no_evidence,False,True,False,False,,STAR-K approves this beer and records it as Certified By OU.,https://www.star-k.org/resource/list/W56J90P5/all_liquor#item-RGMVES8Q,"STAR-K all_liquor listing, item block item-RGMVES8Q (imported row index 2013)",2026-08-11,verified_against_current_official_source
STARK-item-SQKOTU2I,STAR-K,Beer,SandLot Brewery,Brewmaster Special - Move Back,Approved,OU,True,,no_evidence,False,True,False,False,,STAR-K approves this beer and records it as Certified By OU.,https://www.star-k.org/resource/list/W56J90P5/all_liquor#item-SQKOTU2I,"STAR-K all_liquor listing, item block item-SQKOTU2I (imported row index 2014)",2026-08-11,verified_against_current_official_source
STARK-item-T1IH9WUA,STAR-K,Beer,SandLot Brewery,Brewmaster Special - Naptime,Approved,OU,True,,no_evidence,False,True,False,False,,STAR-K approves this beer and records it as Certified By OU.,https://www.star-k.org/resource/list/W56J90P5/all_liquor#item-T1IH9WUA,"STAR-K all_liquor listing, item block item-T1IH9WUA (imported row index 2015)",2026-08-11,verified_against_current_official_source
STARK-item-UAFBNYO3,STAR-K,Beer,SandLot Brewery,Brewmaster Special - Pale Goat Rancher,Approved,OU,True,,no_evidence,False,True,False,False,,STAR-K approves this beer and records it as Certified By OU.,https://www.star-k.org/resource/list/W56J90P5/all_liquor#item-UAFBNYO3,"STAR-K all_liquor listing, item block item-UAFBNYO3 (imported row index 2016)",2026-08-11,verified_against_current_official_source
STARK-item-WJD531IU,STAR-K,Beer,SandLot Brewery,Brewmaster Special - Pinch Hit Pilsner,Approved,OU,True,,no_evidence,False,True,False,False,,STAR-K approves this beer and records it as Certified By OU.,https://www.star-k.org/resource/list/W56J90P5/all_liquor#item-WJD531IU,"STAR-K all_liquor listing, item block item-WJD531IU (imported row index 2017)",2026-08-11,verified_against_current_official_source
STARK-item-XTBYH2CM,STAR-K,Beer,SandLot Brewery,Brewmaster Special - Rock Pile,Approved,OU,True,,no_evidence,False,True,False,False,,STAR-K approves this beer and records it as Certified By OU.,https://www.star-k.org/resource/list/W56J90P5/all_liquor#item-XTBYH2CM,"STAR-K all_liquor listing, item block item-XTBYH2CM (imported row index 2018)",2026-08-11,verified_against_current_official_source
STARK-item-Y40RW47E,STAR-K,Beer,SandLot Brewery,Brewmaster Special - Rockies 25th Anniversary Lager,Approved,OU,True,,no_evidence,False,True,False,False,,STAR-K approves this beer and records it as Certified By OU.,https://www.star-k.org/resource/list/W56J90P5/all_liquor#item-Y40RW47E,"STAR-K all_liquor listing, item block item-Y40RW47E (imported row index 2019)",2026-08-11,verified_against_current_official_source
STARK-item-ZD8KB6Z7,STAR-K,Beer,SandLot Brewery,Brewmaster Special - SandLot Winterfest,Approved,OU,True,,no_evidence,False,True,False,False,,STAR-K approves this beer and records it as Certified By OU.,https://www.star-k.org/resource/list/W56J90P5/all_liquor#item-ZD8KB6Z7,"STAR-K all_liquor listing, item block item-ZD8KB6Z7 (imported row index 2020)",2026-08-11,verified_against_current_official_source
STARK-item-2N6EQ8TY,STAR-K,Beer,SandLot Brewery,Brewmaster Special - Schtolen Pils,Approved,OU,True,,no_evidence,False,True,False,False,,STAR-K approves this beer and records it as Certified By OU.,https://www.star-k.org/resource/list/W56J90P5/all_liquor#item-2N6EQ8TY,"STAR-K all_liquor listing, item block item-2N6EQ8TY (imported row index 2021)",2026-08-11,verified_against_current_official_source
STARK-item-3X3860NQ,STAR-K,Beer,SandLot Brewery,Brewmaster Special - Second Hand Smoke,Approved,OU,True,,no_evidence,False,True,False,False,,STAR-K approves this beer and records it as Certified By OU.,https://www.star-k.org/resource/list/W56J90P5/all_liquor#item-3X3860NQ,"STAR-K all_liquor listing, item block item-3X3860NQ (imported row index 2022)",2026-08-11,verified_against_current_official_source
STARK-item-RK896ILI,STAR-K,Beer,SandLot Brewery,Brewmaster Special - Small's Pilsner,Approved,OU,True,,no_evidence,False,True,False,False,,STAR-K approves this beer and records it as Certified By OU.,https://www.star-k.org/resource/list/W56J90P5/all_liquor#item-RK896ILI,"STAR-K all_liquor listing, item block item-RK896ILI (imported row index 2023)",2026-08-11,verified_against_current_official_source
STARK-item-SU63KKEA,STAR-K,Beer,SandLot Brewery,Brewmaster Special - Weiss,Approved,OU,True,,no_evidence,False,True,False,False,,STAR-K approves this beer and records it as Certified By OU.,https://www.star-k.org/resource/list/W56J90P5/all_liquor#item-SU63KKEA,"STAR-K all_liquor listing, item block item-SU63KKEA (imported row index 2024)",2026-08-11,verified_against_current_official_source
STARK-item-T54VZL93,STAR-K,Beer,SandLot Brewery,Brewmaster Special - Where the Helles Bill?,Approved,OU,True,,no_evidence,False,True,False,False,,STAR-K approves this beer and records it as Certified By OU.,https://www.star-k.org/resource/list/W56J90P5/all_liquor#item-T54VZL93,"STAR-K all_liquor listing, item block item-T54VZL93 (imported row index 2025)",2026-08-11,verified_against_current_official_source
STARK-item-VE2PEN3U,STAR-K,Beer,SandLot Brewery,Brewmaster Special - Wicked Hop,Approved,OU,True,,no_evidence,False,True,False,False,,STAR-K approves this beer and records it as Certified By OU.,https://www.star-k.org/resource/list/W56J90P5/all_liquor#item-VE2PEN3U,"STAR-K all_liquor listing, item block item-VE2PEN3U (imported row index 2026)",2026-08-11,verified_against_current_official_source
STARK-item-WOZITPWM,STAR-K,Beer,SandLot Brewery,Brewmaster Special - Wild Pitch Hefeweizen,Approved,OU,True,,no_evidence,False,True,False,False,,STAR-K approves this beer and records it as Certified By OU.,https://www.star-k.org/resource/list/W56J90P5/all_liquor#item-WOZITPWM,"STAR-K all_liquor listing, item block item-WOZITPWM (imported row index 2027)",2026-08-11,verified_against_current_official_source
STARK-item-XYWB9RQE,STAR-K,Beer,SandLot Brewery,Brewmaster Special - Yukon Gold Lager,Approved,OU,True,,no_evidence,False,True,False,False,,STAR-K approves this beer and records it as Certified By OU.,https://www.star-k.org/resource/list/W56J90P5/all_liquor#item-XYWB9RQE,"STAR-K all_liquor listing, item block item-XYWB9RQE (imported row index 2028)",2026-08-11,verified_against_current_official_source
STARK-item-Y9U6NTJ7,STAR-K,Beer,SandLot Brewery,Checkout Time,Approved,OU,True,,no_evidence,False,True,False,False,,STAR-K approves this beer and records it as Certified By OU.,https://www.star-k.org/resource/list/W56J90P5/all_liquor#item-Y9U6NTJ7,"STAR-K all_liquor listing, item block item-Y9U6NTJ7 (imported row index 2029)",2026-08-11,verified_against_current_official_source
STARK-item-1ISY3UDY,STAR-K,Beer,SandLot Brewery,Fest Bier,Approved,OU,True,,no_evidence,False,True,False,False,,STAR-K approves this beer and records it as Certified By OU.,https://www.star-k.org/resource/list/W56J90P5/all_liquor#item-1ISY3UDY,"STAR-K all_liquor listing, item block item-1ISY3UDY (imported row index 2030)",2026-08-11,verified_against_current_official_source
STARK-item-2SQSHW8Q,STAR-K,Beer,SandLot Brewery,Herman Joseph's Private Reserve,Approved,OU,True,,no_evidence,False,True,False,False,,STAR-K approves this beer and records it as Certified By OU.,https://www.star-k.org/resource/list/W56J90P5/all_liquor#item-2SQSHW8Q,"STAR-K all_liquor listing, item block item-2SQSHW8Q (imported row index 2031)",2026-08-11,verified_against_current_official_source
STARK-item-33OLWY2I,STAR-K,Beer,SandLot Brewery,Left Field Lager,Approved,OU,True,,no_evidence,False,True,False,False,,STAR-K approves this beer and records it as Certified By OU.,https://www.star-k.org/resource/list/W56J90P5/all_liquor#item-33OLWY2I,"STAR-K all_liquor listing, item block item-33OLWY2I (imported row index 2032)",2026-08-11,verified_against_current_official_source
STARK-item-RPTMV8YA,STAR-K,Beer,SandLot Brewery,Nightmare on Blake St.,Approved,OU,True,,no_evidence,False,True,False,False,,STAR-K approves this beer and records it as Certified By OU.,https://www.star-k.org/resource/list/W56J90P5/all_liquor#item-RPTMV8YA,"STAR-K all_liquor listing, item block item-RPTMV8YA (imported row index 2033)",2026-08-11,verified_against_current_official_source
STARK-item-SZRFA0S3,STAR-K,Beer,SandLot Brewery,Power Alley ESB,Approved,OU,True,,no_evidence,False,True,False,False,,STAR-K approves this beer and records it as Certified By OU.,https://www.star-k.org/resource/list/W56J90P5/all_liquor#item-SZRFA0S3,"STAR-K all_liquor listing, item block item-SZRFA0S3 (imported row index 2034)",2026-08-11,verified_against_current_official_source
STARK-item-T0O0PBMU,STAR-K,Beer,SandLot Brewery,Power Hitter,Approved,OU,True,,no_evidence,False,True,False,False,,STAR-K approves this beer and records it as Certified By OU.,https://www.star-k.org/resource/list/W56J90P5/all_liquor#item-T0O0PBMU,"STAR-K all_liquor listing, item block item-T0O0PBMU (imported row index 2035)",2026-08-11,verified_against_current_official_source
STARK-item-VJM35DGM,STAR-K,Beer,SandLot Brewery,Rain Delay Hazy IPA,Approved,OU,True,,no_evidence,False,True,False,False,,STAR-K approves this beer and records it as Certified By OU.,https://www.star-k.org/resource/list/W56J90P5/all_liquor#item-VJM35DGM,"STAR-K all_liquor listing, item block item-VJM35DGM (imported row index 2036)",2026-08-11,verified_against_current_official_source
STARK-item-WTKWKEAE,STAR-K,Beer,SandLot Brewery,Really Big Dinner Party,Approved,OU,True,,no_evidence,False,True,False,False,,STAR-K approves this beer and records it as Certified By OU.,https://www.star-k.org/resource/list/W56J90P5/all_liquor#item-WTKWKEAE,"STAR-K all_liquor listing, item block item-WTKWKEAE (imported row index 2037)",2026-08-11,verified_against_current_official_source
STARK-item-X4IPZG47,STAR-K,Beer,SandLot Brewery,Right Field Red Ale,Approved,OU,True,,no_evidence,False,True,False,False,,STAR-K approves this beer and records it as Certified By OU.,https://www.star-k.org/resource/list/W56J90P5/all_liquor#item-X4IPZG47,"STAR-K all_liquor listing, item block item-X4IPZG47 (imported row index 2038)",2026-08-11,verified_against_current_official_source
STARK-item-YDGJEIXY,STAR-K,Beer,SandLot Brewery,Sluggers Stout,Approved,OU,True,,no_evidence,False,True,False,False,,STAR-K approves this beer and records it as Certified By OU.,https://www.star-k.org/resource/list/W56J90P5/all_liquor#item-YDGJEIXY,"STAR-K all_liquor listing, item block item-YDGJEIXY (imported row index 2039)",2026-08-11,verified_against_current_official_source
STARK-item-1MDCTKRQ,STAR-K,Beer,SandLot Brewery,Squeeze Play Wheat,Approved,OU,True,,no_evidence,False,True,False,False,,STAR-K approves this beer and records it as Certified By OU.,https://www.star-k.org/resource/list/W56J90P5/all_liquor#item-1MDCTKRQ,"STAR-K all_liquor listing, item block item-1MDCTKRQ (imported row index 2040)",2026-08-11,verified_against_current_official_source
STARK-item-2WB69MLI,STAR-K,Beer,SandLot Brewery,Summer Session IPA,Approved,OU,True,,no_evidence,False,True,False,False,,STAR-K approves this beer and records it as Certified By OU.,https://www.star-k.org/resource/list/W56J90P5/all_liquor#item-2WB69MLI,"STAR-K all_liquor listing, item block item-2WB69MLI (imported row index 2041)",2026-08-11,verified_against_current_official_source
STARK-item-370ZNOEA,STAR-K,Beer,SandLot Brewery,Sweet Dreams,Approved,OU,True,,no_evidence,False,True,False,False,,STAR-K approves this beer and records it as Certified By OU.,https://www.star-k.org/resource/list/W56J90P5/all_liquor#item-370ZNOEA,"STAR-K all_liquor listing, item block item-370ZNOEA (imported row index 2042)",2026-08-11,verified_against_current_official_source
STARK-item-RUE1MWC3,STAR-K,Beer,Schnitt Beer - Jaffa IPA,Schnitt Beer - Jaffa IPA,Approved,OK,True,,no_evidence,False,True,False,False,,STAR-K approves this beer and records it as Certified By OK.,https://www.star-k.org/resource/list/W56J90P5/all_liquor#item-RUE1MWC3,"STAR-K all_liquor listing, item block item-RUE1MWC3 (imported row index 2057)",2026-08-11,verified_against_current_official_source
STARK-item-S4CT2Y7U,STAR-K,Beer,Schnitt Beer - Tel Aviv Summer Ale,Tel Aviv Summer Ale,Approved,OK,True,,no_evidence,False,True,False,False,,STAR-K approves this beer and records it as Certified By OK.,https://www.star-k.org/resource/list/W56J90P5/all_liquor#item-S4CT2Y7U,"STAR-K all_liquor listing, item block item-S4CT2Y7U (imported row index 2058)",2026-08-11,verified_against_current_official_source
STARK-item-TDANG11M,STAR-K,Beer,Scottish Ale,Wee Laddie 5.5% Vol.,Approved,OK,True,,no_evidence,False,True,False,False,,STAR-K approves this beer and records it as Certified By OK.,https://www.star-k.org/resource/list/W56J90P5/all_liquor#item-TDANG11M,"STAR-K all_liquor listing, item block item-TDANG11M (imported row index 2059)",2026-08-11,verified_against_current_official_source
STARK-item-WX60A5N7,STAR-K,Beer,Stegmaier,Pumpkin Ale,Approved,OU,True,,no_evidence,False,True,False,False,,STAR-K approves this beer and records it as Certified By OU.,https://www.star-k.org/resource/list/W56J90P5/all_liquor#item-WX60A5N7,"STAR-K all_liquor listing, item block item-WX60A5N7 (imported row index 2115)",2026-08-11,verified_against_current_official_source
STARK-item-X844P7HY,STAR-K,Beer,Stella Artois,Stella Artois,Approved,,False,false,no_evidence,False,True,False,False,,STAR-K approves this beer without requiring a kosher symbol on the package.,https://www.star-k.org/resource/list/W56J90P5/all_liquor#item-X844P7HY,"STAR-K all_liquor listing, item block item-X844P7HY (imported row index 2116)",2026-08-11,verified_against_current_official_source
STARK-item-S9X8SOKM,STAR-K,Beer,Third Shift,Amber Lager,Approved,OU,True,,no_evidence,False,True,False,False,,STAR-K approves this beer and records it as Certified By OU.,https://www.star-k.org/resource/list/W56J90P5/all_liquor#item-S9X8SOKM,"STAR-K all_liquor listing, item block item-S9X8SOKM (imported row index 2177)",2026-08-11,verified_against_current_official_source
STARK-item-UIV18QEE,STAR-K,Beer,Toms River Brewing,At Wits End,Approved,OU,True,,no_evidence,False,True,False,False,,STAR-K approves this beer and records it as Certified By OU.,https://www.star-k.org/resource/list/W56J90P5/all_liquor#item-UIV18QEE,"STAR-K all_liquor listing, item block item-UIV18QEE (imported row index 2206)",2026-08-11,verified_against_current_official_source
STARK-item-VSTUMR87,STAR-K,Beer,Toms River Brewing,Blueberry Blonde Ale,Approved,OU,True,,no_evidence,False,True,False,False,,STAR-K approves this beer and records it as Certified By OU.,https://www.star-k.org/resource/list/W56J90P5/all_liquor#item-VSTUMR87,"STAR-K all_liquor listing, item block item-VSTUMR87 (imported row index 2207)",2026-08-11,verified_against_current_official_source
STARK-item-W3RN2T2Y,STAR-K,Beer,Toms River Brewing,Blueberry Blonde Summer Ale,Approved,OU,True,,no_evidence,False,True,False,False,,STAR-K approves this beer and records it as Certified By OU.,https://www.star-k.org/resource/list/W56J90P5/all_liquor#item-W3RN2T2Y,"STAR-K all_liquor listing, item block item-W3RN2T2Y (imported row index 2208)",2026-08-11,verified_against_current_official_source
STARK-item-XCPHGVVQ,STAR-K,Beer,Toms River Brewing,Bock To Basics,Approved,OU,True,,no_evidence,False,True,False,False,,STAR-K approves this beer and records it as Certified By OU.,https://www.star-k.org/resource/list/W56J90P5/all_liquor#item-XCPHGVVQ,"STAR-K all_liquor listing, item block item-XCPHGVVQ (imported row index 2209)",2026-08-11,verified_against_current_official_source
STARK-item-ZMMAVXPI,STAR-K,Beer,Toms River Brewing,Boots on The Ground,Approved,OU,True,,no_evidence,False,True,False,False,,STAR-K approves this beer and records it as Certified By OU.,https://www.star-k.org/resource/list/W56J90P5/all_liquor#item-ZMMAVXPI,"STAR-K all_liquor listing, item block item-ZMMAVXPI (imported row index 2210)",2026-08-11,verified_against_current_official_source
STARK-item-1WK4AZIA,STAR-K,Beer,Toms River Brewing,Celtic Sunrise,Approved,OU,True,,no_evidence,False,True,False,False,,STAR-K approves this beer and records it as Certified By OU.,https://www.star-k.org/resource/list/W56J90P5/all_liquor#item-1WK4AZIA,"STAR-K all_liquor listing, item block item-1WK4AZIA (imported row index 2211)",2026-08-11,verified_against_current_official_source
STARK-item-27IXP1C3,STAR-K,Beer,Toms River Brewing,Devotion To Duty Neipa,Approved,OU,True,,no_evidence,False,True,False,False,,STAR-K approves this beer and records it as Certified By OU.,https://www.star-k.org/resource/list/W56J90P5/all_liquor#item-27IXP1C3,"STAR-K all_liquor listing, item block item-27IXP1C3 (imported row index 2212)",2026-08-11,verified_against_current_official_source
STARK-item-4GGQ537U,STAR-K,Beer,Toms River Brewing,Dunkleweizen,Approved,OU,True,,no_evidence,False,True,False,False,,STAR-K approves this beer and records it as Certified By OU.,https://www.star-k.org/resource/list/W56J90P5/all_liquor#item-4GGQ537U,"STAR-K all_liquor listing, item block item-4GGQ537U (imported row index 2213)",2026-08-11,verified_against_current_official_source
STARK-item-R4LR4B5M,STAR-K,Beer,Toms River Brewing,Experiment 626,Approved,OU,True,,no_evidence,False,True,False,False,,STAR-K approves this beer and records it as Certified By OU.,https://www.star-k.org/resource/list/W56J90P5/all_liquor#item-R4LR4B5M,"STAR-K all_liquor listing, item block item-R4LR4B5M (imported row index 2214)",2026-08-11,verified_against_current_official_source
STARK-item-SDJLIDYE,STAR-K,Beer,Toms River Brewing,Fact Czech,Approved,OU,True,,no_evidence,False,True,False,False,,STAR-K approves this beer and records it as Certified By OU.,https://www.star-k.org/resource/list/W56J90P5/all_liquor#item-SDJLIDYE,"STAR-K all_liquor listing, item block item-SDJLIDYE (imported row index 2215)",2026-08-11,verified_against_current_official_source
STARK-item-UNHEYFR7,STAR-K,Beer,Toms River Brewing,Hibernian Dry Irish Stout,Approved,OU,True,,no_evidence,False,True,False,False,,STAR-K approves this beer and records it as Certified By OU.,https://www.star-k.org/resource/list/W56J90P5/all_liquor#item-UNHEYFR7,"STAR-K all_liquor listing, item block item-UNHEYFR7 (imported row index 2216)",2026-08-11,verified_against_current_official_source
STARK-item-VXE8DHLY,STAR-K,Beer,Toms River Brewing,Hoppin Jack Flash,Approved,OU,True,,no_evidence,False,True,False,False,,STAR-K approves this beer and records it as Certified By OU.,https://www.star-k.org/resource/list/W56J90P5/all_liquor#item-VXE8DHLY,"STAR-K all_liquor listing, item block item-VXE8DHLY (imported row index 2217)",2026-08-11,verified_against_current_official_source
STARK-item-W7C2SJFQ,STAR-K,Beer,Toms River Brewing,Irish Eyes,Approved,OU,True,,no_evidence,False,True,False,False,,STAR-K approves this beer and records it as Certified By OU.,https://www.star-k.org/resource/list/W56J90P5/all_liquor#item-W7C2SJFQ,"STAR-K all_liquor listing, item block item-W7C2SJFQ (imported row index 2218)",2026-08-11,verified_against_current_official_source
STARK-item-YGAU8K0I,STAR-K,Beer,Toms River Brewing,Kashmere,Approved,OU,True,,no_evidence,False,True,False,False,,STAR-K approves this beer and records it as Certified By OU.,https://www.star-k.org/resource/list/W56J90P5/all_liquor#item-YGAU8K0I,"STAR-K all_liquor listing, item block item-YGAU8K0I (imported row index 2219)",2026-08-11,verified_against_current_official_source
STARK-item-2A4BGQQU,STAR-K,Beer,Toms River Brewing,Munton's Trb Collab,Approved,OU,True,,no_evidence,False,True,False,False,,STAR-K approves this beer and records it as Certified By OU.,https://www.star-k.org/resource/list/W56J90P5/all_liquor#item-2A4BGQQU,"STAR-K all_liquor listing, item block item-2A4BGQQU (imported row index 2220)",2026-08-11,verified_against_current_official_source
STARK-item-117H2OW3,STAR-K,Beer,Toms River Brewing,Muntons hops,Approved,OU,True,,no_evidence,False,True,False,False,,STAR-K approves this beer and records it as Certified By OU.,https://www.star-k.org/resource/list/W56J90P5/all_liquor#item-117H2OW3,"STAR-K all_liquor listing, item block item-117H2OW3 (imported row index 2221)",2026-08-11,verified_against_current_official_source
STARK-item-ZQ9OMM3A,STAR-K,Beer,Toms River Brewing,Märzen Das Denken,Approved,OU,True,,no_evidence,False,True,False,False,,STAR-K approves this beer and records it as Certified By OU.,https://www.star-k.org/resource/list/W56J90P5/all_liquor#item-ZQ9OMM3A,"STAR-K all_liquor listing, item block item-ZQ9OMM3A (imported row index 2222)",2026-08-11,verified_against_current_official_source
STARK-item-4K25VSKM,STAR-K,Beer,Toms River Brewing,New Beginnings,Approved,OU,True,,no_evidence,False,True,False,False,,STAR-K approves this beer and records it as Certified By OU.,https://www.star-k.org/resource/list/W56J90P5/all_liquor#item-4K25VSKM,"STAR-K all_liquor listing, item block item-4K25VSKM (imported row index 2223)",2026-08-11,verified_against_current_official_source
STARK-item-R876U2IE,STAR-K,Beer,Toms River Brewing,Sarah Says,Approved,OU,True,,no_evidence,False,True,False,False,,STAR-K approves this beer and records it as Certified By OU.,https://www.star-k.org/resource/list/W56J90P5/all_liquor#item-R876U2IE,"STAR-K all_liquor listing, item block item-R876U2IE (imported row index 2224)",2026-08-11,verified_against_current_official_source
STARK-item-TH5Y03B7,STAR-K,Beer,Toms River Brewing,"Shine On, You Prickly Diamond",Approved,OU,True,,no_evidence,False,True,False,False,,STAR-K approves this beer and records it as Certified By OU.,https://www.star-k.org/resource/list/W56J90P5/all_liquor#item-TH5Y03B7,"STAR-K all_liquor listing, item block item-TH5Y03B7 (imported row index 2225)",2026-08-11,verified_against_current_official_source
STARK-item-UR3SO56Y,STAR-K,Beer,Toms River Brewing,Smoked Pumpkin Porter,Approved,OU,True,,no_evidence,False,True,False,False,,STAR-K approves this beer and records it as Certified By OU.,https://www.star-k.org/resource/list/W56J90P5/all_liquor#item-UR3SO56Y,"STAR-K all_liquor listing, item block item-UR3SO56Y (imported row index 2226)",2026-08-11,verified_against_current_official_source
STARK-item-V21L47ZQ,STAR-K,Beer,Toms River Brewing,St Johns Irish Red Ale,Approved,OU,True,,no_evidence,False,True,False,False,,STAR-K approves this beer and records it as Certified By OU.,https://www.star-k.org/resource/list/W56J90P5/all_liquor#item-V21L47ZQ,"STAR-K all_liquor listing, item block item-V21L47ZQ (imported row index 2227)",2026-08-11,verified_against_current_official_source
STARK-item-WBYFI9TI,STAR-K,Beer,Toms River Brewing,Stick Toss,Approved,OU,True,,no_evidence,False,True,False,False,,STAR-K approves this beer and records it as Certified By OU.,https://www.star-k.org/resource/list/W56J90P5/all_liquor#item-WBYFI9TI,"STAR-K all_liquor listing, item block item-WBYFI9TI (imported row index 2228)",2026-08-11,verified_against_current_official_source
STARK-item-YLV9XAMA,STAR-K,Beer,Toms River Brewing,Table Your Enthusiam,Approved,OU,True,,no_evidence,False,True,False,False,,STAR-K approves this beer and records it as Certified By OU.,https://www.star-k.org/resource/list/W56J90P5/all_liquor#item-YLV9XAMA,"STAR-K all_liquor listing, item block item-YLV9XAMA (imported row index 2229)",2026-08-11,verified_against_current_official_source
STARK-item-ZVT2CCG3,STAR-K,Beer,Toms River Brewing,Takes Two To Mango,Approved,OU,True,,no_evidence,False,True,False,False,,STAR-K approves this beer and records it as Certified By OU.,https://www.star-k.org/resource/list/W56J90P5/all_liquor#item-ZVT2CCG3,"STAR-K all_liquor listing, item block item-ZVT2CCG3 (imported row index 2230)",2026-08-11,verified_against_current_official_source
STARK-item-16RVRDAU,STAR-K,Beer,Toms River Brewing,Tango-Romeo-Bravo,Approved,OU,True,,no_evidence,False,True,False,False,,STAR-K approves this beer and records it as Certified By OU.,https://www.star-k.org/resource/list/W56J90P5/all_liquor#item-16RVRDAU,"STAR-K all_liquor listing, item block item-16RVRDAU (imported row index 2231)",2026-08-11,verified_against_current_official_source
STARK-item-RCSJLQV7,STAR-K,Beer,Uinta Brewing,801 Small Batch Pilsner Beer,Approved,OU,True,,no_evidence,False,True,False,False,,STAR-K approves this beer and records it as Certified By OU.,https://www.star-k.org/resource/list/W56J90P5/all_liquor#item-RCSJLQV7,"STAR-K all_liquor listing, item block item-RCSJLQV7 (imported row index 2279)",2026-08-11,verified_against_current_official_source
STARK-item-TMPC1SPY,STAR-K,Beer,Uinta Brewing,Anglers Pale Ale,Approved,OU,True,,no_evidence,False,True,False,False,,STAR-K approves this beer and records it as Certified By OU.,https://www.star-k.org/resource/list/W56J90P5/all_liquor#item-TMPC1SPY,"STAR-K all_liquor listing, item block item-TMPC1SPY (imported row index 2280)",2026-08-11,verified_against_current_official_source
STARK-item-UWN7FUJQ,STAR-K,Beer,Uinta Brewing,Anniversary Barley Wine,Approved,OU,True,,no_evidence,False,True,False,False,,STAR-K approves this beer and records it as Certified By OU.,https://www.star-k.org/resource/list/W56J90P5/all_liquor#item-UWN7FUJQ,"STAR-K all_liquor listing, item block item-UWN7FUJQ (imported row index 2281)",2026-08-11,verified_against_current_official_source
STARK-item-V7LZUVDI,STAR-K,Beer,Uinta Brewing,Baba Black Lager,Approved,OU,True,,no_evidence,False,True,False,False,,STAR-K approves this beer and records it as Certified By OU.,https://www.star-k.org/resource/list/W56J90P5/all_liquor#item-V7LZUVDI,"STAR-K all_liquor listing, item block item-V7LZUVDI (imported row index 2282)",2026-08-11,verified_against_current_official_source
STARK-item-XGJS0X7A,STAR-K,Beer,Uinta Brewing,Brighton IPA,Approved,OU,True,,no_evidence,False,True,False,False,,STAR-K approves this beer and records it as Certified By OU.,https://www.star-k.org/resource/list/W56J90P5/all_liquor#item-XGJS0X7A,"STAR-K all_liquor listing, item block item-XGJS0X7A (imported row index 2283)",2026-08-11,verified_against_current_official_source
STARK-item-YQHMOZ13,STAR-K,Beer,Uinta Brewing,Bristlecone Brown Ale,Approved,OU,True,,no_evidence,False,True,False,False,,STAR-K approves this beer and records it as Certified By OU.,https://www.star-k.org/resource/list/W56J90P5/all_liquor#item-YQHMOZ13,"STAR-K all_liquor listing, item block item-YQHMOZ13 (imported row index 2284)",2026-08-11,verified_against_current_official_source
STARK-item-Z1FF42UU,STAR-K,Beer,Uinta Brewing,Contrail White Belgian Style Wheat Beer,Approved,OU,True,,no_evidence,False,True,False,False,,STAR-K approves this beer and records it as Certified By OU.,https://www.star-k.org/resource/list/W56J90P5/all_liquor#item-Z1FF42UU,"STAR-K all_liquor listing, item block item-Z1FF42UU (imported row index 2285)",2026-08-11,verified_against_current_official_source
STARK-item-10C0I4OM,STAR-K,Beer,Uinta Brewing,Crisp Apple Ale,Approved,OU,True,,no_evidence,False,True,False,False,,STAR-K approves this beer and records it as Certified By OU.,https://www.star-k.org/resource/list/W56J90P5/all_liquor#item-10C0I4OM,"STAR-K all_liquor listing, item block item-10C0I4OM (imported row index 2286)",2026-08-11,verified_against_current_official_source
STARK-item-3JA3X6IE,STAR-K,Beer,Uinta Brewing,Cutthroat Pale Ale,Approved,OU,True,,no_evidence,False,True,False,False,,STAR-K approves this beer and records it as Certified By OU.,https://www.star-k.org/resource/list/W56J90P5/all_liquor#item-3JA3X6IE,"STAR-K all_liquor listing, item block item-3JA3X6IE (imported row index 2287)",2026-08-11,verified_against_current_official_source
STARK-item-4T9VC7B7,STAR-K,Beer,Uinta Brewing,Cutthroat Winter Pale Ale,Approved,OU,True,,no_evidence,False,True,False,False,,STAR-K approves this beer and records it as Certified By OU.,https://www.star-k.org/resource/list/W56J90P5/all_liquor#item-4T9VC7B7,"STAR-K all_liquor listing, item block item-4T9VC7B7 (imported row index 2288)",2026-08-11,verified_against_current_official_source
STARK-item-Q8WMAUDY,STAR-K,Beer,Uinta Brewing,Detour Double IPA Beer,Approved,OU,True,,no_evidence,False,True,False,False,,STAR-K approves this beer and records it as Certified By OU.,https://www.star-k.org/resource/list/W56J90P5/all_liquor#item-Q8WMAUDY,"STAR-K all_liquor listing, item block item-Q8WMAUDY (imported row index 2289)",2026-08-11,verified_against_current_official_source
STARK-item-SHUGPW8Q,STAR-K,Beer,Uinta Brewing,Dubhe Imperial Black IPA,Approved,OU,True,,no_evidence,False,True,False,False,,STAR-K approves this beer and records it as Certified By OU.,https://www.star-k.org/resource/list/W56J90P5/all_liquor#item-SHUGPW8Q,"STAR-K all_liquor listing, item block item-SHUGPW8Q (imported row index 2290)",2026-08-11,verified_against_current_official_source
STARK-item-TRR05Y2I,STAR-K,Beer,Uinta Brewing,Gelande Amber Lager,Approved,OU,True,,no_evidence,False,True,False,False,,STAR-K approves this beer and records it as Certified By OU.,https://www.star-k.org/resource/list/W56J90P5/all_liquor#item-TRR05Y2I,"STAR-K all_liquor listing, item block item-TRR05Y2I (imported row index 2291)",2026-08-11,verified_against_current_official_source
STARK-item-U2P4J1UA,STAR-K,Beer,Uinta Brewing,Golden Spike Hefeweizen,Approved,OU,True,,no_evidence,False,True,False,False,,STAR-K approves this beer and records it as Certified By OU.,https://www.star-k.org/resource/list/W56J90P5/all_liquor#item-U2P4J1UA,"STAR-K all_liquor listing, item block item-U2P4J1UA (imported row index 2292)",2026-08-11,verified_against_current_official_source
STARK-item-VBNWY3O3,STAR-K,Beer,Uinta Brewing,HooDoo Kolsch Style Ale,Approved,OU,True,,no_evidence,False,True,False,False,,STAR-K approves this beer and records it as Certified By OU.,https://www.star-k.org/resource/list/W56J90P5/all_liquor#item-VBNWY3O3,"STAR-K all_liquor listing, item block item-VBNWY3O3 (imported row index 2293)",2026-08-11,verified_against_current_official_source
STARK-item-XLLPD5IU,STAR-K,Beer,Uinta Brewing,Hop Nosh Grapefruit IPA Beer,Approved,OU,True,,no_evidence,False,True,False,False,,STAR-K approves this beer and records it as Certified By OU.,https://www.star-k.org/resource/list/W56J90P5/all_liquor#item-XLLPD5IU,"STAR-K all_liquor listing, item block item-XLLPD5IU (imported row index 2294)",2026-08-11,verified_against_current_official_source
STARK-item-YVJJS6CM,STAR-K,Beer,Uinta Brewing,Hop Nosh Tangerine IPA Beer,Approved,OU,True,,no_evidence,False,True,False,False,,STAR-K approves this beer and records it as Certified By OU.,https://www.star-k.org/resource/list/W56J90P5/all_liquor#item-YVJJS6CM,"STAR-K all_liquor listing, item block item-YVJJS6CM (imported row index 2295)",2026-08-11,verified_against_current_official_source
STARK-item-Z6GC887E,STAR-K,Beer,Uinta Brewing,Hop Notch IPA,Approved,OU,True,,no_evidence,False,True,False,False,,STAR-K approves this beer and records it as Certified By OU.,https://www.star-k.org/resource/list/W56J90P5/all_liquor#item-Z6GC887E,"STAR-K all_liquor listing, item block item-Z6GC887E (imported row index 2296)",2026-08-11,verified_against_current_official_source
STARK-item-2FE7M0Z7,STAR-K,Beer,Uinta Brewing,Hyve Honey Stung Ale,Approved,OU,True,,no_evidence,False,True,False,False,,STAR-K approves this beer and records it as Certified By OU.,https://www.star-k.org/resource/list/W56J90P5/all_liquor#item-2FE7M0Z7,"STAR-K all_liquor listing, item block item-2FE7M0Z7 (imported row index 2297)",2026-08-11,verified_against_current_official_source
STARK-item-3OCZ2BTY,STAR-K,Beer,Uinta Brewing,King's Peak Porter,Approved,OU,True,,no_evidence,False,True,False,False,,STAR-K approves this beer and records it as Certified By OU.,https://www.star-k.org/resource/list/W56J90P5/all_liquor#item-3OCZ2BTY,"STAR-K all_liquor listing, item block item-3OCZ2BTY (imported row index 2298)",2026-08-11,verified_against_current_official_source
STARK-item-QCH12KRQ,STAR-K,Beer,Uinta Brewing,Lime Pilsner,Approved,OU,True,,no_evidence,False,True,False,False,,STAR-K approves this beer and records it as Certified By OU.,https://www.star-k.org/resource/list/W56J90P5/all_liquor#item-QCH12KRQ,"STAR-K all_liquor listing, item block item-QCH12KRQ (imported row index 2299)",2026-08-11,verified_against_current_official_source
STARK-item-SMFUGMLI,STAR-K,Beer,Uinta Brewing,Mango Lime Pilsner,Approved,OU,True,,no_evidence,False,True,False,False,,STAR-K approves this beer and records it as Certified By OU.,https://www.star-k.org/resource/list/W56J90P5/all_liquor#item-SMFUGMLI,"STAR-K all_liquor listing, item block item-SMFUGMLI (imported row index 2300)",2026-08-11,verified_against_current_official_source
STARK-item-TVDNVOEA,STAR-K,Beer,Uinta Brewing,Monkshine Belgian Style Ale,Approved,OU,True,,no_evidence,False,True,False,False,,STAR-K approves this beer and records it as Certified By OU.,https://www.star-k.org/resource/list/W56J90P5/all_liquor#item-TVDNVOEA,"STAR-K all_liquor listing, item block item-TVDNVOEA (imported row index 2301)",2026-08-11,verified_against_current_official_source
STARK-item-U6BGAP93,STAR-K,Beer,Uinta Brewing,Park Golden,Approved,OU,True,,no_evidence,False,True,False,False,,STAR-K approves this beer and records it as Certified By OU.,https://www.star-k.org/resource/list/W56J90P5/all_liquor#item-U6BGAP93,"STAR-K all_liquor listing, item block item-U6BGAP93 (imported row index 2302)",2026-08-11,verified_against_current_official_source
STARK-item-WF9APR3U,STAR-K,Beer,Uinta Brewing,Piggy Back IPA,Approved,OU,True,,no_evidence,False,True,False,False,,STAR-K approves this beer and records it as Certified By OU.,https://www.star-k.org/resource/list/W56J90P5/all_liquor#item-WF9APR3U,"STAR-K all_liquor listing, item block item-WF9APR3U (imported row index 2303)",2026-08-11,verified_against_current_official_source
STARK-item-XP745TWM,STAR-K,Beer,Uinta Brewing,Punk'n Harvest Ale,Approved,OU,True,,no_evidence,False,True,False,False,,STAR-K approves this beer and records it as Certified By OU.,https://www.star-k.org/resource/list/W56J90P5/all_liquor#item-XP745TWM,"STAR-K all_liquor listing, item block item-XP745TWM (imported row index 2304)",2026-08-11,verified_against_current_official_source
STARK-item-YZ5XJVQE,STAR-K,Beer,Uinta Brewing,Ready Set Gose,Approved,OU,True,,no_evidence,False,True,False,False,,STAR-K approves this beer and records it as Certified By OU.,https://www.star-k.org/resource/list/W56J90P5/all_liquor#item-YZ5XJVQE,"STAR-K all_liquor listing, item block item-YZ5XJVQE (imported row index 2305)",2026-08-11,verified_against_current_official_source
STARK-item-Z03QYXJ7,STAR-K,Beer,Uinta Brewing,Rise & Pine Hoppy Dark Ale,Approved,OU,True,,no_evidence,False,True,False,False,,STAR-K approves this beer and records it as Certified By OU.,https://www.star-k.org/resource/list/W56J90P5/all_liquor#item-Z03QYXJ7,"STAR-K all_liquor listing, item block item-Z03QYXJ7 (imported row index 2306)",2026-08-11,verified_against_current_official_source
STARK-item-2J1JDYDY,STAR-K,Beer,Uinta Brewing,Season Pass Vanilla Porter,Approved,OU,True,,no_evidence,False,True,False,False,,STAR-K approves this beer and records it as Certified By OU.,https://www.star-k.org/resource/list/W56J90P5/all_liquor#item-2J1JDYDY,"STAR-K all_liquor listing, item block item-2J1JDYDY (imported row index 2307)",2026-08-11,verified_against_current_official_source
STARK-item-3TXDS18Q,STAR-K,Beer,Uinta Brewing,Sum'r Organic Summer Ale,Approved,OU,True,,no_evidence,False,True,False,False,,STAR-K approves this beer and records it as Certified By OU.,https://www.star-k.org/resource/list/W56J90P5/all_liquor#item-3TXDS18Q,"STAR-K all_liquor listing, item block item-3TXDS18Q (imported row index 2308)",2026-08-11,verified_against_current_official_source
STARK-item-RG4ER06I,STAR-K,Beer,Uinta Brewing,Trader Indian Pale Ale,Approved,OU,True,,no_evidence,False,True,False,False,,STAR-K approves this beer and records it as Certified By OU.,https://www.star-k.org/resource/list/W56J90P5/all_liquor#item-RG4ER06I,"STAR-K all_liquor listing, item block item-RG4ER06I (imported row index 2309)",2026-08-11,verified_against_current_official_source
STARK-item-T1Y2LDS3,STAR-K,Beer,Uinta Brewing,UInta Pilsner,Approved,OU,True,,no_evidence,False,True,False,False,,STAR-K approves this beer and records it as Certified By OU.,https://www.star-k.org/resource/list/W56J90P5/all_liquor#item-T1Y2LDS3,"STAR-K all_liquor listing, item block item-T1Y2LDS3 (imported row index 2310)",2026-08-11,verified_against_current_official_source
STARK-item-SQ187BYA,STAR-K,Beer,Uinta Brewing,Uinta Pale Ale,Approved,OU,True,,no_evidence,False,True,False,False,,STAR-K approves this beer and records it as Certified By OU.,https://www.star-k.org/resource/list/W56J90P5/all_liquor#item-SQ187BYA,"STAR-K all_liquor listing, item block item-SQ187BYA (imported row index 2311)",2026-08-11,verified_against_current_official_source
STARK-item-UAWU2FMU,STAR-K,Beer,Uinta Brewing,West Coast-Style IPA,Approved,OU,True,,no_evidence,False,True,False,False,,STAR-K approves this beer and records it as Certified By OU.,https://www.star-k.org/resource/list/W56J90P5/all_liquor#item-UAWU2FMU,"STAR-K all_liquor listing, item block item-UAWU2FMU (imported row index 2312)",2026-08-11,verified_against_current_official_source
STARK-item-WKUOGHGM,STAR-K,Beer,Uinta Brewing,Wyld Organic Extra Pale Ale,Approved,OU,True,,no_evidence,False,True,False,False,,STAR-K approves this beer and records it as Certified By OU.,https://www.star-k.org/resource/list/W56J90P5/all_liquor#item-WKUOGHGM,"STAR-K all_liquor listing, item block item-WKUOGHGM (imported row index 2313)",2026-08-11,verified_against_current_official_source
STARK-item-XUSHVIAE,STAR-K,Beer,Uinta Brewing,Yard Sale Winter Lager,Approved,OU,True,,no_evidence,False,True,False,False,,STAR-K approves this beer and records it as Certified By OU.,https://www.star-k.org/resource/list/W56J90P5/all_liquor#item-XUSHVIAE,"STAR-K all_liquor listing, item block item-XUSHVIAE (imported row index 2314)",2026-08-11,verified_against_current_official_source
STARK-item-Y5PAAK47,STAR-K,Beer,Vedett,"Extra Elderflower, Bottle/Keg (Belgium)",Approved,KF Belgium,True,,no_evidence,False,True,False,False,,STAR-K approves this beer and records it as Certified By KF.,https://www.star-k.org/resource/list/W56J90P5/all_liquor#item-Y5PAAK47,"STAR-K all_liquor listing, item block item-Y5PAAK47 (imported row index 2318)",2026-08-11,verified_against_current_official_source
STARK-item-1EN5PMXY,STAR-K,Beer,Vedett,"Extra IPA, Bottle/Keg (Belgium)",Approved,KF Belgium,True,,no_evidence,False,True,False,False,,STAR-K approves this beer and records it as Certified By KF.,https://www.star-k.org/resource/list/W56J90P5/all_liquor#item-1EN5PMXY,"STAR-K all_liquor listing, item block item-1EN5PMXY (imported row index 2319)",2026-08-11,verified_against_current_official_source
STARK-item-2OLX5ORQ,STAR-K,Beer,Vedett,"Extra Rosé, Bottle/Keg (Belgium)",Approved,KF Belgium,True,,no_evidence,False,True,False,False,,STAR-K approves this beer and records it as Certified By KF.,https://www.star-k.org/resource/list/W56J90P5/all_liquor#item-2OLX5ORQ,"STAR-K all_liquor listing, item block item-2OLX5ORQ (imported row index 2320)",2026-08-11,verified_against_current_official_source
STARK-item-3YJRJQLI,STAR-K,Beer,Vedett,"Extra Sapphire, Bottle/Keg (Belgium)",Approved,KF Belgium,True,,no_evidence,False,True,False,False,,STAR-K approves this beer and records it as Certified By KF.,https://www.star-k.org/resource/list/W56J90P5/all_liquor#item-3YJRJQLI,"STAR-K all_liquor listing, item block item-3YJRJQLI (imported row index 2321)",2026-08-11,verified_against_current_official_source
STARK-item-RLOSIZIA,STAR-K,Beer,Vedett,"Extra White, (Bottle/Keg (Belgium)",Approved,KF Bottle/Keg (Belgium,True,,no_evidence,False,True,False,False,,STAR-K approves this beer and records it as Certified By KF.,https://www.star-k.org/resource/list/W56J90P5/all_liquor#item-RLOSIZIA,"STAR-K all_liquor listing, item block item-RLOSIZIA (imported row index 2322)",2026-08-11,verified_against_current_official_source
STARK-item-SVMLX1C3,STAR-K,Beer,Vedett,"Session IPA, Bottle/Keg (Belgium)",Approved,KF Belgium,True,,no_evidence,False,True,False,False,,STAR-K approves this beer and records it as Certified By KF.,https://www.star-k.org/resource/list/W56J90P5/all_liquor#item-SVMLX1C3,"STAR-K all_liquor listing, item block item-SVMLX1C3 (imported row index 2323)",2026-08-11,verified_against_current_official_source
STARK-item-T6KEC37U,STAR-K,Beer,Vedett,"White, Bottle/Keg (Belgium)",Approved,KF Belgium,True,,no_evidence,False,True,False,False,,STAR-K approves this beer and records it as Certified By KF.,https://www.star-k.org/resource/list/W56J90P5/all_liquor#item-T6KEC37U,"STAR-K all_liquor listing, item block item-T6KEC37U (imported row index 2324)",2026-08-11,verified_against_current_official_source
STARK-item-WPF277UE,STAR-K,Beer,Viking,Viking Strong Beer 12%,Approved,KF,True,,no_evidence,False,True,False,False,,STAR-K approves this beer and records it as Certified By KF.,https://www.star-k.org/resource/list/W56J90P5/all_liquor#item-WPF277UE,"STAR-K all_liquor listing, item block item-WPF277UE (imported row index 2327)",2026-08-11,verified_against_current_official_source
CRC-row17,cRc,Beer,Miller,Genuine Draft Light Beer,Certified,OU,True,true,no_evidence,True,False,True,False,Certified when bearing the OU logo,cRc certifies this ONLY when the package bears the OU logo.,https://consumer.crckosher.org/liquor/full-liquor-list/,"cRc full liquor list, table row 17 (category column = Beer)",2026-08-11,verified_against_current_official_source
CRC-row18,cRc,Beer,Miller,High Life Beer,Certified,OU,True,true,no_evidence,True,False,True,False,Certified when bearing the OU logo,cRc certifies this ONLY when the package bears the OU logo.,https://consumer.crckosher.org/liquor/full-liquor-list/,"cRc full liquor list, table row 18 (category column = Beer)",2026-08-11,verified_against_current_official_source
CRC-row19,cRc,Beer,Miller,Lite Beer,Certified,OU,True,true,no_evidence,True,False,True,False,Certified when bearing the OU logo,cRc certifies this ONLY when the package bears the OU logo.,https://consumer.crckosher.org/liquor/full-liquor-list/,"cRc full liquor list, table row 19 (category column = Beer)",2026-08-11,verified_against_current_official_source
CRC-row20,cRc,Beer,Miller,Lite Ice Beer,Certified,OU,True,true,no_evidence,True,False,True,False,Certified when bearing the OU logo,cRc certifies this ONLY when the package bears the OU logo.,https://consumer.crckosher.org/liquor/full-liquor-list/,"cRc full liquor list, table row 20 (category column = Beer)",2026-08-11,verified_against_current_official_source
CRC-row21,cRc,Beer,Milwaukee's Best,Beer,Certified,OU,True,true,no_evidence,True,False,True,False,Certified when bearing the OU logo,cRc certifies this ONLY when the package bears the OU logo.,https://consumer.crckosher.org/liquor/full-liquor-list/,"cRc full liquor list, table row 21 (category column = Beer)",2026-08-11,verified_against_current_official_source
CRC-row22,cRc,Beer,Milwaukee's Best,Ice Beer,Certified,OU,True,true,no_evidence,True,False,True,False,Certified when bearing the OU logo,cRc certifies this ONLY when the package bears the OU logo.,https://consumer.crckosher.org/liquor/full-liquor-list/,"cRc full liquor list, table row 22 (category column = Beer)",2026-08-11,verified_against_current_official_source
CRC-row23,cRc,Beer,Milwaukee's Best,Light Beer,Certified,OU,True,true,no_evidence,True,False,True,False,Certified when bearing the OU logo,cRc certifies this ONLY when the package bears the OU logo.,https://consumer.crckosher.org/liquor/full-liquor-list/,"cRc full liquor list, table row 23 (category column = Beer)",2026-08-11,verified_against_current_official_source
CRC-row24,cRc,Beer,Olde English 800,3.2% Malt Liquor,Certified,OU,True,true,no_evidence,True,False,True,False,Certified when bearing the OU logo,cRc certifies this ONLY when the package bears the OU logo.,https://consumer.crckosher.org/liquor/full-liquor-list/,"cRc full liquor list, table row 24 (category column = Beer)",2026-08-11,verified_against_current_official_source
CRC-row25,cRc,Beer,Olde English 800,7.5% Malt Liquor,Certified,OU,True,true,no_evidence,True,False,True,False,Certified when bearing the OU logo,cRc certifies this ONLY when the package bears the OU logo.,https://consumer.crckosher.org/liquor/full-liquor-list/,"cRc full liquor list, table row 25 (category column = Beer)",2026-08-11,verified_against_current_official_source
CRC-row26,cRc,Beer,Olde English 800,Canada Malt Liquor,Certified,OU,True,true,no_evidence,True,False,True,False,Certified when bearing the OU logo,cRc certifies this ONLY when the package bears the OU logo.,https://consumer.crckosher.org/liquor/full-liquor-list/,"cRc full liquor list, table row 26 (category column = Beer)",2026-08-11,verified_against_current_official_source
CRC-row27,cRc,Beer,Olde English 800,HG Malt Liquor,Certified,OU,True,true,no_evidence,True,False,True,False,Certified when bearing the OU logo,cRc certifies this ONLY when the package bears the OU logo.,https://consumer.crckosher.org/liquor/full-liquor-list/,"cRc full liquor list, table row 27 (category column = Beer)",2026-08-11,verified_against_current_official_source
CRC-row28,cRc,Beer,Olde English 800,Malt Liquor,Certified,OU,True,true,no_evidence,True,False,True,False,Certified when bearing the OU logo,cRc certifies this ONLY when the package bears the OU logo.,https://consumer.crckosher.org/liquor/full-liquor-list/,"cRc full liquor list, table row 28 (category column = Beer)",2026-08-11,verified_against_current_official_source
CRC-row29,cRc,Beer,Steel,Reserve High Gravity 3.2 Malt Liquor,Certified,OU,True,false,no_evidence,False,True,False,False,,cRc lists this as Certified under OU. Per cRc's legend a symbol is not required on the package; this does NOT prove the package is printed with one.,https://consumer.crckosher.org/liquor/full-liquor-list/,"cRc full liquor list, table row 29 (category column = Beer)",2026-08-11,verified_against_current_official_source
CRC-row30,cRc,Beer,Steel,Reserve High Gravity 6.0 Malt Liquor,Certified,OU,True,false,no_evidence,False,True,False,False,,cRc lists this as Certified under OU. Per cRc's legend a symbol is not required on the package; this does NOT prove the package is printed with one.,https://consumer.crckosher.org/liquor/full-liquor-list/,"cRc full liquor list, table row 30 (category column = Beer)",2026-08-11,verified_against_current_official_source
CRC-row31,cRc,Beer,Steel,Reserve High Gravity Malt Liquor,Certified,OU,True,false,no_evidence,False,True,False,False,,cRc lists this as Certified under OU. Per cRc's legend a symbol is not required on the package; this does NOT prove the package is printed with one.,https://consumer.crckosher.org/liquor/full-liquor-list/,"cRc full liquor list, table row 31 (category column = Beer)",2026-08-11,verified_against_current_official_source
CRC-row32,cRc,Beer,Steel,Reserve Triple Export 8.1% Malt Liquor,Certified,OU,True,false,no_evidence,False,True,False,False,,cRc lists this as Certified under OU. Per cRc's legend a symbol is not required on the package; this does NOT prove the package is printed with one.,https://consumer.crckosher.org/liquor/full-liquor-list/,"cRc full liquor list, table row 32 (category column = Beer)",2026-08-11,verified_against_current_official_source
CRC-row33,cRc,Beer,Steel,Six Malt Liquor,Certified,OU,True,false,no_evidence,False,True,False,False,,cRc lists this as Certified under OU. Per cRc's legend a symbol is not required on the package; this does NOT prove the package is printed with one.,https://consumer.crckosher.org/liquor/full-liquor-list/,"cRc full liquor list, table row 33 (category column = Beer)",2026-08-11,verified_against_current_official_source
CRC-row34,cRc,Beer,Cobra,King,Certified,KLBD,True,true,no_evidence,True,False,True,False,Certified when bearing the KLBD logo,cRc certifies this ONLY when the package bears the KLBD logo.,https://consumer.crckosher.org/liquor/full-liquor-list/,"cRc full liquor list, table row 34 (category column = Beer)",2026-08-11,verified_against_current_official_source
CRC-row35,cRc,Beer,Jailbreak Brewing,All that Glitters Tripel,Certified,Star-K,True,true,no_evidence,True,False,True,False,Certified when bearing the Star-K logo,cRc certifies this ONLY when the package bears the Star-K logo.,https://consumer.crckosher.org/liquor/full-liquor-list/,"cRc full liquor list, table row 35 (category column = Beer)",2026-08-11,verified_against_current_official_source
CRC-row36,cRc,Beer,Lakefront Brewery,Assorted Varieties,Certified,Star-K,True,true,no_evidence,True,False,True,False,Certified when bearing the Star-K logo,cRc certifies this ONLY when the package bears the Star-K logo.,https://consumer.crckosher.org/liquor/full-liquor-list/,"cRc full liquor list, table row 36 (category column = Beer)",2026-08-11,verified_against_current_official_source
CRC-row37,cRc,Beer,Jailbreak Brewing,C.R.E.A.M.,Certified,Star-K,True,true,no_evidence,True,False,True,False,Certified when bearing the Star-K logo,cRc certifies this ONLY when the package bears the Star-K logo.,https://consumer.crckosher.org/liquor/full-liquor-list/,"cRc full liquor list, table row 37 (category column = Beer)",2026-08-11,verified_against_current_official_source
CRC-row38,cRc,Beer,Jailbreak Brewing,Clearly Righteous IPA,Certified,Star-K,True,true,no_evidence,True,False,True,False,Certified when bearing the Star-K logo,cRc certifies this ONLY when the package bears the Star-K logo.,https://consumer.crckosher.org/liquor/full-liquor-list/,"cRc full liquor list, table row 38 (category column = Beer)",2026-08-11,verified_against_current_official_source
CRC-row39,cRc,Beer,Jailbreak Brewing,Crabtown Lager,Certified,Star-K,True,true,no_evidence,True,False,True,False,Certified when bearing the Star-K logo,cRc certifies this ONLY when the package bears the Star-K logo.,https://consumer.crckosher.org/liquor/full-liquor-list/,"cRc full liquor list, table row 39 (category column = Beer)",2026-08-11,verified_against_current_official_source
CRC-row40,cRc,Beer,Jailbreak Brewing,Easy Ryeder Rye Ale,Certified,Star-K,True,true,no_evidence,True,False,True,False,Certified when bearing the Star-K logo,cRc certifies this ONLY when the package bears the Star-K logo.,https://consumer.crckosher.org/liquor/full-liquor-list/,"cRc full liquor list, table row 40 (category column = Beer)",2026-08-11,verified_against_current_official_source
CRC-row41,cRc,Beer,Jailbreak Brewing,English Brown Ale,Certified,Star-K,True,true,no_evidence,True,False,True,False,Certified when bearing the Star-K logo,cRc certifies this ONLY when the package bears the Star-K logo.,https://consumer.crckosher.org/liquor/full-liquor-list/,"cRc full liquor list, table row 41 (category column = Beer)",2026-08-11,verified_against_current_official_source
CRC-row42,cRc,Beer,Jailbreak Brewing,Italian Pilsner,Certified,Star-K,True,true,no_evidence,True,False,True,False,Certified when bearing the Star-K logo,cRc certifies this ONLY when the package bears the Star-K logo.,https://consumer.crckosher.org/liquor/full-liquor-list/,"cRc full liquor list, table row 42 (category column = Beer)",2026-08-11,verified_against_current_official_source
CRC-row43,cRc,Beer,Jailbreak Brewing,Live Free Ukrainian Imperial Stout,Certified,Star-K,True,true,no_evidence,True,False,True,False,Certified when bearing the Star-K logo,cRc certifies this ONLY when the package bears the Star-K logo.,https://consumer.crckosher.org/liquor/full-liquor-list/,"cRc full liquor list, table row 43 (category column = Beer)",2026-08-11,verified_against_current_official_source
CRC-row44,cRc,Beer,Matt Brewing,Utica Club Light,Certified,KCOR,True,false,no_evidence,False,True,False,False,,cRc lists this as Certified under KCOR. Per cRc's legend a symbol is not required on the package; this does NOT prove the package is printed with one.,https://consumer.crckosher.org/liquor/full-liquor-list/,"cRc full liquor list, table row 44 (category column = Beer)",2026-08-11,verified_against_current_official_source
CRC-row45,cRc,Beer,Matt Brewing,Utica Club Pilsner,Certified,KCOR,True,false,no_evidence,False,True,False,False,,cRc lists this as Certified under KCOR. Per cRc's legend a symbol is not required on the package; this does NOT prove the package is printed with one.,https://consumer.crckosher.org/liquor/full-liquor-list/,"cRc full liquor list, table row 45 (category column = Beer)",2026-08-11,verified_against_current_official_source
CRC-row46,cRc,Beer,Bud Light,Lime,Not Recommended,,False,,no_evidence,False,False,False,True,,"cRc lists this as ""Not Recommended"". Do not use it.",https://consumer.crckosher.org/liquor/full-liquor-list/,"cRc full liquor list, table row 46 (category column = Beer)",2026-08-11,verified_against_current_official_source
CRC-row47,cRc,Beer,New Belgium,Trippel,Certified,Scroll K,True,false,no_evidence,False,True,False,False,,cRc lists this as Certified under Scroll K. Per cRc's legend a symbol is not required on the package; this does NOT prove the package is printed with one.,https://consumer.crckosher.org/liquor/full-liquor-list/,"cRc full liquor list, table row 47 (category column = Beer)",2026-08-11,verified_against_current_official_source
CRC-row48,cRc,Beer,New Belgium,Sunshine,Certified,Scroll K,True,false,no_evidence,False,True,False,False,,cRc lists this as Certified under Scroll K. Per cRc's legend a symbol is not required on the package; this does NOT prove the package is printed with one.,https://consumer.crckosher.org/liquor/full-liquor-list/,"cRc full liquor list, table row 48 (category column = Beer)",2026-08-11,verified_against_current_official_source
CRC-row49,cRc,Beer,New Belgium,Somersault,Certified,Scroll K,True,false,no_evidence,False,True,False,False,,cRc lists this as Certified under Scroll K. Per cRc's legend a symbol is not required on the package; this does NOT prove the package is printed with one.,https://consumer.crckosher.org/liquor/full-liquor-list/,"cRc full liquor list, table row 49 (category column = Beer)",2026-08-11,verified_against_current_official_source
CRC-row50,cRc,Beer,New Belgium,Snow Day,Certified,Scroll K,True,false,no_evidence,False,True,False,False,,cRc lists this as Certified under Scroll K. Per cRc's legend a symbol is not required on the package; this does NOT prove the package is printed with one.,https://consumer.crckosher.org/liquor/full-liquor-list/,"cRc full liquor list, table row 50 (category column = Beer)",2026-08-11,verified_against_current_official_source
CRC-row51,cRc,Beer,New Belgium,Skinny Dip,Certified,Scroll K,True,false,no_evidence,False,True,False,False,,cRc lists this as Certified under Scroll K. Per cRc's legend a symbol is not required on the package; this does NOT prove the package is printed with one.,https://consumer.crckosher.org/liquor/full-liquor-list/,"cRc full liquor list, table row 51 (category column = Beer)",2026-08-11,verified_against_current_official_source
CRC-row52,cRc,Beer,New Belgium,Shift Pale Lager,Certified,Scroll K,True,false,no_evidence,False,True,False,False,,cRc lists this as Certified under Scroll K. Per cRc's legend a symbol is not required on the package; this does NOT prove the package is printed with one.,https://consumer.crckosher.org/liquor/full-liquor-list/,"cRc full liquor list, table row 52 (category column = Beer)",2026-08-11,verified_against_current_official_source
CRC-row53,cRc,Beer,New Belgium,Rolle Bolle,Certified,Scroll K,True,false,no_evidence,False,True,False,False,,cRc lists this as Certified under Scroll K. Per cRc's legend a symbol is not required on the package; this does NOT prove the package is printed with one.,https://consumer.crckosher.org/liquor/full-liquor-list/,"cRc full liquor list, table row 53 (category column = Beer)",2026-08-11,verified_against_current_official_source
CRC-row54,cRc,Beer,New Belgium,Ranger,Certified,Scroll K,True,false,no_evidence,False,True,False,False,,cRc lists this as Certified under Scroll K. Per cRc's legend a symbol is not required on the package; this does NOT prove the package is printed with one.,https://consumer.crckosher.org/liquor/full-liquor-list/,"cRc full liquor list, table row 54 (category column = Beer)",2026-08-11,verified_against_current_official_source
CRC-row55,cRc,Beer,New Belgium,Porch Swing,Certified,Scroll K,True,false,no_evidence,False,True,False,False,,cRc lists this as Certified under Scroll K. Per cRc's legend a symbol is not required on the package; this does NOT prove the package is printed with one.,https://consumer.crckosher.org/liquor/full-liquor-list/,"cRc full liquor list, table row 55 (category column = Beer)",2026-08-11,verified_against_current_official_source
CRC-row56,cRc,Beer,New Belgium,Oatmeal IPA,Certified,Scroll K,True,false,no_evidence,False,True,False,False,,cRc lists this as Certified under Scroll K. Per cRc's legend a symbol is not required on the package; this does NOT prove the package is printed with one.,https://consumer.crckosher.org/liquor/full-liquor-list/,"cRc full liquor list, table row 56 (category column = Beer)",2026-08-11,verified_against_current_official_source
CRC-row57,cRc,Beer,New Belgium,Mighty Arrow,Certified,Scroll K,True,false,no_evidence,False,True,False,False,,cRc lists this as Certified under Scroll K. Per cRc's legend a symbol is not required on the package; this does NOT prove the package is printed with one.,https://consumer.crckosher.org/liquor/full-liquor-list/,"cRc full liquor list, table row 57 (category column = Beer)",2026-08-11,verified_against_current_official_source
CRC-row58,cRc,Beer,New Belgium,Hoptober,Certified,Scroll K,True,false,no_evidence,False,True,False,False,,cRc lists this as Certified under Scroll K. Per cRc's legend a symbol is not required on the package; this does NOT prove the package is printed with one.,https://consumer.crckosher.org/liquor/full-liquor-list/,"cRc full liquor list, table row 58 (category column = Beer)",2026-08-11,verified_against_current_official_source
CRC-row59,cRc,Beer,New Belgium,Frambozen,Certified,Scroll K,True,false,no_evidence,False,True,False,False,,cRc lists this as Certified under Scroll K. Per cRc's legend a symbol is not required on the package; this does NOT prove the package is printed with one.,https://consumer.crckosher.org/liquor/full-liquor-list/,"cRc full liquor list, table row 59 (category column = Beer)",2026-08-11,verified_against_current_official_source
CRC-row60,cRc,Beer,New Belgium,Fat Tire,Certified,Scroll K,True,false,no_evidence,False,True,False,False,,cRc lists this as Certified under Scroll K. Per cRc's legend a symbol is not required on the package; this does NOT prove the package is printed with one.,https://consumer.crckosher.org/liquor/full-liquor-list/,"cRc full liquor list, table row 60 (category column = Beer)",2026-08-11,verified_against_current_official_source
CRC-row61,cRc,Beer,New Belgium,DIG Pale Ale,Certified,Scroll K,True,false,no_evidence,False,True,False,False,,cRc lists this as Certified under Scroll K. Per cRc's legend a symbol is not required on the package; this does NOT prove the package is printed with one.,https://consumer.crckosher.org/liquor/full-liquor-list/,"cRc full liquor list, table row 61 (category column = Beer)",2026-08-11,verified_against_current_official_source
CRC-row62,cRc,Beer,New Belgium,Blue Paddle,Certified,Scroll K,True,false,no_evidence,False,True,False,False,,cRc lists this as Certified under Scroll K. Per cRc's legend a symbol is not required on the package; this does NOT prove the package is printed with one.,https://consumer.crckosher.org/liquor/full-liquor-list/,"cRc full liquor list, table row 62 (category column = Beer)",2026-08-11,verified_against_current_official_source
CRC-row63,cRc,Beer,New Belgium,Accumulation,Certified,Scroll K,True,false,no_evidence,False,True,False,False,,cRc lists this as Certified under Scroll K. Per cRc's legend a symbol is not required on the package; this does NOT prove the package is printed with one.,https://consumer.crckosher.org/liquor/full-liquor-list/,"cRc full liquor list, table row 63 (category column = Beer)",2026-08-11,verified_against_current_official_source
CRC-row64,cRc,Beer,New Belgium,Abbey,Certified,Scroll K,True,false,no_evidence,False,True,False,False,,cRc lists this as Certified under Scroll K. Per cRc's legend a symbol is not required on the package; this does NOT prove the package is printed with one.,https://consumer.crckosher.org/liquor/full-liquor-list/,"cRc full liquor list, table row 64 (category column = Beer)",2026-08-11,verified_against_current_official_source
CRC-row65,cRc,Beer,New Belgium,2 Below,Certified,Scroll K,True,false,no_evidence,False,True,False,False,,cRc lists this as Certified under Scroll K. Per cRc's legend a symbol is not required on the package; this does NOT prove the package is printed with one.,https://consumer.crckosher.org/liquor/full-liquor-list/,"cRc full liquor list, table row 65 (category column = Beer)",2026-08-11,verified_against_current_official_source
CRC-row66,cRc,Beer,New Belgium,1554 Black Beer,Certified,Scroll K,True,false,no_evidence,False,True,False,False,,cRc lists this as Certified under Scroll K. Per cRc's legend a symbol is not required on the package; this does NOT prove the package is printed with one.,https://consumer.crckosher.org/liquor/full-liquor-list/,"cRc full liquor list, table row 66 (category column = Beer)",2026-08-11,verified_against_current_official_source
CRC-row67,cRc,Beer,Samuel Adams,Alpine Spring,Certified,Star-K,True,true,no_evidence,True,False,True,False,Certified when bearing the Star-K logo,cRc certifies this ONLY when the package bears the Star-K logo.,https://consumer.crckosher.org/liquor/full-liquor-list/,"cRc full liquor list, table row 67 (category column = Beer)",2026-08-11,verified_against_current_official_source
CRC-row68,cRc,Beer,Samuel Adams,Porch Rocker,Certified,Star-K,True,true,no_evidence,True,False,True,False,Certified when bearing the Star-K logo,cRc certifies this ONLY when the package bears the Star-K logo.,https://consumer.crckosher.org/liquor/full-liquor-list/,"cRc full liquor list, table row 68 (category column = Beer)",2026-08-11,verified_against_current_official_source
CRC-row69,cRc,Beer,Samuel Adams,White Christmas,Certified,Star-K,True,true,no_evidence,True,False,True,False,Certified when bearing the Star-K logo,cRc certifies this ONLY when the package bears the Star-K logo.,https://consumer.crckosher.org/liquor/full-liquor-list/,"cRc full liquor list, table row 69 (category column = Beer)",2026-08-11,verified_against_current_official_source
CRC-row70,cRc,Beer,21st Amendment Brewery,All Varieties,Not Recommended,,False,,no_evidence,False,False,False,True,,"cRc lists this as ""Not Recommended"". Do not use it.",https://consumer.crckosher.org/liquor/full-liquor-list/,"cRc full liquor list, table row 70 (category column = Beer)",2026-08-11,verified_against_current_official_source
CRC-row71,cRc,Beer,Abita Brewing Company,All Varieties,Not Recommended,,False,,no_evidence,False,False,False,True,,"cRc lists this as ""Not Recommended"". Do not use it.",https://consumer.crckosher.org/liquor/full-liquor-list/,"cRc full liquor list, table row 71 (category column = Beer)",2026-08-11,verified_against_current_official_source
CRC-row72,cRc,Beer,Barley John's Brew Pub,All Varieties,Not Recommended,,False,,no_evidence,False,False,False,True,,"cRc lists this as ""Not Recommended"". Do not use it.",https://consumer.crckosher.org/liquor/full-liquor-list/,"cRc full liquor list, table row 72 (category column = Beer)",2026-08-11,verified_against_current_official_source
CRC-row73,cRc,Beer,Branchline Brewing Co.,All Varieties,Not Recommended,,False,,no_evidence,False,False,False,True,,"cRc lists this as ""Not Recommended"". Do not use it.",https://consumer.crckosher.org/liquor/full-liquor-list/,"cRc full liquor list, table row 73 (category column = Beer)",2026-08-11,verified_against_current_official_source
CRC-row74,cRc,Beer,Cape Ann Brewing Company,All Varieties,Not Recommended,,False,,no_evidence,False,False,False,True,,"cRc lists this as ""Not Recommended"". Do not use it.",https://consumer.crckosher.org/liquor/full-liquor-list/,"cRc full liquor list, table row 74 (category column = Beer)",2026-08-11,verified_against_current_official_source
CRC-row75,cRc,Beer,Coast Brewing Co.,All Varieties,Not Recommended,,False,,no_evidence,False,False,False,True,,"cRc lists this as ""Not Recommended"". Do not use it.",https://consumer.crckosher.org/liquor/full-liquor-list/,"cRc full liquor list, table row 75 (category column = Beer)",2026-08-11,verified_against_current_official_source
CRC-row76,cRc,Beer,Dogfish Head Craft Brewery,All Varietiess,Not Recommended,,False,,no_evidence,False,False,False,True,,"cRc lists this as ""Not Recommended"". Do not use it.",https://consumer.crckosher.org/liquor/full-liquor-list/,"cRc full liquor list, table row 76 (category column = Beer)",2026-08-11,verified_against_current_official_source
CRC-row77,cRc,Beer,Flying Fish Brewing Co.,All Varieties,Not Recommended,,False,,no_evidence,False,False,False,True,,"cRc lists this as ""Not Recommended"". Do not use it.",https://consumer.crckosher.org/liquor/full-liquor-list/,"cRc full liquor list, table row 77 (category column = Beer)",2026-08-11,verified_against_current_official_source
CRC-row78,cRc,Beer,Fordham Brewing Company,All Varieties,Not Recommended,,False,,no_evidence,False,False,False,True,,"cRc lists this as ""Not Recommended"". Do not use it.",https://consumer.crckosher.org/liquor/full-liquor-list/,"cRc full liquor list, table row 78 (category column = Beer)",2026-08-11,verified_against_current_official_source
CRC-row79,cRc,Beer,Goose Island Beer Co.,312 Wheat Ale,Acceptable (not certified),,False,false,no_evidence,False,True,False,False,,cRc lists this as acceptable without certification.,https://consumer.crckosher.org/liquor/full-liquor-list/,"cRc full liquor list, table row 79 (category column = Beer)",2026-08-11,verified_against_current_official_source
CRC-row80,cRc,Beer,Goose Island Beer Co.,Sofie,Not Recommended,,False,,no_evidence,False,False,False,True,,"cRc lists this as ""Not Recommended"". Do not use it.",https://consumer.crckosher.org/liquor/full-liquor-list/,"cRc full liquor list, table row 80 (category column = Beer)",2026-08-11,verified_against_current_official_source
CRC-row81,cRc,Beer,Goose Island Beer Co.,Summertime,Acceptable (not certified),,False,false,no_evidence,False,True,False,False,,cRc lists this as acceptable without certification.,https://consumer.crckosher.org/liquor/full-liquor-list/,"cRc full liquor list, table row 81 (category column = Beer)",2026-08-11,verified_against_current_official_source
CRC-row82,cRc,Beer,Great Lakes Brewing Company,All Varieties,Not Recommended,,False,,no_evidence,False,False,False,True,,"cRc lists this as ""Not Recommended"". Do not use it.",https://consumer.crckosher.org/liquor/full-liquor-list/,"cRc full liquor list, table row 82 (category column = Beer)",2026-08-11,verified_against_current_official_source
CRC-row83,cRc,Beer,Hacker-Pschorr,Munchner Gold,Acceptable (not certified),,False,false,no_evidence,False,True,False,False,,cRc lists this as acceptable without certification.,https://consumer.crckosher.org/liquor/full-liquor-list/,"cRc full liquor list, table row 83 (category column = Beer)",2026-08-11,verified_against_current_official_source
CRC-row84,cRc,Beer,Hacker-Pschorr,Oktoberfest Marzen,Acceptable (not certified),,False,false,no_evidence,False,True,False,False,,cRc lists this as acceptable without certification.,https://consumer.crckosher.org/liquor/full-liquor-list/,"cRc full liquor list, table row 84 (category column = Beer)",2026-08-11,verified_against_current_official_source
CRC-row85,cRc,Beer,Hacker-Pschorr,Weissbier,Acceptable (not certified),,False,false,no_evidence,False,True,False,False,,cRc lists this as acceptable without certification.,https://consumer.crckosher.org/liquor/full-liquor-list/,"cRc full liquor list, table row 85 (category column = Beer)",2026-08-11,verified_against_current_official_source
CRC-row86,cRc,Beer,Harpoon Brewery,All Varieties,Not Recommended,,False,,no_evidence,False,False,False,True,,"cRc lists this as ""Not Recommended"". Do not use it.",https://consumer.crckosher.org/liquor/full-liquor-list/,"cRc full liquor list, table row 86 (category column = Beer)",2026-08-11,verified_against_current_official_source
CRC-row87,cRc,Beer,HenHouse Brewing Company,All Varieties,Not Recommended,,False,,no_evidence,False,False,False,True,,"cRc lists this as ""Not Recommended"". Do not use it.",https://consumer.crckosher.org/liquor/full-liquor-list/,"cRc full liquor list, table row 87 (category column = Beer)",2026-08-11,verified_against_current_official_source
CRC-row88,cRc,Beer,Holy City Brewing Company,All Varieties,Not Recommended,,False,,no_evidence,False,False,False,True,,"cRc lists this as ""Not Recommended"". Do not use it.",https://consumer.crckosher.org/liquor/full-liquor-list/,"cRc full liquor list, table row 88 (category column = Beer)",2026-08-11,verified_against_current_official_source
CRC-row89,cRc,Beer,Lift Bridge Brewing Co.,All Varieties,Not Recommended,,False,,no_evidence,False,False,False,True,,"cRc lists this as ""Not Recommended"". Do not use it.",https://consumer.crckosher.org/liquor/full-liquor-list/,"cRc full liquor list, table row 89 (category column = Beer)",2026-08-11,verified_against_current_official_source
CRC-row90,cRc,Beer,Marshall Wharf Brewing Co.,All Varieties,Not Recommended,,False,,no_evidence,False,False,False,True,,"cRc lists this as ""Not Recommended"". Do not use it.",https://consumer.crckosher.org/liquor/full-liquor-list/,"cRc full liquor list, table row 90 (category column = Beer)",2026-08-11,verified_against_current_official_source
CRC-row91,cRc,Beer,Odell Brewing Co.,All Varieties,Not Recommended,,False,,no_evidence,False,False,False,True,,"cRc lists this as ""Not Recommended"". Do not use it.",https://consumer.crckosher.org/liquor/full-liquor-list/,"cRc full liquor list, table row 91 (category column = Beer)",2026-08-11,verified_against_current_official_source
CRC-row92,cRc,Beer,Oskar Blues,Dale's Pale Ale,Acceptable (not certified),,False,false,no_evidence,False,True,False,False,,cRc lists this as acceptable without certification.,https://consumer.crckosher.org/liquor/full-liquor-list/,"cRc full liquor list, table row 92 (category column = Beer)",2026-08-11,verified_against_current_official_source
CRC-row93,cRc,Beer,Oskar Blues,Dale's Double IPA,Acceptable (not certified),,False,false,no_evidence,False,True,False,False,,cRc lists this as acceptable without certification.,https://consumer.crckosher.org/liquor/full-liquor-list/,"cRc full liquor list, table row 93 (category column = Beer)",2026-08-11,verified_against_current_official_source
CRC-row94,cRc,Beer,Oskar Blues,Mama's Little Yella Pils,Acceptable (not certified),,False,false,no_evidence,False,True,False,False,,cRc lists this as acceptable without certification.,https://consumer.crckosher.org/liquor/full-liquor-list/,"cRc full liquor list, table row 94 (category column = Beer)",2026-08-11,verified_against_current_official_source
CRC-row95,cRc,Beer,Oskar Blues,Ten FIDY,Acceptable (not certified),,False,false,no_evidence,False,True,False,False,,cRc lists this as acceptable without certification.,https://consumer.crckosher.org/liquor/full-liquor-list/,"cRc full liquor list, table row 95 (category column = Beer)",2026-08-11,verified_against_current_official_source
CRC-row96,cRc,Beer,Oyster House Brewing Company,All Varieties,Not Recommended,,False,,no_evidence,False,False,False,True,,"cRc lists this as ""Not Recommended"". Do not use it.",https://consumer.crckosher.org/liquor/full-liquor-list/,"cRc full liquor list, table row 96 (category column = Beer)",2026-08-11,verified_against_current_official_source
CRC-row97,cRc,Beer,Port City Brewing Company,All Varieties,Not Recommended,,False,,no_evidence,False,False,False,True,,"cRc lists this as ""Not Recommended"". Do not use it.",https://consumer.crckosher.org/liquor/full-liquor-list/,"cRc full liquor list, table row 97 (category column = Beer)",2026-08-11,verified_against_current_official_source
CRC-row98,cRc,Beer,Redhook Ale Brewery,All Varieties,Not Recommended,,False,,no_evidence,False,False,False,True,,"cRc lists this as ""Not Recommended"". Do not use it.",https://consumer.crckosher.org/liquor/full-liquor-list/,"cRc full liquor list, table row 98 (category column = Beer)",2026-08-11,verified_against_current_official_source
CRC-row99,cRc,Beer,Rogue Brewery,All Varieties,Not Recommended,,False,,no_evidence,False,False,False,True,,"cRc lists this as ""Not Recommended"". Do not use it.",https://consumer.crckosher.org/liquor/full-liquor-list/,"cRc full liquor list, table row 99 (category column = Beer)",2026-08-11,verified_against_current_official_source
CRC-row100,cRc,Beer,Shock Top,All Varieties,Not Recommended,,False,,no_evidence,False,False,False,True,,"cRc lists this as ""Not Recommended"". Do not use it.",https://consumer.crckosher.org/liquor/full-liquor-list/,"cRc full liquor list, table row 100 (category column = Beer)",2026-08-11,verified_against_current_official_source
CRC-row101,cRc,Beer,Sixpoint Brewery,All Varieties,Not Recommended,,False,,no_evidence,False,False,False,True,,"cRc lists this as ""Not Recommended"". Do not use it.",https://consumer.crckosher.org/liquor/full-liquor-list/,"cRc full liquor list, table row 101 (category column = Beer)",2026-08-11,verified_against_current_official_source
CRC-row102,cRc,Beer,Spring House Brewing Company,All Varieties,Not Recommended,,False,,no_evidence,False,False,False,True,,"cRc lists this as ""Not Recommended"". Do not use it.",https://consumer.crckosher.org/liquor/full-liquor-list/,"cRc full liquor list, table row 102 (category column = Beer)",2026-08-11,verified_against_current_official_source
CRC-row103,cRc,Beer,Stewart's Brewing Co.,All Varieties,Not Recommended,,False,,no_evidence,False,False,False,True,,"cRc lists this as ""Not Recommended"". Do not use it.",https://consumer.crckosher.org/liquor/full-liquor-list/,"cRc full liquor list, table row 103 (category column = Beer)",2026-08-11,verified_against_current_official_source
CRC-row104,cRc,Beer,Summit Brewing,All Varieties,Not Recommended,,False,,no_evidence,False,False,False,True,,"cRc lists this as ""Not Recommended"". Do not use it.",https://consumer.crckosher.org/liquor/full-liquor-list/,"cRc full liquor list, table row 104 (category column = Beer)",2026-08-11,verified_against_current_official_source
CRC-row105,cRc,Beer,Porterhouse Brewing Company,All Varieties,Not Recommended,,False,,no_evidence,False,False,False,True,,"cRc lists this as ""Not Recommended"". Do not use it.",https://consumer.crckosher.org/liquor/full-liquor-list/,"cRc full liquor list, table row 105 (category column = Beer)",2026-08-11,verified_against_current_official_source
CRC-row106,cRc,Beer,Upright Brewing,All Varieties,Not Recommended,,False,,no_evidence,False,False,False,True,,"cRc lists this as ""Not Recommended"". Do not use it.",https://consumer.crckosher.org/liquor/full-liquor-list/,"cRc full liquor list, table row 106 (category column = Beer)",2026-08-11,verified_against_current_official_source
CRC-row107,cRc,Beer,Ventnor Brewery,All Varieties,Not Recommended,,False,,no_evidence,False,False,False,True,,"cRc lists this as ""Not Recommended"". Do not use it.",https://consumer.crckosher.org/liquor/full-liquor-list/,"cRc full liquor list, table row 107 (category column = Beer)",2026-08-11,verified_against_current_official_source
CRC-row108,cRc,Beer,Wynkoop Brewing Company,All Varieties,Not Recommended,,False,,no_evidence,False,False,False,True,,"cRc lists this as ""Not Recommended"". Do not use it.",https://consumer.crckosher.org/liquor/full-liquor-list/,"cRc full liquor list, table row 108 (category column = Beer)",2026-08-11,verified_against_current_official_source
CRC-row109,cRc,Beer,Samuel Adams,Cold Snap,Certified,Star-K,True,true,no_evidence,True,False,True,False,Certified when bearing the Star-K logo,cRc certifies this ONLY when the package bears the Star-K logo.,https://consumer.crckosher.org/liquor/full-liquor-list/,"cRc full liquor list, table row 109 (category column = Beer)",2026-08-11,verified_against_current_official_source
CRC-row110,cRc,Beer,Blue Moon,Mango Wheat,Certified,OU,True,true,no_evidence,True,False,True,False,Certified when bearing the OU logo,cRc certifies this ONLY when the package bears the OU logo.,https://consumer.crckosher.org/liquor/full-liquor-list/,"cRc full liquor list, table row 110 (category column = Beer)",2026-08-11,verified_against_current_official_source
CRC-row111,cRc,Beer,Blue Moon,Blackberry Tart Ale,Certified,OU,True,true,no_evidence,True,False,True,False,Certified when bearing the OU logo,cRc certifies this ONLY when the package bears the OU logo.,https://consumer.crckosher.org/liquor/full-liquor-list/,"cRc full liquor list, table row 111 (category column = Beer)",2026-08-11,verified_against_current_official_source
CRC-row112,cRc,Beer,Blue Moon,Gingerbread Spiced Ale,Certified,OU,True,true,no_evidence,True,False,True,False,Certified when bearing the OU logo,cRc certifies this ONLY when the package bears the OU logo.,https://consumer.crckosher.org/liquor/full-liquor-list/,"cRc full liquor list, table row 112 (category column = Beer)",2026-08-11,verified_against_current_official_source
CRC-row113,cRc,Beer,Blue Moon,Cinnamon Horchata,Certified,OU,True,true,no_evidence,True,False,True,False,Certified when bearing the OU logo,cRc certifies this ONLY when the package bears the OU logo.,https://consumer.crckosher.org/liquor/full-liquor-list/,"cRc full liquor list, table row 113 (category column = Beer)",2026-08-11,verified_against_current_official_source
CRC-row114,cRc,Beer,Brooklyn Brewery,Brooklyn Black Chocolate Stout,Certified,KCOR,True,false,no_evidence,False,True,False,False,"The letter ""U"" must appear after the ink-jetted Julian date code.",cRc lists this as Certified under KCOR. Per cRc's legend a symbol is not required on the package; this does NOT prove the package is printed with one.,https://consumer.crckosher.org/liquor/full-liquor-list/,"cRc full liquor list, table row 114 (category column = Beer)",2026-08-11,verified_against_current_official_source
CRC-row115,cRc,Beer,Brooklyn Brewery,Brooklyn Brown Ale,Certified,KCOR,True,false,no_evidence,False,True,False,False,"The letter ""U"" must appear after the ink-jetted Julian date code.",cRc lists this as Certified under KCOR. Per cRc's legend a symbol is not required on the package; this does NOT prove the package is printed with one.,https://consumer.crckosher.org/liquor/full-liquor-list/,"cRc full liquor list, table row 115 (category column = Beer)",2026-08-11,verified_against_current_official_source
CRC-row116,cRc,Beer,Brooklyn Brewery,Brooklyn East IPA,Certified,KCOR,True,false,no_evidence,False,True,False,False,"The letter ""U"" must appear after the ink-jetted Julian date code.",cRc lists this as Certified under KCOR. Per cRc's legend a symbol is not required on the package; this does NOT prove the package is printed with one.,https://consumer.crckosher.org/liquor/full-liquor-list/,"cRc full liquor list, table row 116 (category column = Beer)",2026-08-11,verified_against_current_official_source
CRC-row117,cRc,Beer,Brooklyn Brewery,Brooklyn Lager,Certified,KCOR,True,false,no_evidence,False,True,False,False,"The letter ""U"" must appear after the ink-jetted Julian date code.",cRc lists this as Certified under KCOR. Per cRc's legend a symbol is not required on the package; this does NOT prove the package is printed with one.,https://consumer.crckosher.org/liquor/full-liquor-list/,"cRc full liquor list, table row 117 (category column = Beer)",2026-08-11,verified_against_current_official_source
CRC-row118,cRc,Beer,Brooklyn Brewery,Brooklyn Oktoberfest,Certified,KCOR,True,false,no_evidence,False,True,False,False,"The letter ""U"" must appear after the ink-jetted Julian date code.",cRc lists this as Certified under KCOR. Per cRc's legend a symbol is not required on the package; this does NOT prove the package is printed with one.,https://consumer.crckosher.org/liquor/full-liquor-list/,"cRc full liquor list, table row 118 (category column = Beer)",2026-08-11,verified_against_current_official_source
CRC-row119,cRc,Beer,Brooklyn Brewery,Brooklyn Post Road Pumpkin Ale,Certified,KCOR,True,false,no_evidence,False,True,False,False,"The letter ""U"" must appear after the ink-jetted Julian date code.",cRc lists this as Certified under KCOR. Per cRc's legend a symbol is not required on the package; this does NOT prove the package is printed with one.,https://consumer.crckosher.org/liquor/full-liquor-list/,"cRc full liquor list, table row 119 (category column = Beer)",2026-08-11,verified_against_current_official_source
CRC-row120,cRc,Beer,Brooklyn Brewery,Brooklyn Pilsner,Certified,KCOR,True,false,no_evidence,False,True,False,False,"The letter ""U"" must appear after the ink-jetted Julian date code.",cRc lists this as Certified under KCOR. Per cRc's legend a symbol is not required on the package; this does NOT prove the package is printed with one.,https://consumer.crckosher.org/liquor/full-liquor-list/,"cRc full liquor list, table row 120 (category column = Beer)",2026-08-11,verified_against_current_official_source
CRC-row121,cRc,Beer,Brooklyn Brewery,Brooklyn Summer Ale,Certified,KCOR,True,false,no_evidence,False,True,False,False,"The letter ""U"" must appear after the ink-jetted Julian date code.",cRc lists this as Certified under KCOR. Per cRc's legend a symbol is not required on the package; this does NOT prove the package is printed with one.,https://consumer.crckosher.org/liquor/full-liquor-list/,"cRc full liquor list, table row 121 (category column = Beer)",2026-08-11,verified_against_current_official_source
CRC-row122,cRc,Beer,Brooklyn Brewery,Brooklyn Stonewall Inn IPA,Certified,KCOR,True,false,no_evidence,False,True,False,False,"The letter ""U"" must appear after the ink-jetted Julian date code.",cRc lists this as Certified under KCOR. Per cRc's legend a symbol is not required on the package; this does NOT prove the package is printed with one.,https://consumer.crckosher.org/liquor/full-liquor-list/,"cRc full liquor list, table row 122 (category column = Beer)",2026-08-11,verified_against_current_official_source
CRC-row123,cRc,Beer,Coopers,Birell Ultra Light,Certified,Kosher Australia,True,false,no_evidence,False,True,False,False,,cRc lists this as Certified under Kosher Australia. Per cRc's legend a symbol is not required on the package; this does NOT prove the package is printed with one.,https://consumer.crckosher.org/liquor/full-liquor-list/,"cRc full liquor list, table row 123 (category column = Beer)",2026-08-11,verified_against_current_official_source
CRC-row124,cRc,Beer,Coopers,Celebration Ale,Certified,Kosher Australia,True,false,no_evidence,False,True,False,False,,cRc lists this as Certified under Kosher Australia. Per cRc's legend a symbol is not required on the package; this does NOT prove the package is printed with one.,https://consumer.crckosher.org/liquor/full-liquor-list/,"cRc full liquor list, table row 124 (category column = Beer)",2026-08-11,verified_against_current_official_source
CRC-row125,cRc,Beer,Coopers,Dark Ale,Certified,Kosher Australia,True,false,no_evidence,False,True,False,False,,cRc lists this as Certified under Kosher Australia. Per cRc's legend a symbol is not required on the package; this does NOT prove the package is printed with one.,https://consumer.crckosher.org/liquor/full-liquor-list/,"cRc full liquor list, table row 125 (category column = Beer)",2026-08-11,verified_against_current_official_source
CRC-row126,cRc,Beer,Coopers,Mild Ale,Certified,Kosher Australia,True,false,no_evidence,False,True,False,False,,cRc lists this as Certified under Kosher Australia. Per cRc's legend a symbol is not required on the package; this does NOT prove the package is printed with one.,https://consumer.crckosher.org/liquor/full-liquor-list/,"cRc full liquor list, table row 126 (category column = Beer)",2026-08-11,verified_against_current_official_source
CRC-row127,cRc,Beer,Coopers,Original Pale Ale,Certified,Kosher Australia,True,false,no_evidence,False,True,False,False,,cRc lists this as Certified under Kosher Australia. Per cRc's legend a symbol is not required on the package; this does NOT prove the package is printed with one.,https://consumer.crckosher.org/liquor/full-liquor-list/,"cRc full liquor list, table row 127 (category column = Beer)",2026-08-11,verified_against_current_official_source
CRC-row128,cRc,Beer,Coopers,Pilsner 62,Certified,Kosher Australia,True,false,no_evidence,False,True,False,False,,cRc lists this as Certified under Kosher Australia. Per cRc's legend a symbol is not required on the package; this does NOT prove the package is printed with one.,https://consumer.crckosher.org/liquor/full-liquor-list/,"cRc full liquor list, table row 128 (category column = Beer)",2026-08-11,verified_against_current_official_source
CRC-row129,cRc,Beer,Coopers,Premium Light,Certified,Kosher Australia,True,false,no_evidence,False,True,False,False,,cRc lists this as Certified under Kosher Australia. Per cRc's legend a symbol is not required on the package; this does NOT prove the package is printed with one.,https://consumer.crckosher.org/liquor/full-liquor-list/,"cRc full liquor list, table row 129 (category column = Beer)",2026-08-11,verified_against_current_official_source
CRC-row130,cRc,Beer,Gordon Biersch Brewing Company- San Jose,Hefeweizen,Certified,KCOR,True,true,no_evidence,True,False,True,False,Certified when bearing the KCOR logo,cRc certifies this ONLY when the package bears the KCOR logo.,https://consumer.crckosher.org/liquor/full-liquor-list/,"cRc full liquor list, table row 130 (category column = Beer)",2026-08-11,verified_against_current_official_source
CRC-row131,cRc,Beer,Gordon Biersch Brewing Company- San Jose,Marzen,Certified,KCOR,True,true,no_evidence,True,False,True,False,Certified when bearing the KCOR logo,cRc certifies this ONLY when the package bears the KCOR logo.,https://consumer.crckosher.org/liquor/full-liquor-list/,"cRc full liquor list, table row 131 (category column = Beer)",2026-08-11,verified_against_current_official_source
CRC-row132,cRc,Beer,Leinenkugel,Orange Shandy,Certified,OU,True,true,no_evidence,True,False,True,False,Certified when bearing the OU logo,cRc certifies this ONLY when the package bears the OU logo.,https://consumer.crckosher.org/liquor/full-liquor-list/,"cRc full liquor list, table row 132 (category column = Beer)",2026-08-11,verified_against_current_official_source
CRC-row133,cRc,Beer,Leinenkugel,Snowdrift Vanilla Porter,Certified,OU,True,true,no_evidence,True,False,True,False,Certified when bearing the OU logo,cRc certifies this ONLY when the package bears the OU logo.,https://consumer.crckosher.org/liquor/full-liquor-list/,"cRc full liquor list, table row 133 (category column = Beer)",2026-08-11,verified_against_current_official_source
CRC-row134,cRc,Beer,Matt Brewing,Saranac Adirondack Lager,Certified,KCOR,True,false,no_evidence,False,True,False,False,,cRc lists this as Certified under KCOR. Per cRc's legend a symbol is not required on the package; this does NOT prove the package is printed with one.,https://consumer.crckosher.org/liquor/full-liquor-list/,"cRc full liquor list, table row 134 (category column = Beer)",2026-08-11,verified_against_current_official_source
CRC-row135,cRc,Beer,Matt Brewing,Saranac Black & Tan,Certified,KCOR,True,false,no_evidence,False,True,False,False,,cRc lists this as Certified under KCOR. Per cRc's legend a symbol is not required on the package; this does NOT prove the package is printed with one.,https://consumer.crckosher.org/liquor/full-liquor-list/,"cRc full liquor list, table row 135 (category column = Beer)",2026-08-11,verified_against_current_official_source
CRC-row136,cRc,Beer,Matt Brewing,Saranac Black Cherry Soda,Certified,KCOR,True,false,no_evidence,False,True,False,False,,cRc lists this as Certified under KCOR. Per cRc's legend a symbol is not required on the package; this does NOT prove the package is printed with one.,https://consumer.crckosher.org/liquor/full-liquor-list/,"cRc full liquor list, table row 136 (category column = Beer)",2026-08-11,verified_against_current_official_source
CRC-row137,cRc,Beer,Matt Brewing,Saranac Black Forest,Certified,KCOR,True,false,no_evidence,False,True,False,False,,cRc lists this as Certified under KCOR. Per cRc's legend a symbol is not required on the package; this does NOT prove the package is printed with one.,https://consumer.crckosher.org/liquor/full-liquor-list/,"cRc full liquor list, table row 137 (category column = Beer)",2026-08-11,verified_against_current_official_source
CRC-row138,cRc,Beer,Matt Brewing,Saranac Caramel Porter,Certified,KCOR,True,false,no_evidence,False,True,False,False,,cRc lists this as Certified under KCOR. Per cRc's legend a symbol is not required on the package; this does NOT prove the package is printed with one.,https://consumer.crckosher.org/liquor/full-liquor-list/,"cRc full liquor list, table row 138 (category column = Beer)",2026-08-11,verified_against_current_official_source
CRC-row139,cRc,Beer,Matt Brewing,Saranac Ginger Beer,Certified,KCOR,True,false,no_evidence,False,True,False,False,,cRc lists this as Certified under KCOR. Per cRc's legend a symbol is not required on the package; this does NOT prove the package is printed with one.,https://consumer.crckosher.org/liquor/full-liquor-list/,"cRc full liquor list, table row 139 (category column = Beer)",2026-08-11,verified_against_current_official_source
CRC-row140,cRc,Beer,Matt Brewing,Saranac Helles,Certified,KCOR,True,false,no_evidence,False,True,False,False,,cRc lists this as Certified under KCOR. Per cRc's legend a symbol is not required on the package; this does NOT prove the package is printed with one.,https://consumer.crckosher.org/liquor/full-liquor-list/,"cRc full liquor list, table row 140 (category column = Beer)",2026-08-11,verified_against_current_official_source
CRC-row141,cRc,Beer,Matt Brewing,Saranac India Pale Ale,Certified,KCOR,True,false,no_evidence,False,True,False,False,,cRc lists this as Certified under KCOR. Per cRc's legend a symbol is not required on the package; this does NOT prove the package is printed with one.,https://consumer.crckosher.org/liquor/full-liquor-list/,"cRc full liquor list, table row 141 (category column = Beer)",2026-08-11,verified_against_current_official_source
CRC-row142,cRc,Beer,Matt Brewing,Saranac Lemonade,Certified,KCOR,True,false,no_evidence,False,True,False,False,,cRc lists this as Certified under KCOR. Per cRc's legend a symbol is not required on the package; this does NOT prove the package is printed with one.,https://consumer.crckosher.org/liquor/full-liquor-list/,"cRc full liquor list, table row 142 (category column = Beer)",2026-08-11,verified_against_current_official_source
CRC-row143,cRc,Beer,Matt Brewing,Saranac Oktoberfest,Certified,KCOR,True,false,no_evidence,False,True,False,False,,cRc lists this as Certified under KCOR. Per cRc's legend a symbol is not required on the package; this does NOT prove the package is printed with one.,https://consumer.crckosher.org/liquor/full-liquor-list/,"cRc full liquor list, table row 143 (category column = Beer)",2026-08-11,verified_against_current_official_source
CRC-row144,cRc,Beer,Matt Brewing,Saranac Orange Cream,Certified,KCOR,True,false,no_evidence,False,True,False,False,,cRc lists this as Certified under KCOR. Per cRc's legend a symbol is not required on the package; this does NOT prove the package is printed with one.,https://consumer.crckosher.org/liquor/full-liquor-list/,"cRc full liquor list, table row 144 (category column = Beer)",2026-08-11,verified_against_current_official_source
CRC-row145,cRc,Beer,Matt Brewing,Saranac Pale Ale,Certified,KCOR,True,false,no_evidence,False,True,False,False,,cRc lists this as Certified under KCOR. Per cRc's legend a symbol is not required on the package; this does NOT prove the package is printed with one.,https://consumer.crckosher.org/liquor/full-liquor-list/,"cRc full liquor list, table row 145 (category column = Beer)",2026-08-11,verified_against_current_official_source
CRC-row146,cRc,Beer,Matt Brewing,Saranac Pumpkin Ale,Certified,KCOR,True,false,no_evidence,False,True,False,False,,cRc lists this as Certified under KCOR. Per cRc's legend a symbol is not required on the package; this does NOT prove the package is printed with one.,https://consumer.crckosher.org/liquor/full-liquor-list/,"cRc full liquor list, table row 146 (category column = Beer)",2026-08-11,verified_against_current_official_source
CRC-row147,cRc,Beer,Matt Brewing,Saranac Root Beer,Certified,KCOR,True,false,no_evidence,False,True,False,False,,cRc lists this as Certified under KCOR. Per cRc's legend a symbol is not required on the package; this does NOT prove the package is printed with one.,https://consumer.crckosher.org/liquor/full-liquor-list/,"cRc full liquor list, table row 147 (category column = Beer)",2026-08-11,verified_against_current_official_source
CRC-row148,cRc,Beer,Matt Brewing,Saranac Season's Best,Certified,KCOR,True,false,no_evidence,False,True,False,False,,cRc lists this as Certified under KCOR. Per cRc's legend a symbol is not required on the package; this does NOT prove the package is printed with one.,https://consumer.crckosher.org/liquor/full-liquor-list/,"cRc full liquor list, table row 148 (category column = Beer)",2026-08-11,verified_against_current_official_source
CRC-row149,cRc,Beer,Matt Brewing,Saranac Shirley Temple,Certified,KCOR,True,false,no_evidence,False,True,False,False,,cRc lists this as Certified under KCOR. Per cRc's legend a symbol is not required on the package; this does NOT prove the package is printed with one.,https://consumer.crckosher.org/liquor/full-liquor-list/,"cRc full liquor list, table row 149 (category column = Beer)",2026-08-11,verified_against_current_official_source
CRC-row150,cRc,Beer,O'Doul's,Amber,Acceptable (not certified),,False,false,no_evidence,False,True,False,False,,cRc lists this as acceptable without certification.,https://consumer.crckosher.org/liquor/full-liquor-list/,"cRc full liquor list, table row 150 (category column = Beer)",2026-08-11,verified_against_current_official_source
CRC-row151,cRc,Beer,O'Doul's,Premium,Acceptable (not certified),,False,false,no_evidence,False,True,False,False,,cRc lists this as acceptable without certification.,https://consumer.crckosher.org/liquor/full-liquor-list/,"cRc full liquor list, table row 151 (category column = Beer)",2026-08-11,verified_against_current_official_source
CRC-row152,cRc,Beer,Shiner,Premium,Certified,KCOR,True,false,no_evidence,False,True,False,False,,cRc lists this as Certified under KCOR. Per cRc's legend a symbol is not required on the package; this does NOT prove the package is printed with one.,https://consumer.crckosher.org/liquor/full-liquor-list/,"cRc full liquor list, table row 152 (category column = Beer)",2026-08-11,verified_against_current_official_source
CRC-row153,cRc,Beer,Shiner,Prickly Pear,Certified,KCOR,True,false,no_evidence,False,True,False,False,,cRc lists this as Certified under KCOR. Per cRc's legend a symbol is not required on the package; this does NOT prove the package is printed with one.,https://consumer.crckosher.org/liquor/full-liquor-list/,"cRc full liquor list, table row 153 (category column = Beer)",2026-08-11,verified_against_current_official_source
CRC-row154,cRc,Beer,Shiner,Ruby Redbird,Certified,KCOR,True,false,no_evidence,False,True,False,False,,cRc lists this as Certified under KCOR. Per cRc's legend a symbol is not required on the package; this does NOT prove the package is printed with one.,https://consumer.crckosher.org/liquor/full-liquor-list/,"cRc full liquor list, table row 154 (category column = Beer)",2026-08-11,verified_against_current_official_source
CRC-row155,cRc,Beer,Bud Light,Lime-A-Rita,Not Recommended,,False,,no_evidence,False,False,False,True,,"cRc lists this as ""Not Recommended"". Do not use it.",https://consumer.crckosher.org/liquor/full-liquor-list/,"cRc full liquor list, table row 155 (category column = Beer)",2026-08-11,verified_against_current_official_source
CRC-row156,cRc,Beer,Bud Light,Straw-Ber-Rita,Not Recommended,,False,,no_evidence,False,False,False,True,,"cRc lists this as ""Not Recommended"". Do not use it.",https://consumer.crckosher.org/liquor/full-liquor-list/,"cRc full liquor list, table row 156 (category column = Beer)",2026-08-11,verified_against_current_official_source
CRC-row157,cRc,Beer,Bud Light,Water-Melon-Rita,Not Recommended,,False,,no_evidence,False,False,False,True,,"cRc lists this as ""Not Recommended"". Do not use it.",https://consumer.crckosher.org/liquor/full-liquor-list/,"cRc full liquor list, table row 157 (category column = Beer)",2026-08-11,verified_against_current_official_source
CRC-row158,cRc,Beer,Budweiser,Chelada,Not Recommended,,False,,no_evidence,False,False,False,True,,"cRc lists this as ""Not Recommended"". Do not use it.",https://consumer.crckosher.org/liquor/full-liquor-list/,"cRc full liquor list, table row 158 (category column = Beer)",2026-08-11,verified_against_current_official_source
CRC-row159,cRc,Beer,Bud Light,Chelada,Not Recommended,,False,,no_evidence,False,False,False,True,,"cRc lists this as ""Not Recommended"". Do not use it.",https://consumer.crckosher.org/liquor/full-liquor-list/,"cRc full liquor list, table row 159 (category column = Beer)",2026-08-11,verified_against_current_official_source
CRC-row160,cRc,Beer,Dock Street Brewing Company,All Varieties,Not Recommended,,False,,no_evidence,False,False,False,True,,"cRc lists this as ""Not Recommended"". Do not use it.",https://consumer.crckosher.org/liquor/full-liquor-list/,"cRc full liquor list, table row 160 (category column = Beer)",2026-08-11,verified_against_current_official_source
CRC-row161,cRc,Beer,Bud Light,Mang-O-Rita,Not Recommended,,False,,no_evidence,False,False,False,True,,"cRc lists this as ""Not Recommended"". Do not use it.",https://consumer.crckosher.org/liquor/full-liquor-list/,"cRc full liquor list, table row 161 (category column = Beer)",2026-08-11,verified_against_current_official_source
CRC-row162,cRc,Beer,Bud Light,Cran-Brr-Rita,Not Recommended,,False,,no_evidence,False,False,False,True,,"cRc lists this as ""Not Recommended"". Do not use it.",https://consumer.crckosher.org/liquor/full-liquor-list/,"cRc full liquor list, table row 162 (category column = Beer)",2026-08-11,verified_against_current_official_source
CRC-row163,cRc,Beer,Leinenkugel,Helles Yeah,Certified,OU,True,true,no_evidence,True,False,True,False,Certified when bearing the OU logo,cRc certifies this ONLY when the package bears the OU logo.,https://consumer.crckosher.org/liquor/full-liquor-list/,"cRc full liquor list, table row 163 (category column = Beer)",2026-08-11,verified_against_current_official_source
CRC-row164,cRc,Beer,Grolsch,Premium Lager,Acceptable (not certified),,False,false,no_evidence,False,True,False,False,,cRc lists this as acceptable without certification.,https://consumer.crckosher.org/liquor/full-liquor-list/,"cRc full liquor list, table row 164 (category column = Beer)",2026-08-11,verified_against_current_official_source
CRC-row165,cRc,Beer,Victory Brewing,All Varieties,Not Recommended,,False,,no_evidence,False,False,False,True,,"cRc lists this as ""Not Recommended"". Do not use it.",https://consumer.crckosher.org/liquor/full-liquor-list/,"cRc full liquor list, table row 165 (category column = Beer)",2026-08-11,verified_against_current_official_source
CRC-row166,cRc,Beer,Goose Island Beer Co.,IPA,Acceptable (not certified),,False,false,no_evidence,False,True,False,False,,cRc lists this as acceptable without certification.,https://consumer.crckosher.org/liquor/full-liquor-list/,"cRc full liquor list, table row 166 (category column = Beer)",2026-08-11,verified_against_current_official_source
CRC-row167,cRc,Beer,Shiner,Bock,Certified,KCOR,True,false,no_evidence,False,True,False,False,,cRc lists this as Certified under KCOR. Per cRc's legend a symbol is not required on the package; this does NOT prove the package is printed with one.,https://consumer.crckosher.org/liquor/full-liquor-list/,"cRc full liquor list, table row 167 (category column = Beer)",2026-08-11,verified_against_current_official_source
CRC-row168,cRc,Beer,Heineken,Unflavored,Acceptable (not certified),,False,false,no_evidence,False,True,False,False,,cRc lists this as acceptable without certification.,https://consumer.crckosher.org/liquor/full-liquor-list/,"cRc full liquor list, table row 168 (category column = Beer)",2026-08-11,verified_against_current_official_source
CRC-row169,cRc,Beer,New Belgium,Voodoo Ranger Electric Thunderclap IPA,Certified,Scroll K,True,false,no_evidence,False,True,False,False,,cRc lists this as Certified under Scroll K. Per cRc's legend a symbol is not required on the package; this does NOT prove the package is printed with one.,https://consumer.crckosher.org/liquor/full-liquor-list/,"cRc full liquor list, table row 169 (category column = Beer)",2026-08-11,verified_against_current_official_source
CRC-row170,cRc,Beer,New Belgium,Voodoo Ranger Hardcharged Lemon Tea,Certified,Scroll K,True,false,no_evidence,False,True,False,False,,cRc lists this as Certified under Scroll K. Per cRc's legend a symbol is not required on the package; this does NOT prove the package is printed with one.,https://consumer.crckosher.org/liquor/full-liquor-list/,"cRc full liquor list, table row 170 (category column = Beer)",2026-08-11,verified_against_current_official_source
CRC-row171,cRc,Beer,Leinenkugel,Northwoods Lager,Certified,OU,True,true,no_evidence,True,False,True,False,Certified when bearing the OU logo,cRc certifies this ONLY when the package bears the OU logo.,https://consumer.crckosher.org/liquor/full-liquor-list/,"cRc full liquor list, table row 171 (category column = Beer)",2026-08-11,verified_against_current_official_source
CRC-row172,cRc,Beer,New Belgium,Voodoo Ranger Hardcharged Half & Half Tea,Certified,Scroll K,True,false,no_evidence,False,True,False,False,,cRc lists this as Certified under Scroll K. Per cRc's legend a symbol is not required on the package; this does NOT prove the package is printed with one.,https://consumer.crckosher.org/liquor/full-liquor-list/,"cRc full liquor list, table row 172 (category column = Beer)",2026-08-11,verified_against_current_official_source
CRC-row173,cRc,Beer,New Belgium,Voodoo Ranger Hardcharged Peach Tea,Certified,Scroll K,True,false,no_evidence,False,True,False,False,,cRc lists this as Certified under Scroll K. Per cRc's legend a symbol is not required on the package; this does NOT prove the package is printed with one.,https://consumer.crckosher.org/liquor/full-liquor-list/,"cRc full liquor list, table row 173 (category column = Beer)",2026-08-11,verified_against_current_official_source
CRC-row174,cRc,Beer,New Belgium,Voodoo Ranger Hardcharged RazzPop Tea,Certified,Scroll K,True,false,no_evidence,False,True,False,False,,cRc lists this as Certified under Scroll K. Per cRc's legend a symbol is not required on the package; this does NOT prove the package is printed with one.,https://consumer.crckosher.org/liquor/full-liquor-list/,"cRc full liquor list, table row 174 (category column = Beer)",2026-08-11,verified_against_current_official_source
CRC-row175,cRc,Beer,New Belgium,Voodoo Ranger HOPTOBER IPA,Certified,Scroll K,True,false,no_evidence,False,True,False,False,,cRc lists this as Certified under Scroll K. Per cRc's legend a symbol is not required on the package; this does NOT prove the package is printed with one.,https://consumer.crckosher.org/liquor/full-liquor-list/,"cRc full liquor list, table row 175 (category column = Beer)",2026-08-11,verified_against_current_official_source
CRC-row176,cRc,Beer,New Belgium,Voodoo Ranger Imperial Atomic Pumpkin,Certified,Scroll K,True,false,no_evidence,False,True,False,False,,cRc lists this as Certified under Scroll K. Per cRc's legend a symbol is not required on the package; this does NOT prove the package is printed with one.,https://consumer.crckosher.org/liquor/full-liquor-list/,"cRc full liquor list, table row 176 (category column = Beer)",2026-08-11,verified_against_current_official_source
CRC-row177,cRc,Beer,New Belgium,Voodoo Ranger Peach Force,Certified,Scroll K,True,false,no_evidence,False,True,False,False,,cRc lists this as Certified under Scroll K. Per cRc's legend a symbol is not required on the package; this does NOT prove the package is printed with one.,https://consumer.crckosher.org/liquor/full-liquor-list/,"cRc full liquor list, table row 177 (category column = Beer)",2026-08-11,verified_against_current_official_source
CRC-row178,cRc,Beer,New Belgium,Voodoo Ranger Tropic Force IPA,Certified,Scroll K,True,false,no_evidence,False,True,False,False,,cRc lists this as Certified under Scroll K. Per cRc's legend a symbol is not required on the package; this does NOT prove the package is printed with one.,https://consumer.crckosher.org/liquor/full-liquor-list/,"cRc full liquor list, table row 178 (category column = Beer)",2026-08-11,verified_against_current_official_source
CRC-row179,cRc,Beer,Leinenkugel,Wisconsin Red Pale Ale,Certified,OU,True,true,no_evidence,True,False,True,False,Certified when bearing the OU logo,cRc certifies this ONLY when the package bears the OU logo.,https://consumer.crckosher.org/liquor/full-liquor-list/,"cRc full liquor list, table row 179 (category column = Beer)",2026-08-11,verified_against_current_official_source
CRC-row180,cRc,Beer,Sapporo,Premium,Acceptable (not certified),,False,false,no_evidence,False,True,False,False,,cRc lists this as acceptable without certification.,https://consumer.crckosher.org/liquor/full-liquor-list/,"cRc full liquor list, table row 180 (category column = Beer)",2026-08-11,verified_against_current_official_source
CRC-row181,cRc,Beer,Sapporo,Reserve,Acceptable (not certified),,False,false,no_evidence,False,True,False,False,,cRc lists this as acceptable without certification.,https://consumer.crckosher.org/liquor/full-liquor-list/,"cRc full liquor list, table row 181 (category column = Beer)",2026-08-11,verified_against_current_official_source
CRC-row182,cRc,Beer,Sapporo,Premium Light,Acceptable (not certified),,False,false,no_evidence,False,True,False,False,,cRc lists this as acceptable without certification.,https://consumer.crckosher.org/liquor/full-liquor-list/,"cRc full liquor list, table row 182 (category column = Beer)",2026-08-11,verified_against_current_official_source
CRC-row183,cRc,Beer,Jailbreak Brewing,Batch 074 IPA,Certified,Star-K,True,true,no_evidence,True,False,True,False,Certified when bearing the Star-K logo,cRc certifies this ONLY when the package bears the Star-K logo.,https://consumer.crckosher.org/liquor/full-liquor-list/,"cRc full liquor list, table row 183 (category column = Beer)",2026-08-11,verified_against_current_official_source
CRC-row184,cRc,Beer,Jailbreak Brewing,Berry'd,Certified,Star-K,True,true,no_evidence,True,False,True,False,Certified when bearing the Star-K logo,cRc certifies this ONLY when the package bears the Star-K logo.,https://consumer.crckosher.org/liquor/full-liquor-list/,"cRc full liquor list, table row 184 (category column = Beer)",2026-08-11,verified_against_current_official_source
CRC-row185,cRc,Beer,Jailbreak Brewing,Big Punisher,Certified,Star-K,True,true,no_evidence,True,False,True,False,Certified when bearing the Star-K logo,cRc certifies this ONLY when the package bears the Star-K logo.,https://consumer.crckosher.org/liquor/full-liquor-list/,"cRc full liquor list, table row 185 (category column = Beer)",2026-08-11,verified_against_current_official_source
CRC-row186,cRc,Beer,Jailbreak Brewing,Feed the Monkey,Certified,Star-K,True,true,no_evidence,True,False,True,False,Certified when bearing the Star-K logo,cRc certifies this ONLY when the package bears the Star-K logo.,https://consumer.crckosher.org/liquor/full-liquor-list/,"cRc full liquor list, table row 186 (category column = Beer)",2026-08-11,verified_against_current_official_source
CRC-row187,cRc,Beer,Jailbreak Brewing,Forbidden,Certified,Star-K,True,true,no_evidence,True,False,True,False,Certified when bearing the Star-K logo,cRc certifies this ONLY when the package bears the Star-K logo.,https://consumer.crckosher.org/liquor/full-liquor-list/,"cRc full liquor list, table row 187 (category column = Beer)",2026-08-11,verified_against_current_official_source
CRC-row188,cRc,Beer,Jailbreak Brewing,Gnarles Barley,Certified,Star-K,True,true,no_evidence,True,False,True,False,Certified when bearing the Star-K logo,cRc certifies this ONLY when the package bears the Star-K logo.,https://consumer.crckosher.org/liquor/full-liquor-list/,"cRc full liquor list, table row 188 (category column = Beer)",2026-08-11,verified_against_current_official_source
CRC-row189,cRc,Beer,Jailbreak Brewing,Into the Dark,Certified,Star-K,True,true,no_evidence,True,False,True,False,Certified when bearing the Star-K logo,cRc certifies this ONLY when the package bears the Star-K logo.,https://consumer.crckosher.org/liquor/full-liquor-list/,"cRc full liquor list, table row 189 (category column = Beer)",2026-08-11,verified_against_current_official_source
CRC-row190,cRc,Beer,Jailbreak Brewing,Kavorka,Certified,Star-K,True,true,no_evidence,True,False,True,False,Certified when bearing the Star-K logo,cRc certifies this ONLY when the package bears the Star-K logo.,https://consumer.crckosher.org/liquor/full-liquor-list/,"cRc full liquor list, table row 190 (category column = Beer)",2026-08-11,verified_against_current_official_source
CRC-row191,cRc,Beer,Jailbreak Brewing,Made Wit Basil,Certified,Star-K,True,true,no_evidence,True,False,True,False,Certified when bearing the Star-K logo,cRc certifies this ONLY when the package bears the Star-K logo.,https://consumer.crckosher.org/liquor/full-liquor-list/,"cRc full liquor list, table row 191 (category column = Beer)",2026-08-11,verified_against_current_official_source
CRC-row192,cRc,Beer,Jailbreak Brewing,B. Limey Key Lime Pale Ale,Certified,Star-K,True,true,no_evidence,True,False,True,False,Certified when bearing the Star-K logo,cRc certifies this ONLY when the package bears the Star-K logo.,https://consumer.crckosher.org/liquor/full-liquor-list/,"cRc full liquor list, table row 192 (category column = Beer)",2026-08-11,verified_against_current_official_source
CRC-row193,cRc,Beer,Jailbreak Brewing,The Infinite,Certified,Star-K,True,true,no_evidence,True,False,True,False,Certified when bearing the Star-K logo,cRc certifies this ONLY when the package bears the Star-K logo.,https://consumer.crckosher.org/liquor/full-liquor-list/,"cRc full liquor list, table row 193 (category column = Beer)",2026-08-11,verified_against_current_official_source
CRC-row194,cRc,Beer,Jailbreak Brewing,Welcome to Scoville,Certified,Star-K,True,true,no_evidence,True,False,True,False,Certified when bearing the Star-K logo,cRc certifies this ONLY when the package bears the Star-K logo.,https://consumer.crckosher.org/liquor/full-liquor-list/,"cRc full liquor list, table row 194 (category column = Beer)",2026-08-11,verified_against_current_official_source
CRC-row195,cRc,Beer,New Belgium,FOCOllaboration,Certified,Scroll K,True,false,no_evidence,False,True,False,False,,cRc lists this as Certified under Scroll K. Per cRc's legend a symbol is not required on the package; this does NOT prove the package is printed with one.,https://consumer.crckosher.org/liquor/full-liquor-list/,"cRc full liquor list, table row 195 (category column = Beer)",2026-08-11,verified_against_current_official_source
CRC-row196,cRc,Beer,New Belgium,French Aramis IPA,Certified,Scroll K,True,false,no_evidence,False,True,False,False,,cRc lists this as Certified under Scroll K. Per cRc's legend a symbol is not required on the package; this does NOT prove the package is printed with one.,https://consumer.crckosher.org/liquor/full-liquor-list/,"cRc full liquor list, table row 196 (category column = Beer)",2026-08-11,verified_against_current_official_source
CRC-row197,cRc,Beer,New Belgium,Fresh Hop India IPA,Certified,Scroll K,True,false,no_evidence,False,True,False,False,,cRc lists this as Certified under Scroll K. Per cRc's legend a symbol is not required on the package; this does NOT prove the package is printed with one.,https://consumer.crckosher.org/liquor/full-liquor-list/,"cRc full liquor list, table row 197 (category column = Beer)",2026-08-11,verified_against_current_official_source
CRC-row198,cRc,Beer,New Belgium,Gratzer Ale,Certified,Scroll K,True,false,no_evidence,False,True,False,False,,cRc lists this as Certified under Scroll K. Per cRc's legend a symbol is not required on the package; this does NOT prove the package is printed with one.,https://consumer.crckosher.org/liquor/full-liquor-list/,"cRc full liquor list, table row 198 (category column = Beer)",2026-08-11,verified_against_current_official_source
CRC-row199,cRc,Beer,New Belgium,Hop the Pond,Certified,Scroll K,True,false,no_evidence,False,True,False,False,,cRc lists this as Certified under Scroll K. Per cRc's legend a symbol is not required on the package; this does NOT prove the package is printed with one.,https://consumer.crckosher.org/liquor/full-liquor-list/,"cRc full liquor list, table row 199 (category column = Beer)",2026-08-11,verified_against_current_official_source
CRC-row200,cRc,Beer,New Belgium,Hop Stout,Certified,Scroll K,True,false,no_evidence,False,True,False,False,,cRc lists this as Certified under Scroll K. Per cRc's legend a symbol is not required on the package; this does NOT prove the package is printed with one.,https://consumer.crckosher.org/liquor/full-liquor-list/,"cRc full liquor list, table row 200 (category column = Beer)",2026-08-11,verified_against_current_official_source
CRC-row201,cRc,Beer,New Belgium,Hop Tart,Certified,Scroll K,True,false,no_evidence,False,True,False,False,,cRc lists this as Certified under Scroll K. Per cRc's legend a symbol is not required on the package; this does NOT prove the package is printed with one.,https://consumer.crckosher.org/liquor/full-liquor-list/,"cRc full liquor list, table row 201 (category column = Beer)",2026-08-11,verified_against_current_official_source
CRC-row202,cRc,Beer,New Belgium,Long Table Farmhouse Ale,Certified,Scroll K,True,false,no_evidence,False,True,False,False,,cRc lists this as Certified under Scroll K. Per cRc's legend a symbol is not required on the package; this does NOT prove the package is printed with one.,https://consumer.crckosher.org/liquor/full-liquor-list/,"cRc full liquor list, table row 202 (category column = Beer)",2026-08-11,verified_against_current_official_source
CRC-row203,cRc,Beer,New Belgium,Portage,Certified,Scroll K,True,false,no_evidence,False,True,False,False,,cRc lists this as Certified under Scroll K. Per cRc's legend a symbol is not required on the package; this does NOT prove the package is printed with one.,https://consumer.crckosher.org/liquor/full-liquor-list/,"cRc full liquor list, table row 203 (category column = Beer)",2026-08-11,verified_against_current_official_source
CRC-row204,cRc,Beer,New Belgium,Pumpkick,Certified,Scroll K,True,false,no_evidence,False,True,False,False,,cRc lists this as Certified under Scroll K. Per cRc's legend a symbol is not required on the package; this does NOT prove the package is printed with one.,https://consumer.crckosher.org/liquor/full-liquor-list/,"cRc full liquor list, table row 204 (category column = Beer)",2026-08-11,verified_against_current_official_source
CRC-row205,cRc,Beer,New Belgium,Rampant IPA,Certified,Scroll K,True,false,no_evidence,False,True,False,False,,cRc lists this as Certified under Scroll K. Per cRc's legend a symbol is not required on the package; this does NOT prove the package is printed with one.,https://consumer.crckosher.org/liquor/full-liquor-list/,"cRc full liquor list, table row 205 (category column = Beer)",2026-08-11,verified_against_current_official_source
CRC-row206,cRc,Beer,New Belgium,Rewind IPA,Certified,Scroll K,True,false,no_evidence,False,True,False,False,,cRc lists this as Certified under Scroll K. Per cRc's legend a symbol is not required on the package; this does NOT prove the package is printed with one.,https://consumer.crckosher.org/liquor/full-liquor-list/,"cRc full liquor list, table row 206 (category column = Beer)",2026-08-11,verified_against_current_official_source
CRC-row207,cRc,Beer,New Belgium,RyePA,Certified,Scroll K,True,false,no_evidence,False,True,False,False,,cRc lists this as Certified under Scroll K. Per cRc's legend a symbol is not required on the package; this does NOT prove the package is printed with one.,https://consumer.crckosher.org/liquor/full-liquor-list/,"cRc full liquor list, table row 207 (category column = Beer)",2026-08-11,verified_against_current_official_source
CRC-row208,cRc,Beer,New Belgium,Saison Harvest Ale,Certified,Scroll K,True,false,no_evidence,False,True,False,False,,cRc lists this as Certified under Scroll K. Per cRc's legend a symbol is not required on the package; this does NOT prove the package is printed with one.,https://consumer.crckosher.org/liquor/full-liquor-list/,"cRc full liquor list, table row 208 (category column = Beer)",2026-08-11,verified_against_current_official_source
CRC-row209,cRc,Beer,New Belgium,Salted Belgian Chocolate Stout with Perennial Artisan Ale,Certified,Scroll K,True,false,no_evidence,False,True,False,False,,cRc lists this as Certified under Scroll K. Per cRc's legend a symbol is not required on the package; this does NOT prove the package is printed with one.,https://consumer.crckosher.org/liquor/full-liquor-list/,"cRc full liquor list, table row 209 (category column = Beer)",2026-08-11,verified_against_current_official_source
CRC-row210,cRc,Beer,New Belgium,Slow Ride,Certified,Scroll K,True,false,no_evidence,False,True,False,False,,cRc lists this as Certified under Scroll K. Per cRc's legend a symbol is not required on the package; this does NOT prove the package is printed with one.,https://consumer.crckosher.org/liquor/full-liquor-list/,"cRc full liquor list, table row 210 (category column = Beer)",2026-08-11,verified_against_current_official_source
CRC-row211,cRc,Beer,New Belgium,Snapshot Wheat,Certified,Scroll K,True,false,no_evidence,False,True,False,False,,cRc lists this as Certified under Scroll K. Per cRc's legend a symbol is not required on the package; this does NOT prove the package is printed with one.,https://consumer.crckosher.org/liquor/full-liquor-list/,"cRc full liquor list, table row 211 (category column = Beer)",2026-08-11,verified_against_current_official_source
CRC-row212,cRc,Beer,New Belgium,Spring Blonde,Certified,Scroll K,True,false,no_evidence,False,True,False,False,,cRc lists this as Certified under Scroll K. Per cRc's legend a symbol is not required on the package; this does NOT prove the package is printed with one.,https://consumer.crckosher.org/liquor/full-liquor-list/,"cRc full liquor list, table row 212 (category column = Beer)",2026-08-11,verified_against_current_official_source
CRC-row213,cRc,Beer,New Belgium,Summer Helles,Certified,Scroll K,True,false,no_evidence,False,True,False,False,,cRc lists this as Certified under Scroll K. Per cRc's legend a symbol is not required on the package; this does NOT prove the package is printed with one.,https://consumer.crckosher.org/liquor/full-liquor-list/,"cRc full liquor list, table row 213 (category column = Beer)",2026-08-11,verified_against_current_official_source
CRC-row214,cRc,Beer,New Belgium,Super IPA,Certified,Scroll K,True,false,no_evidence,False,True,False,False,,cRc lists this as Certified under Scroll K. Per cRc's legend a symbol is not required on the package; this does NOT prove the package is printed with one.,https://consumer.crckosher.org/liquor/full-liquor-list/,"cRc full liquor list, table row 214 (category column = Beer)",2026-08-11,verified_against_current_official_source
CRC-row215,cRc,Beer,New Belgium,Tour de Fall,Certified,Scroll K,True,false,no_evidence,False,True,False,False,,cRc lists this as Certified under Scroll K. Per cRc's legend a symbol is not required on the package; this does NOT prove the package is printed with one.,https://consumer.crckosher.org/liquor/full-liquor-list/,"cRc full liquor list, table row 215 (category column = Beer)",2026-08-11,verified_against_current_official_source
CRC-row216,cRc,Beer,Hoegaarden,Hoegaarden White,Certified,KF,True,false,no_evidence,False,True,False,False,When produced in Belgium; Hoegaarden White 00 is not certified.,cRc lists this as Certified under KF. Per cRc's legend a symbol is not required on the package; this does NOT prove the package is printed with one.,https://consumer.crckosher.org/liquor/full-liquor-list/,"cRc full liquor list, table row 216 (category column = Beer)",2026-08-11,verified_against_current_official_source
CRC-row217,cRc,Beer,Allagash Brewing Co.,All Varieties,Not Recommended,,False,,no_evidence,False,False,False,True,,"cRc lists this as ""Not Recommended"". Do not use it.",https://consumer.crckosher.org/liquor/full-liquor-list/,"cRc full liquor list, table row 217 (category column = Beer)",2026-08-11,verified_against_current_official_source
CRC-row218,cRc,Beer,Sierra Nevada Brewing Co.,All Varieties,Not Recommended,,False,,no_evidence,False,False,False,True,,"cRc lists this as ""Not Recommended"". Do not use it.",https://consumer.crckosher.org/liquor/full-liquor-list/,"cRc full liquor list, table row 218 (category column = Beer)",2026-08-11,verified_against_current_official_source
CRC-row219,cRc,Beer,Oxbow Brewery,All Varieties,Not Recommended,,False,,no_evidence,False,False,False,True,,"cRc lists this as ""Not Recommended"". Do not use it.",https://consumer.crckosher.org/liquor/full-liquor-list/,"cRc full liquor list, table row 219 (category column = Beer)",2026-08-11,verified_against_current_official_source
CRC-row220,cRc,Beer,Hoegaarden,Hoegaarden Forbidden Fruit,Certified,KF,True,false,no_evidence,False,True,False,False,When produced in Belgium,cRc lists this as Certified under KF. Per cRc's legend a symbol is not required on the package; this does NOT prove the package is printed with one.,https://consumer.crckosher.org/liquor/full-liquor-list/,"cRc full liquor list, table row 220 (category column = Beer)",2026-08-11,verified_against_current_official_source
CRC-row221,cRc,Beer,Hoegaarden,Hoegaarden Grand Cru,Certified,KF,True,false,no_evidence,False,True,False,False,When produced in Belgium,cRc lists this as Certified under KF. Per cRc's legend a symbol is not required on the package; this does NOT prove the package is printed with one.,https://consumer.crckosher.org/liquor/full-liquor-list/,"cRc full liquor list, table row 221 (category column = Beer)",2026-08-11,verified_against_current_official_source
CRC-row222,cRc,Beer,Shiner,Light Blonde,Certified,KCOR,True,false,no_evidence,False,True,False,False,,cRc lists this as Certified under KCOR. Per cRc's legend a symbol is not required on the package; this does NOT prove the package is printed with one.,https://consumer.crckosher.org/liquor/full-liquor-list/,"cRc full liquor list, table row 222 (category column = Beer)",2026-08-11,verified_against_current_official_source
CRC-row223,cRc,Beer,Samuel Adams,Escape Route,Certified,Star-K,True,true,no_evidence,True,False,True,False,Certified when bearing the Star-K logo,cRc certifies this ONLY when the package bears the Star-K logo.,https://consumer.crckosher.org/liquor/full-liquor-list/,"cRc full liquor list, table row 223 (category column = Beer)",2026-08-11,verified_against_current_official_source
CRC-row224,cRc,Beer,Samuel Adams,Session Ale,Certified,Star-K,True,true,no_evidence,True,False,True,False,Certified when bearing the Star-K logo,cRc certifies this ONLY when the package bears the Star-K logo.,https://consumer.crckosher.org/liquor/full-liquor-list/,"cRc full liquor list, table row 224 (category column = Beer)",2026-08-11,verified_against_current_official_source
CRC-row225,cRc,Beer,Jailbreak Brewing,Café Kavorka,Certified,Star-K,True,true,no_evidence,True,False,True,False,Certified when bearing the Star-K logo,cRc certifies this ONLY when the package bears the Star-K logo.,https://consumer.crckosher.org/liquor/full-liquor-list/,"cRc full liquor list, table row 225 (category column = Beer)",2026-08-11,verified_against_current_official_source
CRC-row226,cRc,Beer,Jailbreak Brewing,Cucumber Saison,Certified,Star-K,True,true,no_evidence,True,False,True,False,Certified when bearing the Star-K logo,cRc certifies this ONLY when the package bears the Star-K logo.,https://consumer.crckosher.org/liquor/full-liquor-list/,"cRc full liquor list, table row 226 (category column = Beer)",2026-08-11,verified_against_current_official_source
CRC-row227,cRc,Beer,Jailbreak Brewing,Dew Right,Certified,Star-K,True,true,no_evidence,True,False,True,False,Certified when bearing the Star-K logo,cRc certifies this ONLY when the package bears the Star-K logo.,https://consumer.crckosher.org/liquor/full-liquor-list/,"cRc full liquor list, table row 227 (category column = Beer)",2026-08-11,verified_against_current_official_source
CRC-row228,cRc,Beer,Jailbreak Brewing,Ryemin & Stealin,Certified,Star-K,True,true,no_evidence,True,False,True,False,Certified when bearing the Star-K logo,cRc certifies this ONLY when the package bears the Star-K logo.,https://consumer.crckosher.org/liquor/full-liquor-list/,"cRc full liquor list, table row 228 (category column = Beer)",2026-08-11,verified_against_current_official_source
CRC-row229,cRc,Beer,Jailbreak Brewing,Smoke on the Waterfront,Certified,Star-K,True,true,no_evidence,True,False,True,False,Certified when bearing the Star-K logo,cRc certifies this ONLY when the package bears the Star-K logo.,https://consumer.crckosher.org/liquor/full-liquor-list/,"cRc full liquor list, table row 229 (category column = Beer)",2026-08-11,verified_against_current_official_source
CRC-row230,cRc,Beer,Jailbreak Brewing,Summer Citrus,Certified,Star-K,True,true,no_evidence,True,False,True,False,Certified when bearing the Star-K logo,cRc certifies this ONLY when the package bears the Star-K logo.,https://consumer.crckosher.org/liquor/full-liquor-list/,"cRc full liquor list, table row 230 (category column = Beer)",2026-08-11,verified_against_current_official_source
CRC-row231,cRc,Beer,Jailbreak Brewing,Tamarind Oud Bruin,Certified,Star-K,True,true,no_evidence,True,False,True,False,Certified when bearing the Star-K logo,cRc certifies this ONLY when the package bears the Star-K logo.,https://consumer.crckosher.org/liquor/full-liquor-list/,"cRc full liquor list, table row 231 (category column = Beer)",2026-08-11,verified_against_current_official_source
CRC-row232,cRc,Beer,Jailbreak Brewing,Van Dammit,Certified,Star-K,True,true,no_evidence,True,False,True,False,Certified when bearing the Star-K logo,cRc certifies this ONLY when the package bears the Star-K logo.,https://consumer.crckosher.org/liquor/full-liquor-list/,"cRc full liquor list, table row 232 (category column = Beer)",2026-08-11,verified_against_current_official_source
CRC-row233,cRc,Beer,Jailbreak Brewing,Lemon Drop¹d²,Certified,Star-K,True,true,no_evidence,True,False,True,False,Certified when bearing the Star-K logo,cRc certifies this ONLY when the package bears the Star-K logo.,https://consumer.crckosher.org/liquor/full-liquor-list/,"cRc full liquor list, table row 233 (category column = Beer)",2026-08-11,verified_against_current_official_source
CRC-row234,cRc,Beer,Bud Light,Lemon-Ade-Rita,Not Recommended,,False,,no_evidence,False,False,False,True,,"cRc lists this as ""Not Recommended"". Do not use it.",https://consumer.crckosher.org/liquor/full-liquor-list/,"cRc full liquor list, table row 234 (category column = Beer)",2026-08-11,verified_against_current_official_source
CRC-row235,cRc,Beer,Bud Light,Raz-Ber-Rita,Not Recommended,,False,,no_evidence,False,False,False,True,,"cRc lists this as ""Not Recommended"". Do not use it.",https://consumer.crckosher.org/liquor/full-liquor-list/,"cRc full liquor list, table row 235 (category column = Beer)",2026-08-11,verified_against_current_official_source
CRC-row236,cRc,Beer,Leinenkugel,Big Butt Doppelbock,Certified,OU,True,true,no_evidence,True,False,True,False,Certified when bearing the OU logo,cRc certifies this ONLY when the package bears the OU logo.,https://consumer.crckosher.org/liquor/full-liquor-list/,"cRc full liquor list, table row 236 (category column = Beer)",2026-08-11,verified_against_current_official_source
CRC-row237,cRc,Beer,Leinenkugel,Cranberry Ginger Shandy,Certified,OU,True,true,no_evidence,True,False,True,False,Certified when bearing the OU logo,cRc certifies this ONLY when the package bears the OU logo.,https://consumer.crckosher.org/liquor/full-liquor-list/,"cRc full liquor list, table row 237 (category column = Beer)",2026-08-11,verified_against_current_official_source
CRC-row238,cRc,Beer,Leinenkugel,Ginger Shandy,Certified,OU,True,true,no_evidence,True,False,True,False,Certified when bearing the OU logo,cRc certifies this ONLY when the package bears the OU logo.,https://consumer.crckosher.org/liquor/full-liquor-list/,"cRc full liquor list, table row 238 (category column = Beer)",2026-08-11,verified_against_current_official_source
CRC-row239,cRc,Beer,Leinenkugel,Grapefruit Shandy,Certified,OU,True,true,no_evidence,True,False,True,False,Certified when bearing the OU logo,cRc certifies this ONLY when the package bears the OU logo.,https://consumer.crckosher.org/liquor/full-liquor-list/,"cRc full liquor list, table row 239 (category column = Beer)",2026-08-11,verified_against_current_official_source
CRC-row240,cRc,Beer,Leinenkugel,Harvest Patch Shandy,Certified,OU,True,true,no_evidence,True,False,True,False,Certified when bearing the OU logo,cRc certifies this ONLY when the package bears the OU logo.,https://consumer.crckosher.org/liquor/full-liquor-list/,"cRc full liquor list, table row 240 (category column = Beer)",2026-08-11,verified_against_current_official_source
CRC-row241,cRc,Beer,Leinenkugel,Old Fashioned Shandy,Certified,OU,True,true,no_evidence,True,False,True,False,Certified when bearing the OU logo,cRc certifies this ONLY when the package bears the OU logo.,https://consumer.crckosher.org/liquor/full-liquor-list/,"cRc full liquor list, table row 241 (category column = Beer)",2026-08-11,verified_against_current_official_source
CRC-row242,cRc,Beer,Leinenkugel,Winter's Bite Cocoa Spice Black Lager,Certified,OU,True,true,no_evidence,True,False,True,False,Certified when bearing the OU logo,cRc certifies this ONLY when the package bears the OU logo.,https://consumer.crckosher.org/liquor/full-liquor-list/,"cRc full liquor list, table row 242 (category column = Beer)",2026-08-11,verified_against_current_official_source
CRC-row243,cRc,Beer,New Belgium,Belgo IPA,Certified,Scroll K,True,false,no_evidence,False,True,False,False,,cRc lists this as Certified under Scroll K. Per cRc's legend a symbol is not required on the package; this does NOT prove the package is printed with one.,https://consumer.crckosher.org/liquor/full-liquor-list/,"cRc full liquor list, table row 243 (category column = Beer)",2026-08-11,verified_against_current_official_source
CRC-row244,cRc,Beer,New Belgium,Blackberry Barley Wine,Certified,Scroll K,True,false,no_evidence,False,True,False,False,,cRc lists this as Certified under Scroll K. Per cRc's legend a symbol is not required on the package; this does NOT prove the package is printed with one.,https://consumer.crckosher.org/liquor/full-liquor-list/,"cRc full liquor list, table row 244 (category column = Beer)",2026-08-11,verified_against_current_official_source
CRC-row245,cRc,Beer,New Belgium,Giddy Up,Certified,Scroll K,True,false,no_evidence,False,True,False,False,,cRc lists this as Certified under Scroll K. Per cRc's legend a symbol is not required on the package; this does NOT prove the package is printed with one.,https://consumer.crckosher.org/liquor/full-liquor-list/,"cRc full liquor list, table row 245 (category column = Beer)",2026-08-11,verified_against_current_official_source
CRC-row246,cRc,Beer,New Belgium,Chocolate Coffee Stout,Certified,Scroll K,True,false,no_evidence,False,True,False,False,,cRc lists this as Certified under Scroll K. Per cRc's legend a symbol is not required on the package; this does NOT prove the package is printed with one.,https://consumer.crckosher.org/liquor/full-liquor-list/,"cRc full liquor list, table row 246 (category column = Beer)",2026-08-11,verified_against_current_official_source
CRC-row247,cRc,Beer,New Belgium,Glutiny Golden Ale,Certified,Scroll K,True,false,no_evidence,False,True,False,False,,cRc lists this as Certified under Scroll K. Per cRc's legend a symbol is not required on the package; this does NOT prove the package is printed with one.,https://consumer.crckosher.org/liquor/full-liquor-list/,"cRc full liquor list, table row 247 (category column = Beer)",2026-08-11,verified_against_current_official_source
CRC-row248,cRc,Beer,New Belgium,Glutiny Pale Ale,Certified,Scroll K,True,false,no_evidence,False,True,False,False,,cRc lists this as Certified under Scroll K. Per cRc's legend a symbol is not required on the package; this does NOT prove the package is printed with one.,https://consumer.crckosher.org/liquor/full-liquor-list/,"cRc full liquor list, table row 248 (category column = Beer)",2026-08-11,verified_against_current_official_source
CRC-row249,cRc,Beer,New Belgium,Mothership Wit (Not Organic),Certified,Scroll K,True,false,no_evidence,False,True,False,False,,cRc lists this as Certified under Scroll K. Per cRc's legend a symbol is not required on the package; this does NOT prove the package is printed with one.,https://consumer.crckosher.org/liquor/full-liquor-list/,"cRc full liquor list, table row 249 (category column = Beer)",2026-08-11,verified_against_current_official_source
CRC-row250,cRc,Beer,New Belgium,Salted Caramel Brownie Brown Ale,Certified,Scroll K,True,false,no_evidence,False,True,False,False,,cRc lists this as Certified under Scroll K. Per cRc's legend a symbol is not required on the package; this does NOT prove the package is printed with one.,https://consumer.crckosher.org/liquor/full-liquor-list/,"cRc full liquor list, table row 250 (category column = Beer)",2026-08-11,verified_against_current_official_source
CRC-row251,cRc,Beer,New Belgium,Session IPA (Slow Ride),Certified,Scroll K,True,false,no_evidence,False,True,False,False,,cRc lists this as Certified under Scroll K. Per cRc's legend a symbol is not required on the package; this does NOT prove the package is printed with one.,https://consumer.crckosher.org/liquor/full-liquor-list/,"cRc full liquor list, table row 251 (category column = Beer)",2026-08-11,verified_against_current_official_source
CRC-row252,cRc,Beer,New Belgium,Side Trip Beer,Certified,Scroll K,True,false,no_evidence,False,True,False,False,,cRc lists this as Certified under Scroll K. Per cRc's legend a symbol is not required on the package; this does NOT prove the package is printed with one.,https://consumer.crckosher.org/liquor/full-liquor-list/,"cRc full liquor list, table row 252 (category column = Beer)",2026-08-11,verified_against_current_official_source
CRC-row253,cRc,Beer,Miller,Fortune,Certified,OU,True,true,no_evidence,True,False,True,False,Certified when bearing the OU logo,cRc certifies this ONLY when the package bears the OU logo.,https://consumer.crckosher.org/liquor/full-liquor-list/,"cRc full liquor list, table row 253 (category column = Beer)",2026-08-11,verified_against_current_official_source
CRC-row254,cRc,Beer,Samuel Adams,Scotch Ale,Certified,Star-K,True,true,no_evidence,True,False,True,False,Certified when bearing the Star-K logo,cRc certifies this ONLY when the package bears the Star-K logo.,https://consumer.crckosher.org/liquor/full-liquor-list/,"cRc full liquor list, table row 254 (category column = Beer)",2026-08-11,verified_against_current_official_source
CRC-row255,cRc,Beer,Coney Island,1609 Amber Ale,Certified,Star-K,True,true,no_evidence,True,False,True,False,Certified when bearing the Star-K logo,cRc certifies this ONLY when the package bears the Star-K logo.,https://consumer.crckosher.org/liquor/full-liquor-list/,"cRc full liquor list, table row 255 (category column = Beer)",2026-08-11,verified_against_current_official_source
CRC-row256,cRc,Beer,Coney Island,Mermaid Pilsner,Certified,Star-K,True,true,no_evidence,True,False,True,False,Certified when bearing the Star-K logo,cRc certifies this ONLY when the package bears the Star-K logo.,https://consumer.crckosher.org/liquor/full-liquor-list/,"cRc full liquor list, table row 256 (category column = Beer)",2026-08-11,verified_against_current_official_source
CRC-row257,cRc,Beer,Coney Island,Overpass IPA,Certified,Star-K,True,true,no_evidence,True,False,True,False,Certified when bearing the Star-K logo,cRc certifies this ONLY when the package bears the Star-K logo.,https://consumer.crckosher.org/liquor/full-liquor-list/,"cRc full liquor list, table row 257 (category column = Beer)",2026-08-11,verified_against_current_official_source
CRC-row258,cRc,Beer,Blue Point Brewing,All Varieties,Not Recommended,,False,,no_evidence,False,False,False,True,,"cRc lists this as ""Not Recommended"". Do not use it.",https://consumer.crckosher.org/liquor/full-liquor-list/,"cRc full liquor list, table row 258 (category column = Beer)",2026-08-11,verified_against_current_official_source
CRC-row259,cRc,Beer,Goslings,Ginger Beer,Certified,OU,True,true,no_evidence,True,False,True,False,Certified when bearing the OU logo,cRc certifies this ONLY when the package bears the OU logo.,https://consumer.crckosher.org/liquor/full-liquor-list/,"cRc full liquor list, table row 259 (category column = Beer)",2026-08-11,verified_against_current_official_source
CRC-row260,cRc,Beer,Goslings,Diet Ginger Beer,Certified,OU,True,true,no_evidence,True,False,True,False,Certified when bearing the OU logo,cRc certifies this ONLY when the package bears the OU logo.,https://consumer.crckosher.org/liquor/full-liquor-list/,"cRc full liquor list, table row 260 (category column = Beer)",2026-08-11,verified_against_current_official_source
CRC-row261,cRc,Beer,New Belgium,Botanical IPA,Certified,Scroll K,True,false,no_evidence,False,True,False,False,,cRc lists this as Certified under Scroll K. Per cRc's legend a symbol is not required on the package; this does NOT prove the package is printed with one.,https://consumer.crckosher.org/liquor/full-liquor-list/,"cRc full liquor list, table row 261 (category column = Beer)",2026-08-11,verified_against_current_official_source
CRC-row262,cRc,Beer,New Belgium,Bretta IPA,Certified,Scroll K,True,false,no_evidence,False,True,False,False,,cRc lists this as Certified under Scroll K. Per cRc's legend a symbol is not required on the package; this does NOT prove the package is printed with one.,https://consumer.crckosher.org/liquor/full-liquor-list/,"cRc full liquor list, table row 262 (category column = Beer)",2026-08-11,verified_against_current_official_source
CRC-row263,cRc,Beer,New Belgium,Cherry Almond Ale,Certified,Scroll K,True,false,no_evidence,False,True,False,False,,cRc lists this as Certified under Scroll K. Per cRc's legend a symbol is not required on the package; this does NOT prove the package is printed with one.,https://consumer.crckosher.org/liquor/full-liquor-list/,"cRc full liquor list, table row 263 (category column = Beer)",2026-08-11,verified_against_current_official_source
CRC-row264,cRc,Beer,New Belgium,Chocolate Chip Cookie Dough Ale (Ben & Jerry's Collaboration),Certified,Scroll K,True,false,no_evidence,False,True,False,False,,cRc lists this as Certified under Scroll K. Per cRc's legend a symbol is not required on the package; this does NOT prove the package is printed with one.,https://consumer.crckosher.org/liquor/full-liquor-list/,"cRc full liquor list, table row 264 (category column = Beer)",2026-08-11,verified_against_current_official_source
CRC-row265,cRc,Beer,New Belgium,Citradelic Exotic Lime Ale,Certified,Scroll K,True,false,no_evidence,False,True,False,False,,cRc lists this as Certified under Scroll K. Per cRc's legend a symbol is not required on the package; this does NOT prove the package is printed with one.,https://consumer.crckosher.org/liquor/full-liquor-list/,"cRc full liquor list, table row 265 (category column = Beer)",2026-08-11,verified_against_current_official_source
CRC-row266,cRc,Beer,New Belgium,Dayblazer,Certified,Scroll K,True,false,no_evidence,False,True,False,False,,cRc lists this as Certified under Scroll K. Per cRc's legend a symbol is not required on the package; this does NOT prove the package is printed with one.,https://consumer.crckosher.org/liquor/full-liquor-list/,"cRc full liquor list, table row 266 (category column = Beer)",2026-08-11,verified_against_current_official_source
CRC-row267,cRc,Beer,New Belgium,Fat Funk Ale (Allagash Brewery Collaboration),Certified,Scroll K,True,false,no_evidence,False,True,False,False,,cRc lists this as Certified under Scroll K. Per cRc's legend a symbol is not required on the package; this does NOT prove the package is printed with one.,https://consumer.crckosher.org/liquor/full-liquor-list/,"cRc full liquor list, table row 267 (category column = Beer)",2026-08-11,verified_against_current_official_source
CRC-row268,cRc,Beer,New Belgium,Fat Hoppy Ale (Firestone Walker Brewery Collaboration),Certified,Scroll K,True,false,no_evidence,False,True,False,False,,cRc lists this as Certified under Scroll K. Per cRc's legend a symbol is not required on the package; this does NOT prove the package is printed with one.,https://consumer.crckosher.org/liquor/full-liquor-list/,"cRc full liquor list, table row 268 (category column = Beer)",2026-08-11,verified_against_current_official_source
CRC-row269,cRc,Beer,New Belgium,Fat Pale Ale (Rheingeist Brewery Collaboration),Certified,Scroll K,True,false,no_evidence,False,True,False,False,,cRc lists this as Certified under Scroll K. Per cRc's legend a symbol is not required on the package; this does NOT prove the package is printed with one.,https://consumer.crckosher.org/liquor/full-liquor-list/,"cRc full liquor list, table row 269 (category column = Beer)",2026-08-11,verified_against_current_official_source
CRC-row270,cRc,Beer,New Belgium,Fat Tire 3.2%,Certified,Scroll K,True,false,no_evidence,False,True,False,False,,cRc lists this as Certified under Scroll K. Per cRc's legend a symbol is not required on the package; this does NOT prove the package is printed with one.,https://consumer.crckosher.org/liquor/full-liquor-list/,"cRc full liquor list, table row 270 (category column = Beer)",2026-08-11,verified_against_current_official_source
CRC-row271,cRc,Beer,New Belgium,Fat Sour Apple Ale (Hopworks Urban Brewery Collaboration),Certified,Scroll K,True,false,no_evidence,False,True,False,False,,cRc lists this as Certified under Scroll K. Per cRc's legend a symbol is not required on the package; this does NOT prove the package is printed with one.,https://consumer.crckosher.org/liquor/full-liquor-list/,"cRc full liquor list, table row 271 (category column = Beer)",2026-08-11,verified_against_current_official_source
CRC-row272,cRc,Beer,New Belgium,Fat Wild Ale (Avery Brewery Collaboration),Certified,Scroll K,True,false,no_evidence,False,True,False,False,,cRc lists this as Certified under Scroll K. Per cRc's legend a symbol is not required on the package; this does NOT prove the package is printed with one.,https://consumer.crckosher.org/liquor/full-liquor-list/,"cRc full liquor list, table row 272 (category column = Beer)",2026-08-11,verified_against_current_official_source
CRC-row273,cRc,Beer,New Belgium,Heavy Melon Ale,Certified,Scroll K,True,false,no_evidence,False,True,False,False,,cRc lists this as Certified under Scroll K. Per cRc's legend a symbol is not required on the package; this does NOT prove the package is printed with one.,https://consumer.crckosher.org/liquor/full-liquor-list/,"cRc full liquor list, table row 273 (category column = Beer)",2026-08-11,verified_against_current_official_source
CRC-row274,cRc,Beer,New Belgium,Hop Kitchen IPA,Certified,Scroll K,True,false,no_evidence,False,True,False,False,,cRc lists this as Certified under Scroll K. Per cRc's legend a symbol is not required on the package; this does NOT prove the package is printed with one.,https://consumer.crckosher.org/liquor/full-liquor-list/,"cRc full liquor list, table row 274 (category column = Beer)",2026-08-11,verified_against_current_official_source
CRC-row275,cRc,Beer,New Belgium,Juicy Mandarina IPA,Certified,Scroll K,True,false,no_evidence,False,True,False,False,,cRc lists this as Certified under Scroll K. Per cRc's legend a symbol is not required on the package; this does NOT prove the package is printed with one.,https://consumer.crckosher.org/liquor/full-liquor-list/,"cRc full liquor list, table row 275 (category column = Beer)",2026-08-11,verified_against_current_official_source
CRC-row276,cRc,Beer,New Belgium,Mary Jane Ale,Certified,Scroll K,True,false,no_evidence,False,True,False,False,,cRc lists this as Certified under Scroll K. Per cRc's legend a symbol is not required on the package; this does NOT prove the package is printed with one.,https://consumer.crckosher.org/liquor/full-liquor-list/,"cRc full liquor list, table row 276 (category column = Beer)",2026-08-11,verified_against_current_official_source
CRC-row277,cRc,Beer,New Belgium,New Belgium Pilsner,Certified,Scroll K,True,false,no_evidence,False,True,False,False,,cRc lists this as Certified under Scroll K. Per cRc's legend a symbol is not required on the package; this does NOT prove the package is printed with one.,https://consumer.crckosher.org/liquor/full-liquor-list/,"cRc full liquor list, table row 277 (category column = Beer)",2026-08-11,verified_against_current_official_source
CRC-row278,cRc,Beer,New Belgium,Tartastic,Certified,Scroll K,True,false,no_evidence,False,True,False,False,,cRc lists this as Certified under Scroll K. Per cRc's legend a symbol is not required on the package; this does NOT prove the package is printed with one.,https://consumer.crckosher.org/liquor/full-liquor-list/,"cRc full liquor list, table row 278 (category column = Beer)",2026-08-11,verified_against_current_official_source
CRC-row279,cRc,Beer,New Belgium,Jucifier IPA,Certified,Scroll K,True,false,no_evidence,False,True,False,False,,cRc lists this as Certified under Scroll K. Per cRc's legend a symbol is not required on the package; this does NOT prove the package is printed with one.,https://consumer.crckosher.org/liquor/full-liquor-list/,"cRc full liquor list, table row 279 (category column = Beer)",2026-08-11,verified_against_current_official_source
CRC-row280,cRc,Beer,New Belgium,Voodoo Ranger 8 Hop Pale Ale,Certified,Scroll K,True,false,no_evidence,False,True,False,False,,cRc lists this as Certified under Scroll K. Per cRc's legend a symbol is not required on the package; this does NOT prove the package is printed with one.,https://consumer.crckosher.org/liquor/full-liquor-list/,"cRc full liquor list, table row 280 (category column = Beer)",2026-08-11,verified_against_current_official_source
CRC-row281,cRc,Beer,New Belgium,Voodoo Ranger IPA,Certified,Scroll K,True,false,no_evidence,False,True,False,False,,cRc lists this as Certified under Scroll K. Per cRc's legend a symbol is not required on the package; this does NOT prove the package is printed with one.,https://consumer.crckosher.org/liquor/full-liquor-list/,"cRc full liquor list, table row 281 (category column = Beer)",2026-08-11,verified_against_current_official_source
CRC-row282,cRc,Beer,New Belgium,Voodoo Ranger Imperial IPA,Certified,Scroll K,True,false,no_evidence,False,True,False,False,,cRc lists this as Certified under Scroll K. Per cRc's legend a symbol is not required on the package; this does NOT prove the package is printed with one.,https://consumer.crckosher.org/liquor/full-liquor-list/,"cRc full liquor list, table row 282 (category column = Beer)",2026-08-11,verified_against_current_official_source
CRC-row283,cRc,Beer,Sweetwater Brewing Co.,All Varieties,Not Recommended,,False,,no_evidence,False,False,False,True,,"cRc lists this as ""Not Recommended"". Do not use it.",https://consumer.crckosher.org/liquor/full-liquor-list/,"cRc full liquor list, table row 283 (category column = Beer)",2026-08-11,verified_against_current_official_source
CRC-row284,cRc,Beer,Brooklyn Brewery,Brooklyn Bel Air Sour,Certified,KCOR,True,false,no_evidence,False,True,False,False,"The letter ""U"" must appear after the ink-jetted Julian date code.",cRc lists this as Certified under KCOR. Per cRc's legend a symbol is not required on the package; this does NOT prove the package is printed with one.,https://consumer.crckosher.org/liquor/full-liquor-list/,"cRc full liquor list, table row 284 (category column = Beer)",2026-08-11,verified_against_current_official_source
CRC-row285,cRc,Beer,Shiner,Strawberry Blonde,Certified,KCOR,True,false,no_evidence,False,True,False,False,,cRc lists this as Certified under KCOR. Per cRc's legend a symbol is not required on the package; this does NOT prove the package is printed with one.,https://consumer.crckosher.org/liquor/full-liquor-list/,"cRc full liquor list, table row 285 (category column = Beer)",2026-08-11,verified_against_current_official_source
CRC-row286,cRc,Beer,Veil Brewing Co.,All Varieties,Not Recommended,,False,,no_evidence,False,False,False,True,,"cRc lists this as ""Not Recommended"". Do not use it.",https://consumer.crckosher.org/liquor/full-liquor-list/,"cRc full liquor list, table row 286 (category column = Beer)",2026-08-11,verified_against_current_official_source
CRC-row287,cRc,Beer,Jailbreak Brewing,19th Tea,Certified,Star-K,True,true,no_evidence,True,False,True,False,Certified when bearing the Star-K logo,cRc certifies this ONLY when the package bears the Star-K logo.,https://consumer.crckosher.org/liquor/full-liquor-list/,"cRc full liquor list, table row 287 (category column = Beer)",2026-08-11,verified_against_current_official_source
CRC-row288,cRc,Beer,Bud Light,Apple-Ahhh-Rita,Not Recommended,,False,,no_evidence,False,False,False,True,,"cRc lists this as ""Not Recommended"". Do not use it.",https://consumer.crckosher.org/liquor/full-liquor-list/,"cRc full liquor list, table row 288 (category column = Beer)",2026-08-11,verified_against_current_official_source
CRC-row289,cRc,Beer,Coney Island,Freaktoberfest,Certified,Star-K,True,true,no_evidence,True,False,True,False,Certified when bearing the Star-K logo,cRc certifies this ONLY when the package bears the Star-K logo.,https://consumer.crckosher.org/liquor/full-liquor-list/,"cRc full liquor list, table row 289 (category column = Beer)",2026-08-11,verified_against_current_official_source
CRC-row290,cRc,Beer,Coney Island,Honey Stout,Certified,Star-K,True,true,no_evidence,True,False,True,False,Certified when bearing the Star-K logo,cRc certifies this ONLY when the package bears the Star-K logo.,https://consumer.crckosher.org/liquor/full-liquor-list/,"cRc full liquor list, table row 290 (category column = Beer)",2026-08-11,verified_against_current_official_source
CRC-row291,cRc,Beer,Coney Island,Lager,Certified,Star-K,True,true,no_evidence,True,False,True,False,Certified when bearing the Star-K logo,cRc certifies this ONLY when the package bears the Star-K logo.,https://consumer.crckosher.org/liquor/full-liquor-list/,"cRc full liquor list, table row 291 (category column = Beer)",2026-08-11,verified_against_current_official_source
CRC-row292,cRc,Beer,Coney Island,MerMan NY IPA,Certified,Star-K,True,true,no_evidence,True,False,True,False,Certified when bearing the Star-K logo,cRc certifies this ONLY when the package bears the Star-K logo.,https://consumer.crckosher.org/liquor/full-liquor-list/,"cRc full liquor list, table row 292 (category column = Beer)",2026-08-11,verified_against_current_official_source
CRC-row293,cRc,Beer,Coney Island,Plunge,Certified,Star-K,True,true,no_evidence,True,False,True,False,Certified when bearing the Star-K logo,cRc certifies this ONLY when the package bears the Star-K logo.,https://consumer.crckosher.org/liquor/full-liquor-list/,"cRc full liquor list, table row 293 (category column = Beer)",2026-08-11,verified_against_current_official_source
CRC-row294,cRc,Beer,Coney Island,Watermelon Wheat,Certified,Star-K,True,true,no_evidence,True,False,True,False,Certified when bearing the Star-K logo,cRc certifies this ONLY when the package bears the Star-K logo.,https://consumer.crckosher.org/liquor/full-liquor-list/,"cRc full liquor list, table row 294 (category column = Beer)",2026-08-11,verified_against_current_official_source
CRC-row295,cRc,Beer,Samuel Adams,Amber Bock,Certified,Star-K,True,true,no_evidence,True,False,True,False,Certified when bearing the Star-K logo,cRc certifies this ONLY when the package bears the Star-K logo.,https://consumer.crckosher.org/liquor/full-liquor-list/,"cRc full liquor list, table row 295 (category column = Beer)",2026-08-11,verified_against_current_official_source
CRC-row296,cRc,Beer,Samuel Adams,Black Lager,Certified,Star-K,True,true,no_evidence,True,False,True,False,Certified when bearing the Star-K logo,cRc certifies this ONLY when the package bears the Star-K logo.,https://consumer.crckosher.org/liquor/full-liquor-list/,"cRc full liquor list, table row 296 (category column = Beer)",2026-08-11,verified_against_current_official_source
CRC-row297,cRc,Beer,Samuel Adams,Fresh As Helles,Certified,Star-K,True,true,no_evidence,True,False,True,False,Certified when bearing the Star-K logo,cRc certifies this ONLY when the package bears the Star-K logo.,https://consumer.crckosher.org/liquor/full-liquor-list/,"cRc full liquor list, table row 297 (category column = Beer)",2026-08-11,verified_against_current_official_source
CRC-row298,cRc,Beer,Samuel Adams,Golden Ale,Certified,Star-K,True,true,no_evidence,True,False,True,False,Certified when bearing the Star-K logo,cRc certifies this ONLY when the package bears the Star-K logo.,https://consumer.crckosher.org/liquor/full-liquor-list/,"cRc full liquor list, table row 298 (category column = Beer)",2026-08-11,verified_against_current_official_source
CRC-row299,cRc,Beer,Samuel Adams,Honey Rye Pale Ale,Certified,Star-K,True,true,no_evidence,True,False,True,False,Certified when bearing the Star-K logo,cRc certifies this ONLY when the package bears the Star-K logo.,https://consumer.crckosher.org/liquor/full-liquor-list/,"cRc full liquor list, table row 299 (category column = Beer)",2026-08-11,verified_against_current_official_source
CRC-row300,cRc,Beer,Samuel Adams,KellerBier,Certified,Star-K,True,true,no_evidence,True,False,True,False,Certified when bearing the Star-K logo,cRc certifies this ONLY when the package bears the Star-K logo.,https://consumer.crckosher.org/liquor/full-liquor-list/,"cRc full liquor list, table row 300 (category column = Beer)",2026-08-11,verified_against_current_official_source
CRC-row301,cRc,Beer,Jailbreak Brewing,Desserted - Chocolate Coconut Porter (DAIRY),Certified,Star-D,True,true,no_evidence,True,False,True,False,Certified when bearing the Star-D logo | DAIRY,cRc certifies this ONLY when the package bears the Star-D logo.,https://consumer.crckosher.org/liquor/full-liquor-list/,"cRc full liquor list, table row 301 (category column = Beer)",2026-08-11,verified_against_current_official_source
CRC-row302,cRc,Beer,Jailbreak Brewing,Dusk Till Dawn - Espresso Imperial Stout (DAIRY),Certified,Star-D,True,true,no_evidence,True,False,True,False,Certified when bearing the Star-D logo | DAIRY,cRc certifies this ONLY when the package bears the Star-D logo.,https://consumer.crckosher.org/liquor/full-liquor-list/,"cRc full liquor list, table row 302 (category column = Beer)",2026-08-11,verified_against_current_official_source
CRC-row303,cRc,Beer,Jailbreak Brewing,Sister Roberta (DAIRY),Certified,Star-D,True,true,no_evidence,True,False,True,False,Certified when bearing the Star-D logo | DAIRY,cRc certifies this ONLY when the package bears the Star-D logo.,https://consumer.crckosher.org/liquor/full-liquor-list/,"cRc full liquor list, table row 303 (category column = Beer)",2026-08-11,verified_against_current_official_source
CRC-row304,cRc,Beer,Matt Brewing,Jed's Mule Kicker,Certified,KCOR,True,false,no_evidence,False,True,False,False,,cRc lists this as Certified under KCOR. Per cRc's legend a symbol is not required on the package; this does NOT prove the package is printed with one.,https://consumer.crckosher.org/liquor/full-liquor-list/,"cRc full liquor list, table row 304 (category column = Beer)",2026-08-11,verified_against_current_official_source
CRC-row305,cRc,Beer,Matt Brewing,Lake Placid Big Slide,Certified,KCOR,True,false,no_evidence,False,True,False,False,,cRc lists this as Certified under KCOR. Per cRc's legend a symbol is not required on the package; this does NOT prove the package is printed with one.,https://consumer.crckosher.org/liquor/full-liquor-list/,"cRc full liquor list, table row 305 (category column = Beer)",2026-08-11,verified_against_current_official_source
CRC-row306,cRc,Beer,Matt Brewing,Lake Placid Ubu,Certified,KCOR,True,false,no_evidence,False,True,False,False,,cRc lists this as Certified under KCOR. Per cRc's legend a symbol is not required on the package; this does NOT prove the package is printed with one.,https://consumer.crckosher.org/liquor/full-liquor-list/,"cRc full liquor list, table row 306 (category column = Beer)",2026-08-11,verified_against_current_official_source
CRC-row307,cRc,Beer,Matt Brewing,Saranac Blueberry Blonde,Certified,KCOR,True,false,no_evidence,False,True,False,False,,cRc lists this as Certified under KCOR. Per cRc's legend a symbol is not required on the package; this does NOT prove the package is printed with one.,https://consumer.crckosher.org/liquor/full-liquor-list/,"cRc full liquor list, table row 307 (category column = Beer)",2026-08-11,verified_against_current_official_source
CRC-row308,cRc,Beer,Matt Brewing,Saranac S'more,Certified,KCOR,True,false,no_evidence,False,True,False,False,,cRc lists this as Certified under KCOR. Per cRc's legend a symbol is not required on the package; this does NOT prove the package is printed with one.,https://consumer.crckosher.org/liquor/full-liquor-list/,"cRc full liquor list, table row 308 (category column = Beer)",2026-08-11,verified_against_current_official_source
CRC-row309,cRc,Beer,Brooklyn Brewery,Brooklyn Pulp Art Hazy Double IPA,Certified,KCOR,True,false,no_evidence,False,True,False,False,"The letter ""U"" must appear after the ink-jetted Julian date code.",cRc lists this as Certified under KCOR. Per cRc's legend a symbol is not required on the package; this does NOT prove the package is printed with one.,https://consumer.crckosher.org/liquor/full-liquor-list/,"cRc full liquor list, table row 309 (category column = Beer)",2026-08-11,verified_against_current_official_source
CRC-row310,cRc,Beer,Gordon Biersch Brewing Company- San Jose,Hazy Session IPA,Certified,KCOR,True,true,no_evidence,True,False,True,False,Certified when bearing the KCOR logo,cRc certifies this ONLY when the package bears the KCOR logo.,https://consumer.crckosher.org/liquor/full-liquor-list/,"cRc full liquor list, table row 310 (category column = Beer)",2026-08-11,verified_against_current_official_source
CRC-row311,cRc,Beer,Josephs Brau Brewing Company,Oktoberfest,Certified,KCOR,True,true,no_evidence,True,False,True,False,Certified when bearing the KCOR logo,cRc certifies this ONLY when the package bears the KCOR logo.,https://consumer.crckosher.org/liquor/full-liquor-list/,"cRc full liquor list, table row 311 (category column = Beer)",2026-08-11,verified_against_current_official_source
CRC-row312,cRc,Beer,Josephs Brau Brewing Company,Summer Brew,Certified,KCOR,True,true,no_evidence,True,False,True,False,Certified when bearing the KCOR logo,cRc certifies this ONLY when the package bears the KCOR logo.,https://consumer.crckosher.org/liquor/full-liquor-list/,"cRc full liquor list, table row 312 (category column = Beer)",2026-08-11,verified_against_current_official_source
CRC-row313,cRc,Beer,Jailbreak Brewing,CarnEVIL,Certified,Star-K,True,true,no_evidence,True,False,True,False,Certified when bearing the Star-K logo,cRc certifies this ONLY when the package bears the Star-K logo.,https://consumer.crckosher.org/liquor/full-liquor-list/,"cRc full liquor list, table row 313 (category column = Beer)",2026-08-11,verified_against_current_official_source
CRC-row314,cRc,Beer,Jailbreak Brewing,Christoph's Waltz,Certified,Star-K,True,true,no_evidence,True,False,True,False,Certified when bearing the Star-K logo,cRc certifies this ONLY when the package bears the Star-K logo.,https://consumer.crckosher.org/liquor/full-liquor-list/,"cRc full liquor list, table row 314 (category column = Beer)",2026-08-11,verified_against_current_official_source
CRC-row315,cRc,Beer,Jailbreak Brewing,Czech the Technique,Certified,Star-K,True,true,no_evidence,True,False,True,False,Certified when bearing the Star-K logo,cRc certifies this ONLY when the package bears the Star-K logo.,https://consumer.crckosher.org/liquor/full-liquor-list/,"cRc full liquor list, table row 315 (category column = Beer)",2026-08-11,verified_against_current_official_source
CRC-row316,cRc,Beer,Jailbreak Brewing,Ephemeral,Certified,Star-K,True,true,no_evidence,True,False,True,False,Certified when bearing the Star-K logo,cRc certifies this ONLY when the package bears the Star-K logo.,https://consumer.crckosher.org/liquor/full-liquor-list/,"cRc full liquor list, table row 316 (category column = Beer)",2026-08-11,verified_against_current_official_source
CRC-row317,cRc,Beer,Jailbreak Brewing,FedHead,Certified,Star-K,True,true,no_evidence,True,False,True,False,Certified when bearing the Star-K logo,cRc certifies this ONLY when the package bears the Star-K logo.,https://consumer.crckosher.org/liquor/full-liquor-list/,"cRc full liquor list, table row 317 (category column = Beer)",2026-08-11,verified_against_current_official_source
CRC-row318,cRc,Beer,Jailbreak Brewing,Garde de Faith,Certified,Star-K,True,true,no_evidence,True,False,True,False,Certified when bearing the Star-K logo,cRc certifies this ONLY when the package bears the Star-K logo.,https://consumer.crckosher.org/liquor/full-liquor-list/,"cRc full liquor list, table row 318 (category column = Beer)",2026-08-11,verified_against_current_official_source
CRC-row319,cRc,Beer,Jailbreak Brewing,Goldie Hon,Certified,Star-K,True,true,no_evidence,True,False,True,False,Certified when bearing the Star-K logo,cRc certifies this ONLY when the package bears the Star-K logo.,https://consumer.crckosher.org/liquor/full-liquor-list/,"cRc full liquor list, table row 319 (category column = Beer)",2026-08-11,verified_against_current_official_source
CRC-row320,cRc,Beer,Jailbreak Brewing,Imperial Welcome to Scoville,Certified,Star-K,True,true,no_evidence,True,False,True,False,Certified when bearing the Star-K logo,cRc certifies this ONLY when the package bears the Star-K logo.,https://consumer.crckosher.org/liquor/full-liquor-list/,"cRc full liquor list, table row 320 (category column = Beer)",2026-08-11,verified_against_current_official_source
CRC-row321,cRc,Beer,Jailbreak Brewing,It's Christmas Dammit,Certified,Star-K,True,true,no_evidence,True,False,True,False,Certified when bearing the Star-K logo,cRc certifies this ONLY when the package bears the Star-K logo.,https://consumer.crckosher.org/liquor/full-liquor-list/,"cRc full liquor list, table row 321 (category column = Beer)",2026-08-11,verified_against_current_official_source
CRC-row322,cRc,Beer,Jailbreak Brewing,Muscles from Brussels,Certified,Star-K,True,true,no_evidence,True,False,True,False,Certified when bearing the Star-K logo,cRc certifies this ONLY when the package bears the Star-K logo.,https://consumer.crckosher.org/liquor/full-liquor-list/,"cRc full liquor list, table row 322 (category column = Beer)",2026-08-11,verified_against_current_official_source
CRC-row323,cRc,Beer,Jailbreak Brewing,My Ruca,Certified,Star-K,True,true,no_evidence,True,False,True,False,Certified when bearing the Star-K logo,cRc certifies this ONLY when the package bears the Star-K logo.,https://consumer.crckosher.org/liquor/full-liquor-list/,"cRc full liquor list, table row 323 (category column = Beer)",2026-08-11,verified_against_current_official_source
CRC-row324,cRc,Beer,Jailbreak Brewing,New England IPA,Certified,Star-K,True,true,no_evidence,True,False,True,False,Certified when bearing the Star-K logo,cRc certifies this ONLY when the package bears the Star-K logo.,https://consumer.crckosher.org/liquor/full-liquor-list/,"cRc full liquor list, table row 324 (category column = Beer)",2026-08-11,verified_against_current_official_source
CRC-row325,cRc,Beer,Jailbreak Brewing,Poor Righteous IPA,Certified,Star-K,True,true,no_evidence,True,False,True,False,Certified when bearing the Star-K logo,cRc certifies this ONLY when the package bears the Star-K logo.,https://consumer.crckosher.org/liquor/full-liquor-list/,"cRc full liquor list, table row 325 (category column = Beer)",2026-08-11,verified_against_current_official_source
CRC-row326,cRc,Beer,Jailbreak Brewing,Real Big IPA,Certified,Star-K,True,true,no_evidence,True,False,True,False,Certified when bearing the Star-K logo,cRc certifies this ONLY when the package bears the Star-K logo.,https://consumer.crckosher.org/liquor/full-liquor-list/,"cRc full liquor list, table row 326 (category column = Beer)",2026-08-11,verified_against_current_official_source
CRC-row327,cRc,Beer,Jailbreak Brewing,Redaction,Certified,Star-K,True,true,no_evidence,True,False,True,False,Certified when bearing the Star-K logo,cRc certifies this ONLY when the package bears the Star-K logo.,https://consumer.crckosher.org/liquor/full-liquor-list/,"cRc full liquor list, table row 327 (category column = Beer)",2026-08-11,verified_against_current_official_source
CRC-row328,cRc,Beer,Jailbreak Brewing,Smoke on the Port,Certified,Star-K,True,true,no_evidence,True,False,True,False,Certified when bearing the Star-K logo,cRc certifies this ONLY when the package bears the Star-K logo.,https://consumer.crckosher.org/liquor/full-liquor-list/,"cRc full liquor list, table row 328 (category column = Beer)",2026-08-11,verified_against_current_official_source
CRC-row329,cRc,Beer,Jailbreak Brewing,Smoked Porter,Certified,Star-K,True,true,no_evidence,True,False,True,False,Certified when bearing the Star-K logo,cRc certifies this ONLY when the package bears the Star-K logo.,https://consumer.crckosher.org/liquor/full-liquor-list/,"cRc full liquor list, table row 329 (category column = Beer)",2026-08-11,verified_against_current_official_source
CRC-row330,cRc,Beer,Jailbreak Brewing,Smokehouse 54 Amber Ale,Certified,Star-K,True,true,no_evidence,True,False,True,False,Certified when bearing the Star-K logo,cRc certifies this ONLY when the package bears the Star-K logo.,https://consumer.crckosher.org/liquor/full-liquor-list/,"cRc full liquor list, table row 330 (category column = Beer)",2026-08-11,verified_against_current_official_source
CRC-row331,cRc,Beer,Jailbreak Brewing,Southern Cross,Certified,Star-K,True,true,no_evidence,True,False,True,False,Certified when bearing the Star-K logo,cRc certifies this ONLY when the package bears the Star-K logo.,https://consumer.crckosher.org/liquor/full-liquor-list/,"cRc full liquor list, table row 331 (category column = Beer)",2026-08-11,verified_against_current_official_source
CRC-row332,cRc,Beer,Jailbreak Brewing,This is 50,Certified,Star-K,True,true,no_evidence,True,False,True,False,Certified when bearing the Star-K logo,cRc certifies this ONLY when the package bears the Star-K logo.,https://consumer.crckosher.org/liquor/full-liquor-list/,"cRc full liquor list, table row 332 (category column = Beer)",2026-08-11,verified_against_current_official_source
CRC-row333,cRc,Beer,Leinenkugel,Cherry Blonde Lager,Certified,OU,True,true,no_evidence,True,False,True,False,Certified when bearing the OU logo,cRc certifies this ONLY when the package bears the OU logo.,https://consumer.crckosher.org/liquor/full-liquor-list/,"cRc full liquor list, table row 333 (category column = Beer)",2026-08-11,verified_against_current_official_source
CRC-row334,cRc,Beer,Leinenkugel,Pomegranate Shandy,Certified,OU,True,true,no_evidence,True,False,True,False,Certified when bearing the OU logo,cRc certifies this ONLY when the package bears the OU logo.,https://consumer.crckosher.org/liquor/full-liquor-list/,"cRc full liquor list, table row 334 (category column = Beer)",2026-08-11,verified_against_current_official_source
CRC-row335,cRc,Beer,Dettling,Vieille Kirsch,Certified,OU,True,true,no_evidence,True,False,True,False,Certified when bearing the OU logo,cRc certifies this ONLY when the package bears the OU logo.,https://consumer.crckosher.org/liquor/full-liquor-list/,"cRc full liquor list, table row 335 (category column = Beer)",2026-08-11,verified_against_current_official_source
CRC-row336,cRc,Beer,New Belgium,1969,Certified,Scroll K,True,false,no_evidence,False,True,False,False,,cRc lists this as Certified under Scroll K. Per cRc's legend a symbol is not required on the package; this does NOT prove the package is printed with one.,https://consumer.crckosher.org/liquor/full-liquor-list/,"cRc full liquor list, table row 336 (category column = Beer)",2026-08-11,verified_against_current_official_source
CRC-row337,cRc,Beer,New Belgium,Bike Kick,Certified,Scroll K,True,false,no_evidence,False,True,False,False,,cRc lists this as Certified under Scroll K. Per cRc's legend a symbol is not required on the package; this does NOT prove the package is printed with one.,https://consumer.crckosher.org/liquor/full-liquor-list/,"cRc full liquor list, table row 337 (category column = Beer)",2026-08-11,verified_against_current_official_source
CRC-row338,cRc,Beer,New Belgium,Citradelic Tangerine IPA,Certified,Scroll K,True,false,no_evidence,False,True,False,False,,cRc lists this as Certified under Scroll K. Per cRc's legend a symbol is not required on the package; this does NOT prove the package is printed with one.,https://consumer.crckosher.org/liquor/full-liquor-list/,"cRc full liquor list, table row 338 (category column = Beer)",2026-08-11,verified_against_current_official_source
CRC-row339,cRc,Beer,New Belgium,Fat Tire Belgian White,Certified,Scroll K,True,false,no_evidence,False,True,False,False,,cRc lists this as Certified under Scroll K. Per cRc's legend a symbol is not required on the package; this does NOT prove the package is printed with one.,https://consumer.crckosher.org/liquor/full-liquor-list/,"cRc full liquor list, table row 339 (category column = Beer)",2026-08-11,verified_against_current_official_source
CRC-row340,cRc,Beer,New Belgium,Voodoo Ranger Special Release Guava Spruce DIPA,Certified,Scroll K,True,false,no_evidence,False,True,False,False,,cRc lists this as Certified under Scroll K. Per cRc's legend a symbol is not required on the package; this does NOT prove the package is printed with one.,https://consumer.crckosher.org/liquor/full-liquor-list/,"cRc full liquor list, table row 340 (category column = Beer)",2026-08-11,verified_against_current_official_source
CRC-row341,cRc,Beer,New Belgium,Juicy Watermelon,Certified,Scroll K,True,false,no_evidence,False,True,False,False,,cRc lists this as Certified under Scroll K. Per cRc's legend a symbol is not required on the package; this does NOT prove the package is printed with one.,https://consumer.crckosher.org/liquor/full-liquor-list/,"cRc full liquor list, table row 341 (category column = Beer)",2026-08-11,verified_against_current_official_source
CRC-row342,cRc,Beer,New Belgium,Mural (Watermelon & Lime),Certified,Scroll K,True,false,no_evidence,False,True,False,False,,cRc lists this as Certified under Scroll K. Per cRc's legend a symbol is not required on the package; this does NOT prove the package is printed with one.,https://consumer.crckosher.org/liquor/full-liquor-list/,"cRc full liquor list, table row 342 (category column = Beer)",2026-08-11,verified_against_current_official_source
CRC-row343,cRc,Beer,New Belgium,New Belgium Reserve Honey Orange Tripel,Certified,Scroll K,True,false,no_evidence,False,True,False,False,,cRc lists this as Certified under Scroll K. Per cRc's legend a symbol is not required on the package; this does NOT prove the package is printed with one.,https://consumer.crckosher.org/liquor/full-liquor-list/,"cRc full liquor list, table row 343 (category column = Beer)",2026-08-11,verified_against_current_official_source
CRC-row344,cRc,Beer,New Belgium,Brut IPA Up Next Series,Certified,Scroll K,True,false,no_evidence,False,True,False,False,,cRc lists this as Certified under Scroll K. Per cRc's legend a symbol is not required on the package; this does NOT prove the package is printed with one.,https://consumer.crckosher.org/liquor/full-liquor-list/,"cRc full liquor list, table row 344 (category column = Beer)",2026-08-11,verified_against_current_official_source
CRC-row345,cRc,Beer,New Belgium,Old Aggie,Certified,Scroll K,True,false,no_evidence,False,True,False,False,,cRc lists this as Certified under Scroll K. Per cRc's legend a symbol is not required on the package; this does NOT prove the package is printed with one.,https://consumer.crckosher.org/liquor/full-liquor-list/,"cRc full liquor list, table row 345 (category column = Beer)",2026-08-11,verified_against_current_official_source
CRC-row346,cRc,Beer,New Belgium,Tartastic Lemon Ginger Ale,Certified,Scroll K,True,false,no_evidence,False,True,False,False,,cRc lists this as Certified under Scroll K. Per cRc's legend a symbol is not required on the package; this does NOT prove the package is printed with one.,https://consumer.crckosher.org/liquor/full-liquor-list/,"cRc full liquor list, table row 346 (category column = Beer)",2026-08-11,verified_against_current_official_source
CRC-row347,cRc,Beer,New Belgium,Tartastic Raspberry Lime Ale,Certified,Scroll K,True,false,no_evidence,False,True,False,False,,cRc lists this as Certified under Scroll K. Per cRc's legend a symbol is not required on the package; this does NOT prove the package is printed with one.,https://consumer.crckosher.org/liquor/full-liquor-list/,"cRc full liquor list, table row 347 (category column = Beer)",2026-08-11,verified_against_current_official_source
CRC-row348,cRc,Beer,New Belgium,Tartastic Strawberry Lemon Ale,Certified,Scroll K,True,false,no_evidence,False,True,False,False,,cRc lists this as Certified under Scroll K. Per cRc's legend a symbol is not required on the package; this does NOT prove the package is printed with one.,https://consumer.crckosher.org/liquor/full-liquor-list/,"cRc full liquor list, table row 348 (category column = Beer)",2026-08-11,verified_against_current_official_source
CRC-row349,cRc,Beer,New Belgium,Whizbang,Certified,Scroll K,True,false,no_evidence,False,True,False,False,,cRc lists this as Certified under Scroll K. Per cRc's legend a symbol is not required on the package; this does NOT prove the package is printed with one.,https://consumer.crckosher.org/liquor/full-liquor-list/,"cRc full liquor list, table row 349 (category column = Beer)",2026-08-11,verified_against_current_official_source
CRC-row350,cRc,Beer,New Belgium,Voodoo Ranger Juicy Haze IPA,Certified,Scroll K,True,false,no_evidence,False,True,False,False,,cRc lists this as Certified under Scroll K. Per cRc's legend a symbol is not required on the package; this does NOT prove the package is printed with one.,https://consumer.crckosher.org/liquor/full-liquor-list/,"cRc full liquor list, table row 350 (category column = Beer)",2026-08-11,verified_against_current_official_source
CRC-row351,cRc,Beer,New Belgium,Voodoo Ranger Special Release Juicy Mandarina IPA,Certified,Scroll K,True,false,no_evidence,False,True,False,False,,cRc lists this as Certified under Scroll K. Per cRc's legend a symbol is not required on the package; this does NOT prove the package is printed with one.,https://consumer.crckosher.org/liquor/full-liquor-list/,"cRc full liquor list, table row 351 (category column = Beer)",2026-08-11,verified_against_current_official_source
CRC-row352,cRc,Beer,New Belgium,Voodoo Ranger Special Release Atomic Pumpkin,Certified,Scroll K,True,false,no_evidence,False,True,False,False,,cRc lists this as Certified under Scroll K. Per cRc's legend a symbol is not required on the package; this does NOT prove the package is printed with one.,https://consumer.crckosher.org/liquor/full-liquor-list/,"cRc full liquor list, table row 352 (category column = Beer)",2026-08-11,verified_against_current_official_source
CRC-row353,cRc,Beer,New Belgium,Guava Spruce IPA,Certified,Scroll K,True,false,no_evidence,False,True,False,False,,cRc lists this as Certified under Scroll K. Per cRc's legend a symbol is not required on the package; this does NOT prove the package is printed with one.,https://consumer.crckosher.org/liquor/full-liquor-list/,"cRc full liquor list, table row 353 (category column = Beer)",2026-08-11,verified_against_current_official_source
CRC-row354,cRc,Beer,New Belgium,Voodoo Ranger Special Release Liquid Paradise IPA,Certified,Scroll K,True,false,no_evidence,False,True,False,False,,cRc lists this as Certified under Scroll K. Per cRc's legend a symbol is not required on the package; this does NOT prove the package is printed with one.,https://consumer.crckosher.org/liquor/full-liquor-list/,"cRc full liquor list, table row 354 (category column = Beer)",2026-08-11,verified_against_current_official_source
CRC-row355,cRc,Beer,New Belgium,Voodoo Ranger Special Release Passionfruit Imperial IPA,Certified,Scroll K,True,false,no_evidence,False,True,False,False,,cRc lists this as Certified under Scroll K. Per cRc's legend a symbol is not required on the package; this does NOT prove the package is printed with one.,https://consumer.crckosher.org/liquor/full-liquor-list/,"cRc full liquor list, table row 355 (category column = Beer)",2026-08-11,verified_against_current_official_source
CRC-row356,cRc,Beer,New Belgium,Voodoo Ranger Special Release Red IPA,Certified,Scroll K,True,false,no_evidence,False,True,False,False,,cRc lists this as Certified under Scroll K. Per cRc's legend a symbol is not required on the package; this does NOT prove the package is printed with one.,https://consumer.crckosher.org/liquor/full-liquor-list/,"cRc full liquor list, table row 356 (category column = Beer)",2026-08-11,verified_against_current_official_source
CRC-row357,cRc,Beer,AleWerks Brewing Co,All Varieties,Not Recommended,,False,,no_evidence,False,False,False,True,,"cRc lists this as ""Not Recommended"". Do not use it.",https://consumer.crckosher.org/liquor/full-liquor-list/,"cRc full liquor list, table row 357 (category column = Beer)",2026-08-11,verified_against_current_official_source
CRC-row358,cRc,Beer,16 Mile Brewing Co,All Varieties,Not Recommended,,False,,no_evidence,False,False,False,True,,"cRc lists this as ""Not Recommended"". Do not use it.",https://consumer.crckosher.org/liquor/full-liquor-list/,"cRc full liquor list, table row 358 (category column = Beer)",2026-08-11,verified_against_current_official_source
CRC-row359,cRc,Beer,Surly Brewing,All Varieties,Not Recommended,,False,,no_evidence,False,False,False,True,,"cRc lists this as ""Not Recommended"". Do not use it.",https://consumer.crckosher.org/liquor/full-liquor-list/,"cRc full liquor list, table row 359 (category column = Beer)",2026-08-11,verified_against_current_official_source
CRC-row360,cRc,Beer,Heineken 0.0,Alcohol-Free Beer,Not Recommended,,False,,no_evidence,False,False,False,True,,"cRc lists this as ""Not Recommended"". Do not use it.",https://consumer.crckosher.org/liquor/full-liquor-list/,"cRc full liquor list, table row 360 (category column = Beer)",2026-08-11,verified_against_current_official_source
CRC-row361,cRc,Beer,Samuel Adams,Chocolate Bock (DAIRY),Certified,Star-D,True,true,no_evidence,True,False,True,False,Certified when bearing the Star-D logo | DAIRY,cRc certifies this ONLY when the package bears the Star-D logo.,https://consumer.crckosher.org/liquor/full-liquor-list/,"cRc full liquor list, table row 361 (category column = Beer)",2026-08-11,verified_against_current_official_source
CRC-row362,cRc,Beer,Samuel Adams,Bavarian Lager,Certified,Star-K,True,true,no_evidence,True,False,True,False,Certified when bearing the Star-K logo,cRc certifies this ONLY when the package bears the Star-K logo.,https://consumer.crckosher.org/liquor/full-liquor-list/,"cRc full liquor list, table row 362 (category column = Beer)",2026-08-11,verified_against_current_official_source
CRC-row363,cRc,Beer,New Belgium,Asheville Red Ale,Certified,Scroll K,True,false,no_evidence,False,True,False,False,,cRc lists this as Certified under Scroll K. Per cRc's legend a symbol is not required on the package; this does NOT prove the package is printed with one.,https://consumer.crckosher.org/liquor/full-liquor-list/,"cRc full liquor list, table row 363 (category column = Beer)",2026-08-11,verified_against_current_official_source
CRC-row364,cRc,Beer,New Belgium,Gamorrean Red Ale,Certified,Scroll K,True,false,no_evidence,False,True,False,False,,cRc lists this as Certified under Scroll K. Per cRc's legend a symbol is not required on the package; this does NOT prove the package is printed with one.,https://consumer.crckosher.org/liquor/full-liquor-list/,"cRc full liquor list, table row 364 (category column = Beer)",2026-08-11,verified_against_current_official_source
CRC-row365,cRc,Beer,New Belgium,House Golden Pilsner,Certified,Scroll K,True,false,no_evidence,False,True,False,False,,cRc lists this as Certified under Scroll K. Per cRc's legend a symbol is not required on the package; this does NOT prove the package is printed with one.,https://consumer.crckosher.org/liquor/full-liquor-list/,"cRc full liquor list, table row 365 (category column = Beer)",2026-08-11,verified_against_current_official_source
CRC-row366,cRc,Beer,New Belgium,Kalifornia Kolsch (Magnolia Brewing),Certified,Scroll K,True,false,no_evidence,False,True,False,False,,cRc lists this as Certified under Scroll K. Per cRc's legend a symbol is not required on the package; this does NOT prove the package is printed with one.,https://consumer.crckosher.org/liquor/full-liquor-list/,"cRc full liquor list, table row 366 (category column = Beer)",2026-08-11,verified_against_current_official_source
CRC-row367,cRc,Beer,New Belgium,Mountain Time Lager,Certified,Scroll K,True,false,no_evidence,False,True,False,False,,cRc lists this as Certified under Scroll K. Per cRc's legend a symbol is not required on the package; this does NOT prove the package is printed with one.,https://consumer.crckosher.org/liquor/full-liquor-list/,"cRc full liquor list, table row 367 (category column = Beer)",2026-08-11,verified_against_current_official_source
CRC-row368,cRc,Beer,New Belgium,New Belgium Blonde Ale,Certified,Scroll K,True,false,no_evidence,False,True,False,False,,cRc lists this as Certified under Scroll K. Per cRc's legend a symbol is not required on the package; this does NOT prove the package is printed with one.,https://consumer.crckosher.org/liquor/full-liquor-list/,"cRc full liquor list, table row 368 (category column = Beer)",2026-08-11,verified_against_current_official_source
CRC-row369,cRc,Beer,New Belgium,Nitro Cold Brew Cream Ale,Certified,Scroll K,True,false,no_evidence,False,True,False,False,,cRc lists this as Certified under Scroll K. Per cRc's legend a symbol is not required on the package; this does NOT prove the package is printed with one.,https://consumer.crckosher.org/liquor/full-liquor-list/,"cRc full liquor list, table row 369 (category column = Beer)",2026-08-11,verified_against_current_official_source
CRC-row370,cRc,Beer,New Belgium,Oakspire (2018 & 2019 Vintage with Knob Creek),Certified,Scroll K,True,false,no_evidence,False,True,False,False,,cRc lists this as Certified under Scroll K. Per cRc's legend a symbol is not required on the package; this does NOT prove the package is printed with one.,https://consumer.crckosher.org/liquor/full-liquor-list/,"cRc full liquor list, table row 370 (category column = Beer)",2026-08-11,verified_against_current_official_source
CRC-row371,cRc,Beer,New Belgium,Old Tuffy,Certified,Scroll K,True,false,no_evidence,False,True,False,False,,cRc lists this as Certified under Scroll K. Per cRc's legend a symbol is not required on the package; this does NOT prove the package is printed with one.,https://consumer.crckosher.org/liquor/full-liquor-list/,"cRc full liquor list, table row 371 (category column = Beer)",2026-08-11,verified_against_current_official_source
CRC-row372,cRc,Beer,New Belgium,Passionfruit Kolsch,Certified,Scroll K,True,false,no_evidence,False,True,False,False,,cRc lists this as Certified under Scroll K. Per cRc's legend a symbol is not required on the package; this does NOT prove the package is printed with one.,https://consumer.crckosher.org/liquor/full-liquor-list/,"cRc full liquor list, table row 372 (category column = Beer)",2026-08-11,verified_against_current_official_source
CRC-row373,cRc,Beer,New Belgium,Proving Ground IPA (Magnolia Brewing),Certified,Scroll K,True,false,no_evidence,False,True,False,False,,cRc lists this as Certified under Scroll K. Per cRc's legend a symbol is not required on the package; this does NOT prove the package is printed with one.,https://consumer.crckosher.org/liquor/full-liquor-list/,"cRc full liquor list, table row 373 (category column = Beer)",2026-08-11,verified_against_current_official_source
CRC-row374,cRc,Beer,New Belgium,Stage Rock Colorado Ale,Certified,Scroll K,True,false,no_evidence,False,True,False,False,,cRc lists this as Certified under Scroll K. Per cRc's legend a symbol is not required on the package; this does NOT prove the package is printed with one.,https://consumer.crckosher.org/liquor/full-liquor-list/,"cRc full liquor list, table row 374 (category column = Beer)",2026-08-11,verified_against_current_official_source
CRC-row375,cRc,Beer,New Belgium,Tap In,Certified,Scroll K,True,false,no_evidence,False,True,False,False,,cRc lists this as Certified under Scroll K. Per cRc's legend a symbol is not required on the package; this does NOT prove the package is printed with one.,https://consumer.crckosher.org/liquor/full-liquor-list/,"cRc full liquor list, table row 375 (category column = Beer)",2026-08-11,verified_against_current_official_source
CRC-row376,cRc,Beer,New Belgium,The Hemperor,Certified,Scroll K,True,false,no_evidence,False,True,False,False,,cRc lists this as Certified under Scroll K. Per cRc's legend a symbol is not required on the package; this does NOT prove the package is printed with one.,https://consumer.crckosher.org/liquor/full-liquor-list/,"cRc full liquor list, table row 376 (category column = Beer)",2026-08-11,verified_against_current_official_source
CRC-row377,cRc,Beer,New Belgium,Wheelie Golden Ale,Certified,Scroll K,True,false,no_evidence,False,True,False,False,,cRc lists this as Certified under Scroll K. Per cRc's legend a symbol is not required on the package; this does NOT prove the package is printed with one.,https://consumer.crckosher.org/liquor/full-liquor-list/,"cRc full liquor list, table row 377 (category column = Beer)",2026-08-11,verified_against_current_official_source
CRC-row378,cRc,Beer,New Belgium,Voodoo Ranger Hop Avenger IPA,Certified,Scroll K,True,false,no_evidence,False,True,False,False,,cRc lists this as Certified under Scroll K. Per cRc's legend a symbol is not required on the package; this does NOT prove the package is printed with one.,https://consumer.crckosher.org/liquor/full-liquor-list/,"cRc full liquor list, table row 378 (category column = Beer)",2026-08-11,verified_against_current_official_source
CRC-row379,cRc,Beer,New Belgium,Voodoo Ranger Rotator Series Liquid Paradise IPA,Certified,Scroll K,True,false,no_evidence,False,True,False,False,,cRc lists this as Certified under Scroll K. Per cRc's legend a symbol is not required on the package; this does NOT prove the package is printed with one.,https://consumer.crckosher.org/liquor/full-liquor-list/,"cRc full liquor list, table row 379 (category column = Beer)",2026-08-11,verified_against_current_official_source
CRC-row380,cRc,Beer,New Belgium,Voodoo Ranger Special Release Imperial Black IPA,Certified,Scroll K,True,false,no_evidence,False,True,False,False,,cRc lists this as Certified under Scroll K. Per cRc's legend a symbol is not required on the package; this does NOT prove the package is printed with one.,https://consumer.crckosher.org/liquor/full-liquor-list/,"cRc full liquor list, table row 380 (category column = Beer)",2026-08-11,verified_against_current_official_source
CRC-row381,cRc,Beer,Concrete Beach,Havana Lager,Certified,Star-K,True,true,no_evidence,True,False,True,False,Certified when bearing the Star-K logo,cRc certifies this ONLY when the package bears the Star-K logo.,https://consumer.crckosher.org/liquor/full-liquor-list/,"cRc full liquor list, table row 381 (category column = Beer)",2026-08-11,verified_against_current_official_source
CRC-row382,cRc,Beer,Coney Island,Beach Beer,Certified,Star-K,True,true,no_evidence,True,False,True,False,Certified when bearing the Star-K logo,cRc certifies this ONLY when the package bears the Star-K logo.,https://consumer.crckosher.org/liquor/full-liquor-list/,"cRc full liquor list, table row 382 (category column = Beer)",2026-08-11,verified_against_current_official_source
CRC-row383,cRc,Beer,Samuel Adams,Boston Ale,Certified,Star-K,True,true,no_evidence,True,False,True,False,Certified when bearing the Star-K logo,cRc certifies this ONLY when the package bears the Star-K logo.,https://consumer.crckosher.org/liquor/full-liquor-list/,"cRc full liquor list, table row 383 (category column = Beer)",2026-08-11,verified_against_current_official_source
CRC-row384,cRc,Beer,Samuel Adams,Coffee Pale Ale,Certified,Star-K,True,true,no_evidence,True,False,True,False,Certified when bearing the Star-K logo,cRc certifies this ONLY when the package bears the Star-K logo.,https://consumer.crckosher.org/liquor/full-liquor-list/,"cRc full liquor list, table row 384 (category column = Beer)",2026-08-11,verified_against_current_official_source
CRC-row385,cRc,Beer,Samuel Adams,Red Lager,Certified,Star-K,True,true,no_evidence,True,False,True,False,Certified when bearing the Star-K logo,cRc certifies this ONLY when the package bears the Star-K logo.,https://consumer.crckosher.org/liquor/full-liquor-list/,"cRc full liquor list, table row 385 (category column = Beer)",2026-08-11,verified_against_current_official_source
CRC-row386,cRc,Beer,New Belgium,Sparkling Lime Lager,Certified,Scroll K,True,false,no_evidence,False,True,False,False,,cRc lists this as Certified under Scroll K. Per cRc's legend a symbol is not required on the package; this does NOT prove the package is printed with one.,https://consumer.crckosher.org/liquor/full-liquor-list/,"cRc full liquor list, table row 386 (category column = Beer)",2026-08-11,verified_against_current_official_source
CRC-row387,cRc,Beer,Samuel Adams,Double Bock,Certified,Star-K,True,true,no_evidence,True,False,True,False,Certified when bearing the Star-K logo,cRc certifies this ONLY when the package bears the Star-K logo.,https://consumer.crckosher.org/liquor/full-liquor-list/,"cRc full liquor list, table row 387 (category column = Beer)",2026-08-11,verified_against_current_official_source
CRC-row388,cRc,Beer,Shiner,Peach Wheat,Certified,KCOR,True,false,no_evidence,False,True,False,False,,cRc lists this as Certified under KCOR. Per cRc's legend a symbol is not required on the package; this does NOT prove the package is printed with one.,https://consumer.crckosher.org/liquor/full-liquor-list/,"cRc full liquor list, table row 388 (category column = Beer)",2026-08-11,verified_against_current_official_source
CRC-row389,cRc,Beer,Shiner,Sea Salt Lime,Certified,KCOR,True,false,no_evidence,False,True,False,False,,cRc lists this as Certified under KCOR. Per cRc's legend a symbol is not required on the package; this does NOT prove the package is printed with one.,https://consumer.crckosher.org/liquor/full-liquor-list/,"cRc full liquor list, table row 389 (category column = Beer)",2026-08-11,verified_against_current_official_source
CRC-row390,cRc,Beer,Josephs Brau Brewing Company,Drive Thru Red Ale,Certified,KCOR,True,true,no_evidence,True,False,True,False,Certified when bearing the KCOR logo,cRc certifies this ONLY when the package bears the KCOR logo.,https://consumer.crckosher.org/liquor/full-liquor-list/,"cRc full liquor list, table row 390 (category column = Beer)",2026-08-11,verified_against_current_official_source
CRC-row391,cRc,Beer,Josephs Brau Brewing Company,Howling Gourds Pumpkin Ale,Certified,KCOR,True,true,no_evidence,True,False,True,False,Certified when bearing the KCOR logo,cRc certifies this ONLY when the package bears the KCOR logo.,https://consumer.crckosher.org/liquor/full-liquor-list/,"cRc full liquor list, table row 391 (category column = Beer)",2026-08-11,verified_against_current_official_source
CRC-row392,cRc,Beer,Josephs Brau Brewing Company,Grapefruit Radler,Certified,KCOR,True,true,no_evidence,True,False,True,False,Certified when bearing the KCOR logo,cRc certifies this ONLY when the package bears the KCOR logo.,https://consumer.crckosher.org/liquor/full-liquor-list/,"cRc full liquor list, table row 392 (category column = Beer)",2026-08-11,verified_against_current_official_source
CRC-row393,cRc,Beer,Josephs Brau Brewing Company,Stockyard Oatmeal Stout,Certified,KCOR,True,true,no_evidence,True,False,True,False,Certified when bearing the KCOR logo,cRc certifies this ONLY when the package bears the KCOR logo.,https://consumer.crckosher.org/liquor/full-liquor-list/,"cRc full liquor list, table row 393 (category column = Beer)",2026-08-11,verified_against_current_official_source
CRC-row394,cRc,Beer,Samuel Adams,Holiday Porter,Certified,Star-K,True,true,no_evidence,True,False,True,False,Certified when bearing the Star-K logo,cRc certifies this ONLY when the package bears the Star-K logo.,https://consumer.crckosher.org/liquor/full-liquor-list/,"cRc full liquor list, table row 394 (category column = Beer)",2026-08-11,verified_against_current_official_source
CRC-row395,cRc,Beer,Josephs Brau Brewing Company,Winter Ride,Certified,KCOR,True,true,no_evidence,True,False,True,False,Certified when bearing the KCOR logo,cRc certifies this ONLY when the package bears the KCOR logo.,https://consumer.crckosher.org/liquor/full-liquor-list/,"cRc full liquor list, table row 395 (category column = Beer)",2026-08-11,verified_against_current_official_source
CRC-row396,cRc,Beer,Samuel Adams,Honey Porter,Certified,Star-K,True,true,no_evidence,True,False,True,False,Certified when bearing the Star-K logo,cRc certifies this ONLY when the package bears the Star-K logo.,https://consumer.crckosher.org/liquor/full-liquor-list/,"cRc full liquor list, table row 396 (category column = Beer)",2026-08-11,verified_against_current_official_source
CRC-row397,cRc,Beer,Gordon Biersch Brewing Company- San Jose,Don Gordo Mexican Style Lager,Certified,KCOR,True,true,no_evidence,True,False,True,False,Certified when bearing the KCOR logo,cRc certifies this ONLY when the package bears the KCOR logo.,https://consumer.crckosher.org/liquor/full-liquor-list/,"cRc full liquor list, table row 397 (category column = Beer)",2026-08-11,verified_against_current_official_source
CRC-row398,cRc,Beer,Samuel Adams,Irish Red Ale,Certified,Star-K,True,true,no_evidence,True,False,True,False,Certified when bearing the Star-K logo,cRc certifies this ONLY when the package bears the Star-K logo.,https://consumer.crckosher.org/liquor/full-liquor-list/,"cRc full liquor list, table row 398 (category column = Beer)",2026-08-11,verified_against_current_official_source
CRC-row399,cRc,Beer,Bowen's Island,All Varieties,Not Recommended,,False,,no_evidence,False,False,False,True,,"cRc lists this as ""Not Recommended"". Do not use it.",https://consumer.crckosher.org/liquor/full-liquor-list/,"cRc full liquor list, table row 399 (category column = Beer)",2026-08-11,verified_against_current_official_source
CRC-row400,cRc,Beer,Shiner,Holiday Cheer,Certified,KCOR,True,false,no_evidence,False,True,False,False,,cRc lists this as Certified under KCOR. Per cRc's legend a symbol is not required on the package; this does NOT prove the package is printed with one.,https://consumer.crckosher.org/liquor/full-liquor-list/,"cRc full liquor list, table row 400 (category column = Beer)",2026-08-11,verified_against_current_official_source
CRC-row401,cRc,Beer,Samuel Adams,Noble Pils,Certified,Star-K,True,true,no_evidence,True,False,True,False,Certified when bearing the Star-K logo,cRc certifies this ONLY when the package bears the Star-K logo.,https://consumer.crckosher.org/liquor/full-liquor-list/,"cRc full liquor list, table row 401 (category column = Beer)",2026-08-11,verified_against_current_official_source
CRC-row402,cRc,Beer,Samuel Adams,Harvest Pumpkin Ale,Certified,Star-K,True,true,no_evidence,True,False,True,False,Certified when bearing the Star-K logo,cRc certifies this ONLY when the package bears the Star-K logo.,https://consumer.crckosher.org/liquor/full-liquor-list/,"cRc full liquor list, table row 402 (category column = Beer)",2026-08-11,verified_against_current_official_source
CRC-row403,cRc,Beer,Samuel Adams,Octoberfest,Certified,Star-K,True,true,no_evidence,True,False,True,False,Certified when bearing the Star-K logo,cRc certifies this ONLY when the package bears the Star-K logo.,https://consumer.crckosher.org/liquor/full-liquor-list/,"cRc full liquor list, table row 403 (category column = Beer)",2026-08-11,verified_against_current_official_source
CRC-row404,cRc,Beer,Samuel Adams,Old Fezziwig,Certified,Star-K,True,true,no_evidence,True,False,True,False,Certified when bearing the Star-K logo,cRc certifies this ONLY when the package bears the Star-K logo.,https://consumer.crckosher.org/liquor/full-liquor-list/,"cRc full liquor list, table row 404 (category column = Beer)",2026-08-11,verified_against_current_official_source
CRC-row405,cRc,Beer,New Belgium,Voodoo Ranger Juice Force,Certified,Scroll K,True,false,no_evidence,False,True,False,False,,cRc lists this as Certified under Scroll K. Per cRc's legend a symbol is not required on the package; this does NOT prove the package is printed with one.,https://consumer.crckosher.org/liquor/full-liquor-list/,"cRc full liquor list, table row 405 (category column = Beer)",2026-08-11,verified_against_current_official_source
CRC-row406,cRc,Beer,New Belgium,Citrus Rescue,Certified,Scroll K,True,false,no_evidence,False,True,False,False,,cRc lists this as Certified under Scroll K. Per cRc's legend a symbol is not required on the package; this does NOT prove the package is printed with one.,https://consumer.crckosher.org/liquor/full-liquor-list/,"cRc full liquor list, table row 406 (category column = Beer)",2026-08-11,verified_against_current_official_source
CRC-row407,cRc,Beer,New Belgium,Dubs Golden Ale (Magnolia Brewing),Certified,Scroll K,True,false,no_evidence,False,True,False,False,,cRc lists this as Certified under Scroll K. Per cRc's legend a symbol is not required on the package; this does NOT prove the package is printed with one.,https://consumer.crckosher.org/liquor/full-liquor-list/,"cRc full liquor list, table row 407 (category column = Beer)",2026-08-11,verified_against_current_official_source
CRC-row408,cRc,Beer,New Belgium,Island Active (East Island Brewing Company),Certified,Scroll K,True,false,no_evidence,False,True,False,False,,cRc lists this as Certified under Scroll K. Per cRc's legend a symbol is not required on the package; this does NOT prove the package is printed with one.,https://consumer.crckosher.org/liquor/full-liquor-list/,"cRc full liquor list, table row 408 (category column = Beer)",2026-08-11,verified_against_current_official_source
CRC-row409,cRc,Beer,New Belgium,Island Coastal Lager (East Island Brewing Company),Certified,Scroll K,True,false,no_evidence,False,True,False,False,,cRc lists this as Certified under Scroll K. Per cRc's legend a symbol is not required on the package; this does NOT prove the package is printed with one.,https://consumer.crckosher.org/liquor/full-liquor-list/,"cRc full liquor list, table row 409 (category column = Beer)",2026-08-11,verified_against_current_official_source
CRC-row410,cRc,Beer,New Belgium,Lime Light,Certified,Scroll K,True,false,no_evidence,False,True,False,False,,cRc lists this as Certified under Scroll K. Per cRc's legend a symbol is not required on the package; this does NOT prove the package is printed with one.,https://consumer.crckosher.org/liquor/full-liquor-list/,"cRc full liquor list, table row 410 (category column = Beer)",2026-08-11,verified_against_current_official_source
CRC-row411,cRc,Beer,New Belgium,Mothership Wit (Organic),Certified,Scroll K,True,false,no_evidence,False,True,False,False,,cRc lists this as Certified under Scroll K. Per cRc's legend a symbol is not required on the package; this does NOT prove the package is printed with one.,https://consumer.crckosher.org/liquor/full-liquor-list/,"cRc full liquor list, table row 411 (category column = Beer)",2026-08-11,verified_against_current_official_source
CRC-row412,cRc,Beer,New Belgium,Mural Berry Guava Agave,Certified,Scroll K,True,false,no_evidence,False,True,False,False,,cRc lists this as Certified under Scroll K. Per cRc's legend a symbol is not required on the package; this does NOT prove the package is printed with one.,https://consumer.crckosher.org/liquor/full-liquor-list/,"cRc full liquor list, table row 412 (category column = Beer)",2026-08-11,verified_against_current_official_source
CRC-row413,cRc,Beer,New Belgium,Mural Mango Mexican Orange Agave,Certified,Scroll K,True,false,no_evidence,False,True,False,False,,cRc lists this as Certified under Scroll K. Per cRc's legend a symbol is not required on the package; this does NOT prove the package is printed with one.,https://consumer.crckosher.org/liquor/full-liquor-list/,"cRc full liquor list, table row 413 (category column = Beer)",2026-08-11,verified_against_current_official_source
CRC-row414,cRc,Beer,New Belgium,Narrow Universe (Magnolia Brewing),Certified,Scroll K,True,false,no_evidence,False,True,False,False,,cRc lists this as Certified under Scroll K. Per cRc's legend a symbol is not required on the package; this does NOT prove the package is printed with one.,https://consumer.crckosher.org/liquor/full-liquor-list/,"cRc full liquor list, table row 414 (category column = Beer)",2026-08-11,verified_against_current_official_source
CRC-row415,cRc,Beer,New Belgium,Oakspire (2020 Vintage with Four Roses),Certified,Scroll K,True,false,no_evidence,False,True,False,False,,cRc lists this as Certified under Scroll K. Per cRc's legend a symbol is not required on the package; this does NOT prove the package is printed with one.,https://consumer.crckosher.org/liquor/full-liquor-list/,"cRc full liquor list, table row 415 (category column = Beer)",2026-08-11,verified_against_current_official_source
CRC-row416,cRc,Beer,New Belgium,Piano Keys,Certified,Scroll K,True,false,no_evidence,False,True,False,False,,cRc lists this as Certified under Scroll K. Per cRc's legend a symbol is not required on the package; this does NOT prove the package is printed with one.,https://consumer.crckosher.org/liquor/full-liquor-list/,"cRc full liquor list, table row 416 (category column = Beer)",2026-08-11,verified_against_current_official_source
CRC-row417,cRc,Beer,New Belgium,Purist,Certified,Scroll K,True,false,no_evidence,False,True,False,False,,cRc lists this as Certified under Scroll K. Per cRc's legend a symbol is not required on the package; this does NOT prove the package is printed with one.,https://consumer.crckosher.org/liquor/full-liquor-list/,"cRc full liquor list, table row 417 (category column = Beer)",2026-08-11,verified_against_current_official_source
CRC-row418,cRc,Beer,New Belgium,River Arts District Red,Certified,Scroll K,True,false,no_evidence,False,True,False,False,,cRc lists this as Certified under Scroll K. Per cRc's legend a symbol is not required on the package; this does NOT prove the package is printed with one.,https://consumer.crckosher.org/liquor/full-liquor-list/,"cRc full liquor list, table row 418 (category column = Beer)",2026-08-11,verified_against_current_official_source
CRC-row419,cRc,Beer,New Belgium,Summer Bliss,Certified,Scroll K,True,false,no_evidence,False,True,False,False,,cRc lists this as Certified under Scroll K. Per cRc's legend a symbol is not required on the package; this does NOT prove the package is printed with one.,https://consumer.crckosher.org/liquor/full-liquor-list/,"cRc full liquor list, table row 419 (category column = Beer)",2026-08-11,verified_against_current_official_source
CRC-row420,cRc,Beer,New Belgium,Voodoo Ranger 1985,Certified,Scroll K,True,false,no_evidence,False,True,False,False,,cRc lists this as Certified under Scroll K. Per cRc's legend a symbol is not required on the package; this does NOT prove the package is printed with one.,https://consumer.crckosher.org/liquor/full-liquor-list/,"cRc full liquor list, table row 420 (category column = Beer)",2026-08-11,verified_against_current_official_source
CRC-row421,cRc,Beer,New Belgium,Voodoo Ranger Agent 77 IPA,Certified,Scroll K,True,false,no_evidence,False,True,False,False,,cRc lists this as Certified under Scroll K. Per cRc's legend a symbol is not required on the package; this does NOT prove the package is printed with one.,https://consumer.crckosher.org/liquor/full-liquor-list/,"cRc full liquor list, table row 421 (category column = Beer)",2026-08-11,verified_against_current_official_source
CRC-row422,cRc,Beer,Samuel Adams,Pale Ale,Certified,Star-K,True,true,no_evidence,True,False,True,False,Certified when bearing the Star-K logo,cRc certifies this ONLY when the package bears the Star-K logo.,https://consumer.crckosher.org/liquor/full-liquor-list/,"cRc full liquor list, table row 422 (category column = Beer)",2026-08-11,verified_against_current_official_source
CRC-row423,cRc,Beer,New Belgium,Voodoo Ranger American Haze,Certified,Scroll K,True,false,no_evidence,False,True,False,False,,cRc lists this as Certified under Scroll K. Per cRc's legend a symbol is not required on the package; this does NOT prove the package is printed with one.,https://consumer.crckosher.org/liquor/full-liquor-list/,"cRc full liquor list, table row 423 (category column = Beer)",2026-08-11,verified_against_current_official_source
CRC-row424,cRc,Beer,New Belgium,Voodoo Ranger Devilishly Light Lager,Certified,Scroll K,True,false,no_evidence,False,True,False,False,,cRc lists this as Certified under Scroll K. Per cRc's legend a symbol is not required on the package; this does NOT prove the package is printed with one.,https://consumer.crckosher.org/liquor/full-liquor-list/,"cRc full liquor list, table row 424 (category column = Beer)",2026-08-11,verified_against_current_official_source
CRC-row425,cRc,Beer,New Belgium,Voodoo Ranger Future Hop IPA,Certified,Scroll K,True,false,no_evidence,False,True,False,False,,cRc lists this as Certified under Scroll K. Per cRc's legend a symbol is not required on the package; this does NOT prove the package is printed with one.,https://consumer.crckosher.org/liquor/full-liquor-list/,"cRc full liquor list, table row 425 (category column = Beer)",2026-08-11,verified_against_current_official_source
CRC-row426,cRc,Beer,New Belgium,Voodoo Ranger Captain Dynamite IPA,Certified,Scroll K,True,false,no_evidence,False,True,False,False,,cRc lists this as Certified under Scroll K. Per cRc's legend a symbol is not required on the package; this does NOT prove the package is printed with one.,https://consumer.crckosher.org/liquor/full-liquor-list/,"cRc full liquor list, table row 426 (category column = Beer)",2026-08-11,verified_against_current_official_source
CRC-row427,cRc,Beer,New Belgium,Voodoo Ranger Higher Plane IPA,Certified,Scroll K,True,false,no_evidence,False,True,False,False,,cRc lists this as Certified under Scroll K. Per cRc's legend a symbol is not required on the package; this does NOT prove the package is printed with one.,https://consumer.crckosher.org/liquor/full-liquor-list/,"cRc full liquor list, table row 427 (category column = Beer)",2026-08-11,verified_against_current_official_source
CRC-row428,cRc,Beer,New Belgium,Voodoo Ranger Liquid Paradise IPA,Certified,Scroll K,True,false,no_evidence,False,True,False,False,,cRc lists this as Certified under Scroll K. Per cRc's legend a symbol is not required on the package; this does NOT prove the package is printed with one.,https://consumer.crckosher.org/liquor/full-liquor-list/,"cRc full liquor list, table row 428 (category column = Beer)",2026-08-11,verified_against_current_official_source
CRC-row429,cRc,Beer,New Belgium,Voodoo Ranger Starship IPA,Certified,Scroll K,True,false,no_evidence,False,True,False,False,,cRc lists this as Certified under Scroll K. Per cRc's legend a symbol is not required on the package; this does NOT prove the package is printed with one.,https://consumer.crckosher.org/liquor/full-liquor-list/,"cRc full liquor list, table row 429 (category column = Beer)",2026-08-11,verified_against_current_official_source
CRC-row430,cRc,Beer,New Belgium,Voodoo Ranger V2K IPA,Certified,Scroll K,True,false,no_evidence,False,True,False,False,,cRc lists this as Certified under Scroll K. Per cRc's legend a symbol is not required on the package; this does NOT prove the package is printed with one.,https://consumer.crckosher.org/liquor/full-liquor-list/,"cRc full liquor list, table row 430 (category column = Beer)",2026-08-11,verified_against_current_official_source
CRC-row431,cRc,Beer,New Belgium,Wild Ride 30th Anniversary Amber,Certified,Scroll K,True,false,no_evidence,False,True,False,False,,cRc lists this as Certified under Scroll K. Per cRc's legend a symbol is not required on the package; this does NOT prove the package is printed with one.,https://consumer.crckosher.org/liquor/full-liquor-list/,"cRc full liquor list, table row 431 (category column = Beer)",2026-08-11,verified_against_current_official_source
CRC-row432,cRc,Beer,Samuel Adams,Dunkle Weizen,Certified,Star-K,True,true,no_evidence,True,False,True,False,Certified when bearing the Star-K logo,cRc certifies this ONLY when the package bears the Star-K logo.,https://consumer.crckosher.org/liquor/full-liquor-list/,"cRc full liquor list, table row 432 (category column = Beer)",2026-08-11,verified_against_current_official_source
CRC-row433,cRc,Beer,Shiner,Kolsch,Certified,KCOR,True,false,no_evidence,False,True,False,False,,cRc lists this as Certified under KCOR. Per cRc's legend a symbol is not required on the package; this does NOT prove the package is printed with one.,https://consumer.crckosher.org/liquor/full-liquor-list/,"cRc full liquor list, table row 433 (category column = Beer)",2026-08-11,verified_against_current_official_source
CRC-row434,cRc,Beer,Shiner,Oktoberfest,Certified,KCOR,True,false,no_evidence,False,True,False,False,,cRc lists this as Certified under KCOR. Per cRc's legend a symbol is not required on the package; this does NOT prove the package is printed with one.,https://consumer.crckosher.org/liquor/full-liquor-list/,"cRc full liquor list, table row 434 (category column = Beer)",2026-08-11,verified_against_current_official_source
CRC-row435,cRc,Beer,Shiner,Orale,Certified,KCOR,True,false,no_evidence,False,True,False,False,,cRc lists this as Certified under KCOR. Per cRc's legend a symbol is not required on the package; this does NOT prove the package is printed with one.,https://consumer.crckosher.org/liquor/full-liquor-list/,"cRc full liquor list, table row 435 (category column = Beer)",2026-08-11,verified_against_current_official_source
CRC-row436,cRc,Beer,Shiner,White Wing,Certified,KCOR,True,false,no_evidence,False,True,False,False,,cRc lists this as Certified under KCOR. Per cRc's legend a symbol is not required on the package; this does NOT prove the package is printed with one.,https://consumer.crckosher.org/liquor/full-liquor-list/,"cRc full liquor list, table row 436 (category column = Beer)",2026-08-11,verified_against_current_official_source
CRC-row437,cRc,Beer,Jailbreak Brewing,10 Years in One Day,Certified,Star-K,True,true,no_evidence,True,False,True,False,Certified when bearing the Star-K logo,cRc certifies this ONLY when the package bears the Star-K logo.,https://consumer.crckosher.org/liquor/full-liquor-list/,"cRc full liquor list, table row 437 (category column = Beer)",2026-08-11,verified_against_current_official_source
CRC-row438,cRc,Beer,Jailbreak Brewing,20/20,Certified,Star-K,True,true,no_evidence,True,False,True,False,Certified when bearing the Star-K logo,cRc certifies this ONLY when the package bears the Star-K logo.,https://consumer.crckosher.org/liquor/full-liquor-list/,"cRc full liquor list, table row 438 (category column = Beer)",2026-08-11,verified_against_current_official_source
CRC-row439,cRc,Beer,Jailbreak Brewing,Baltic Porter,Certified,Star-K,True,true,no_evidence,True,False,True,False,Certified when bearing the Star-K logo,cRc certifies this ONLY when the package bears the Star-K logo.,https://consumer.crckosher.org/liquor/full-liquor-list/,"cRc full liquor list, table row 439 (category column = Beer)",2026-08-11,verified_against_current_official_source
CRC-row440,cRc,Beer,Jailbreak Brewing,Bia Sot,Certified,Star-K,True,true,no_evidence,True,False,True,False,Certified when bearing the Star-K logo,cRc certifies this ONLY when the package bears the Star-K logo.,https://consumer.crckosher.org/liquor/full-liquor-list/,"cRc full liquor list, table row 440 (category column = Beer)",2026-08-11,verified_against_current_official_source
CRC-row441,cRc,Beer,Jailbreak Brewing,Bruh Hymn,Certified,Star-K,True,true,no_evidence,True,False,True,False,Certified when bearing the Star-K logo,cRc certifies this ONLY when the package bears the Star-K logo.,https://consumer.crckosher.org/liquor/full-liquor-list/,"cRc full liquor list, table row 441 (category column = Beer)",2026-08-11,verified_against_current_official_source
CRC-row442,cRc,Beer,Jailbreak Brewing,Café In Brussels,Certified,Star-K,True,true,no_evidence,True,False,True,False,Certified when bearing the Star-K logo,cRc certifies this ONLY when the package bears the Star-K logo.,https://consumer.crckosher.org/liquor/full-liquor-list/,"cRc full liquor list, table row 442 (category column = Beer)",2026-08-11,verified_against_current_official_source
CRC-row443,cRc,Beer,Jailbreak Brewing,Citra Lady Friend,Certified,Star-K,True,true,no_evidence,True,False,True,False,Certified when bearing the Star-K logo,cRc certifies this ONLY when the package bears the Star-K logo.,https://consumer.crckosher.org/liquor/full-liquor-list/,"cRc full liquor list, table row 443 (category column = Beer)",2026-08-11,verified_against_current_official_source
CRC-row444,cRc,Beer,Jailbreak Brewing,Cream Cycle,Certified,Star-K,True,true,no_evidence,True,False,True,False,Certified when bearing the Star-K logo,cRc certifies this ONLY when the package bears the Star-K logo.,https://consumer.crckosher.org/liquor/full-liquor-list/,"cRc full liquor list, table row 444 (category column = Beer)",2026-08-11,verified_against_current_official_source
CRC-row445,cRc,Beer,Jailbreak Brewing,Chairy (DAIRY),Certified,Star-D,True,true,no_evidence,True,False,True,False,Certified when bearing the Star-D logo | DAIRY,cRc certifies this ONLY when the package bears the Star-D logo.,https://consumer.crckosher.org/liquor/full-liquor-list/,"cRc full liquor list, table row 445 (category column = Beer)",2026-08-11,verified_against_current_official_source
CRC-row446,cRc,Beer,Jailbreak Brewing,Carrot Cake Conspiracy (DAIRY),Certified,Star-D,True,true,no_evidence,True,False,True,False,Certified when bearing the Star-D logo | DAIRY,cRc certifies this ONLY when the package bears the Star-D logo.,https://consumer.crckosher.org/liquor/full-liquor-list/,"cRc full liquor list, table row 446 (category column = Beer)",2026-08-11,verified_against_current_official_source
CRC-row447,cRc,Beer,Jailbreak Brewing,Doppelbock,Certified,Star-K,True,true,no_evidence,True,False,True,False,Certified when bearing the Star-K logo,cRc certifies this ONLY when the package bears the Star-K logo.,https://consumer.crckosher.org/liquor/full-liquor-list/,"cRc full liquor list, table row 447 (category column = Beer)",2026-08-11,verified_against_current_official_source
CRC-row448,cRc,Beer,Jailbreak Brewing,Fickle Love,Certified,Star-K,True,true,no_evidence,True,False,True,False,Certified when bearing the Star-K logo,cRc certifies this ONLY when the package bears the Star-K logo.,https://consumer.crckosher.org/liquor/full-liquor-list/,"cRc full liquor list, table row 448 (category column = Beer)",2026-08-11,verified_against_current_official_source
CRC-row449,cRc,Beer,Jailbreak Brewing,Flavor of the Month,Certified,Star-K,True,true,no_evidence,True,False,True,False,Certified when bearing the Star-K logo,cRc certifies this ONLY when the package bears the Star-K logo.,https://consumer.crckosher.org/liquor/full-liquor-list/,"cRc full liquor list, table row 449 (category column = Beer)",2026-08-11,verified_against_current_official_source
CRC-row450,cRc,Beer,Jailbreak Brewing,Funk Sway,Certified,Star-K,True,true,no_evidence,True,False,True,False,Certified when bearing the Star-K logo,cRc certifies this ONLY when the package bears the Star-K logo.,https://consumer.crckosher.org/liquor/full-liquor-list/,"cRc full liquor list, table row 450 (category column = Beer)",2026-08-11,verified_against_current_official_source
CRC-row451,cRc,Beer,Jailbreak Brewing,Hey Porter,Certified,Star-K,True,true,no_evidence,True,False,True,False,Certified when bearing the Star-K logo,cRc certifies this ONLY when the package bears the Star-K logo.,https://consumer.crckosher.org/liquor/full-liquor-list/,"cRc full liquor list, table row 451 (category column = Beer)",2026-08-11,verified_against_current_official_source
CRC-row452,cRc,Beer,Jailbreak Brewing,It's a Hazy IPA,Certified,Star-K,True,true,no_evidence,True,False,True,False,Certified when bearing the Star-K logo,cRc certifies this ONLY when the package bears the Star-K logo.,https://consumer.crckosher.org/liquor/full-liquor-list/,"cRc full liquor list, table row 452 (category column = Beer)",2026-08-11,verified_against_current_official_source
CRC-row453,cRc,Beer,Jailbreak Brewing,Lack of Clarity,Certified,Star-K,True,true,no_evidence,True,False,True,False,Certified when bearing the Star-K logo,cRc certifies this ONLY when the package bears the Star-K logo.,https://consumer.crckosher.org/liquor/full-liquor-list/,"cRc full liquor list, table row 453 (category column = Beer)",2026-08-11,verified_against_current_official_source
CRC-row454,cRc,Beer,Jailbreak Brewing,Laurel Hearty,Certified,Star-K,True,true,no_evidence,True,False,True,False,Certified when bearing the Star-K logo,cRc certifies this ONLY when the package bears the Star-K logo.,https://consumer.crckosher.org/liquor/full-liquor-list/,"cRc full liquor list, table row 454 (category column = Beer)",2026-08-11,verified_against_current_official_source
CRC-row455,cRc,Beer,Jailbreak Brewing,Maibock,Certified,Star-K,True,true,no_evidence,True,False,True,False,Certified when bearing the Star-K logo,cRc certifies this ONLY when the package bears the Star-K logo.,https://consumer.crckosher.org/liquor/full-liquor-list/,"cRc full liquor list, table row 455 (category column = Beer)",2026-08-11,verified_against_current_official_source
CRC-row456,cRc,Beer,Jailbreak Brewing,Mango Hazy,Certified,Star-K,True,true,no_evidence,True,False,True,False,Certified when bearing the Star-K logo,cRc certifies this ONLY when the package bears the Star-K logo.,https://consumer.crckosher.org/liquor/full-liquor-list/,"cRc full liquor list, table row 456 (category column = Beer)",2026-08-11,verified_against_current_official_source
CRC-row457,cRc,Beer,Jailbreak Brewing,Oktoberfest,Certified,Star-K,True,true,no_evidence,True,False,True,False,Certified when bearing the Star-K logo,cRc certifies this ONLY when the package bears the Star-K logo.,https://consumer.crckosher.org/liquor/full-liquor-list/,"cRc full liquor list, table row 457 (category column = Beer)",2026-08-11,verified_against_current_official_source
CRC-row458,cRc,Beer,Jailbreak Brewing,Original Golden,Certified,Star-K,True,true,no_evidence,True,False,True,False,Certified when bearing the Star-K logo,cRc certifies this ONLY when the package bears the Star-K logo.,https://consumer.crckosher.org/liquor/full-liquor-list/,"cRc full liquor list, table row 458 (category column = Beer)",2026-08-11,verified_against_current_official_source
CRC-row459,cRc,Beer,Jailbreak Brewing,Over the Line,Certified,Star-K,True,true,no_evidence,True,False,True,False,Certified when bearing the Star-K logo,cRc certifies this ONLY when the package bears the Star-K logo.,https://consumer.crckosher.org/liquor/full-liquor-list/,"cRc full liquor list, table row 459 (category column = Beer)",2026-08-11,verified_against_current_official_source
CRC-row460,cRc,Beer,Jailbreak Brewing,Poor Righteous,Certified,Star-K,True,true,no_evidence,True,False,True,False,Certified when bearing the Star-K logo,cRc certifies this ONLY when the package bears the Star-K logo.,https://consumer.crckosher.org/liquor/full-liquor-list/,"cRc full liquor list, table row 460 (category column = Beer)",2026-08-11,verified_against_current_official_source
CRC-row461,cRc,Beer,Jailbreak Brewing,White Russian - Coffee Cream Ale (DAIRY),Certified,Star-D,True,true,no_evidence,True,False,True,False,Certified when bearing the Star-D logo | DAIRY,cRc certifies this ONLY when the package bears the Star-D logo.,https://consumer.crckosher.org/liquor/full-liquor-list/,"cRc full liquor list, table row 461 (category column = Beer)",2026-08-11,verified_against_current_official_source
CRC-row462,cRc,Beer,Jailbreak Brewing,Sled Head,Certified,Star-K,True,true,no_evidence,True,False,True,False,Certified when bearing the Star-K logo,cRc certifies this ONLY when the package bears the Star-K logo.,https://consumer.crckosher.org/liquor/full-liquor-list/,"cRc full liquor list, table row 462 (category column = Beer)",2026-08-11,verified_against_current_official_source
CRC-row463,cRc,Beer,Jailbreak Brewing,Slow and Low,Certified,Star-K,True,true,no_evidence,True,False,True,False,Certified when bearing the Star-K logo,cRc certifies this ONLY when the package bears the Star-K logo.,https://consumer.crckosher.org/liquor/full-liquor-list/,"cRc full liquor list, table row 463 (category column = Beer)",2026-08-11,verified_against_current_official_source
CRC-row464,cRc,Beer,Jailbreak Brewing,So Much for a Dry Summer,Certified,Star-K,True,true,no_evidence,True,False,True,False,Certified when bearing the Star-K logo,cRc certifies this ONLY when the package bears the Star-K logo.,https://consumer.crckosher.org/liquor/full-liquor-list/,"cRc full liquor list, table row 464 (category column = Beer)",2026-08-11,verified_against_current_official_source
CRC-row465,cRc,Beer,Jailbreak Brewing,Special Lady Friend,Certified,Star-K,True,true,no_evidence,True,False,True,False,Certified when bearing the Star-K logo,cRc certifies this ONLY when the package bears the Star-K logo.,https://consumer.crckosher.org/liquor/full-liquor-list/,"cRc full liquor list, table row 465 (category column = Beer)",2026-08-11,verified_against_current_official_source
CRC-row466,cRc,Beer,Jailbreak Brewing,This is for the G's,Certified,Star-K,True,true,no_evidence,True,False,True,False,Certified when bearing the Star-K logo,cRc certifies this ONLY when the package bears the Star-K logo.,https://consumer.crckosher.org/liquor/full-liquor-list/,"cRc full liquor list, table row 466 (category column = Beer)",2026-08-11,verified_against_current_official_source
CRC-row467,cRc,Beer,Brooklyn Brewery,Brooklyn Black Ops,Certified,KCOR,True,false,no_evidence,False,True,False,False,"The letter ""U"" must appear after the ink-jetted Julian date code.",cRc lists this as Certified under KCOR. Per cRc's legend a symbol is not required on the package; this does NOT prove the package is printed with one.,https://consumer.crckosher.org/liquor/full-liquor-list/,"cRc full liquor list, table row 467 (category column = Beer)",2026-08-11,verified_against_current_official_source
CRC-row468,cRc,Beer,Brooklyn Brewery,Brooklyn Shackmeister Ale,Certified,KCOR,True,false,no_evidence,False,True,False,False,"The letter ""U"" must appear after the ink-jetted Julian date code.",cRc lists this as Certified under KCOR. Per cRc's legend a symbol is not required on the package; this does NOT prove the package is printed with one.,https://consumer.crckosher.org/liquor/full-liquor-list/,"cRc full liquor list, table row 468 (category column = Beer)",2026-08-11,verified_against_current_official_source
CRC-row469,cRc,Beer,Brooklyn Brewery,Brooklyn Special Effects Amber,Certified,KCOR,True,false,no_evidence,False,True,False,False,"The letter ""U"" must appear after the ink-jetted Julian date code.",cRc lists this as Certified under KCOR. Per cRc's legend a symbol is not required on the package; this does NOT prove the package is printed with one.,https://consumer.crckosher.org/liquor/full-liquor-list/,"cRc full liquor list, table row 469 (category column = Beer)",2026-08-11,verified_against_current_official_source
CRC-row470,cRc,Beer,Brooklyn Brewery,Brooklyn Special Effects IPA,Certified,KCOR,True,false,no_evidence,False,True,False,False,"The letter ""U"" must appear after the ink-jetted Julian date code.",cRc lists this as Certified under KCOR. Per cRc's legend a symbol is not required on the package; this does NOT prove the package is printed with one.,https://consumer.crckosher.org/liquor/full-liquor-list/,"cRc full liquor list, table row 470 (category column = Beer)",2026-08-11,verified_against_current_official_source
CRC-row471,cRc,Beer,Brooklyn Brewery,Brooklyn Special Effects Pils,Certified,KCOR,True,false,no_evidence,False,True,False,False,"The letter ""U"" must appear after the ink-jetted Julian date code.",cRc lists this as Certified under KCOR. Per cRc's legend a symbol is not required on the package; this does NOT prove the package is printed with one.,https://consumer.crckosher.org/liquor/full-liquor-list/,"cRc full liquor list, table row 471 (category column = Beer)",2026-08-11,verified_against_current_official_source
CRC-row472,cRc,Beer,Samuel Adams,Summer Ale,Certified,Star-K,True,true,no_evidence,True,False,True,False,Certified when bearing the Star-K logo,cRc certifies this ONLY when the package bears the Star-K logo.,https://consumer.crckosher.org/liquor/full-liquor-list/,"cRc full liquor list, table row 472 (category column = Beer)",2026-08-11,verified_against_current_official_source
CRC-row473,cRc,Beer,Samuel Adams,White Ale,Certified,Star-K,True,true,no_evidence,True,False,True,False,Certified when bearing the Star-K logo,cRc certifies this ONLY when the package bears the Star-K logo.,https://consumer.crckosher.org/liquor/full-liquor-list/,"cRc full liquor list, table row 473 (category column = Beer)",2026-08-11,verified_against_current_official_source
CRC-row474,cRc,Beer,Samuel Adams,Winter Lager,Certified,Star-K,True,true,no_evidence,True,False,True,False,Certified when bearing the Star-K logo,cRc certifies this ONLY when the package bears the Star-K logo.,https://consumer.crckosher.org/liquor/full-liquor-list/,"cRc full liquor list, table row 474 (category column = Beer)",2026-08-11,verified_against_current_official_source
CRC-row475,cRc,Beer,Coopers,Sparkling Ale,Certified,Kosher Australia,True,false,no_evidence,False,True,False,False,,cRc lists this as Certified under Kosher Australia. Per cRc's legend a symbol is not required on the package; this does NOT prove the package is printed with one.,https://consumer.crckosher.org/liquor/full-liquor-list/,"cRc full liquor list, table row 475 (category column = Beer)",2026-08-11,verified_against_current_official_source
CRC-row476,cRc,Beer,Coopers,Best Extra Stout,Certified,Kosher Australia,True,false,no_evidence,False,True,False,False,,cRc lists this as Certified under Kosher Australia. Per cRc's legend a symbol is not required on the package; this does NOT prove the package is printed with one.,https://consumer.crckosher.org/liquor/full-liquor-list/,"cRc full liquor list, table row 476 (category column = Beer)",2026-08-11,verified_against_current_official_source
CRC-row477,cRc,Beer,Coopers,Premium Lager,Certified,Kosher Australia,True,false,no_evidence,False,True,False,False,,cRc lists this as Certified under Kosher Australia. Per cRc's legend a symbol is not required on the package; this does NOT prove the package is printed with one.,https://consumer.crckosher.org/liquor/full-liquor-list/,"cRc full liquor list, table row 477 (category column = Beer)",2026-08-11,verified_against_current_official_source
CRC-row478,cRc,Beer,Deschutes,Black Butte Porter,Certified,Star-K,True,true,no_evidence,True,False,True,False,Certified when bearing the Star-K logo,cRc certifies this ONLY when the package bears the Star-K logo.,https://consumer.crckosher.org/liquor/full-liquor-list/,"cRc full liquor list, table row 478 (category column = Beer)",2026-08-11,verified_against_current_official_source
CRC-row479,cRc,Beer,Deschutes,Chasin' Freshies,Certified,Star-K,True,true,no_evidence,True,False,True,False,Certified when bearing the Star-K logo,cRc certifies this ONLY when the package bears the Star-K logo.,https://consumer.crckosher.org/liquor/full-liquor-list/,"cRc full liquor list, table row 479 (category column = Beer)",2026-08-11,verified_against_current_official_source
CRC-row480,cRc,Beer,Deschutes,Fresh Haze IPA,Certified,Star-K,True,true,no_evidence,True,False,True,False,Certified when bearing the Star-K logo,cRc certifies this ONLY when the package bears the Star-K logo.,https://consumer.crckosher.org/liquor/full-liquor-list/,"cRc full liquor list, table row 480 (category column = Beer)",2026-08-11,verified_against_current_official_source
CRC-row481,cRc,Beer,Deschutes,Fresh Squeezed IPA,Certified,Star-K,True,true,no_evidence,True,False,True,False,Certified when bearing the Star-K logo,cRc certifies this ONLY when the package bears the Star-K logo.,https://consumer.crckosher.org/liquor/full-liquor-list/,"cRc full liquor list, table row 481 (category column = Beer)",2026-08-11,verified_against_current_official_source
CRC-row482,cRc,Beer,Coopers,Home Brew Kits,Acceptable (not certified),,False,false,no_evidence,False,True,False,False,Many products certified by Kosher Australia. Contact the hashgacha for further details.,cRc lists this as acceptable without certification.,https://consumer.crckosher.org/liquor/full-liquor-list/,"cRc full liquor list, table row 482 (category column = Beer)",2026-08-11,verified_against_current_official_source
CRC-row483,cRc,Beer,Deschutes,Jubelale,Certified,Star-K,True,true,no_evidence,True,False,True,False,Certified when bearing the Star-K logo,cRc certifies this ONLY when the package bears the Star-K logo.,https://consumer.crckosher.org/liquor/full-liquor-list/,"cRc full liquor list, table row 483 (category column = Beer)",2026-08-11,verified_against_current_official_source
CRC-row484,cRc,Beer,Deschutes,King Crispy,Certified,Star-K,True,true,no_evidence,True,False,True,False,Certified when bearing the Star-K logo,cRc certifies this ONLY when the package bears the Star-K logo.,https://consumer.crckosher.org/liquor/full-liquor-list/,"cRc full liquor list, table row 484 (category column = Beer)",2026-08-11,verified_against_current_official_source
CRC-row485,cRc,Beer,Deschutes,Mirror Pond Pale Ale,Certified,Star-K,True,true,no_evidence,True,False,True,False,Certified when bearing the Star-K logo,cRc certifies this ONLY when the package bears the Star-K logo.,https://consumer.crckosher.org/liquor/full-liquor-list/,"cRc full liquor list, table row 485 (category column = Beer)",2026-08-11,verified_against_current_official_source
CRC-row486,cRc,Beer,Deschutes,Obsidian Stout,Certified,Star-K,True,true,no_evidence,True,False,True,False,Certified when bearing the Star-K logo,cRc certifies this ONLY when the package bears the Star-K logo.,https://consumer.crckosher.org/liquor/full-liquor-list/,"cRc full liquor list, table row 486 (category column = Beer)",2026-08-11,verified_against_current_official_source
CRC-row487,cRc,Beer,Deschutes,Raspberry Black Butte Porter,Certified,Star-K,True,true,no_evidence,True,False,True,False,Certified when bearing the Star-K logo,cRc certifies this ONLY when the package bears the Star-K logo.,https://consumer.crckosher.org/liquor/full-liquor-list/,"cRc full liquor list, table row 487 (category column = Beer)",2026-08-11,verified_against_current_official_source
CRC-row488,cRc,Beer,Deschutes,Red Chair,Certified,Star-K,True,true,no_evidence,True,False,True,False,Certified when bearing the Star-K logo,cRc certifies this ONLY when the package bears the Star-K logo.,https://consumer.crckosher.org/liquor/full-liquor-list/,"cRc full liquor list, table row 488 (category column = Beer)",2026-08-11,verified_against_current_official_source
CRC-row489,cRc,Beer,Deschutes,Royal Fresh,Certified,Star-K,True,true,no_evidence,True,False,True,False,Certified when bearing the Star-K logo,cRc certifies this ONLY when the package bears the Star-K logo.,https://consumer.crckosher.org/liquor/full-liquor-list/,"cRc full liquor list, table row 489 (category column = Beer)",2026-08-11,verified_against_current_official_source
CRC-row490,cRc,Beer,Deschutes,RPM,Certified,Star-K,True,true,no_evidence,True,False,True,False,Certified when bearing the Star-K logo,cRc certifies this ONLY when the package bears the Star-K logo.,https://consumer.crckosher.org/liquor/full-liquor-list/,"cRc full liquor list, table row 490 (category column = Beer)",2026-08-11,verified_against_current_official_source
CRC-row491,cRc,Beer,Deschutes,Tropical Fresh IPA,Certified,Star-K,True,true,no_evidence,True,False,True,False,Certified when bearing the Star-K logo,cRc certifies this ONLY when the package bears the Star-K logo.,https://consumer.crckosher.org/liquor/full-liquor-list/,"cRc full liquor list, table row 491 (category column = Beer)",2026-08-11,verified_against_current_official_source
CRC-row492,cRc,Beer,Budweiser,Zero,Not Recommended,,False,,no_evidence,False,False,False,True,,"cRc lists this as ""Not Recommended"". Do not use it.",https://consumer.crckosher.org/liquor/full-liquor-list/,"cRc full liquor list, table row 492 (category column = Beer)",2026-08-11,verified_against_current_official_source
CRC-row493,cRc,Beer,Icehouse,Icehouse Edge,Certified,OU,True,true,no_evidence,True,False,True,False,Certified when bearing the OU logo,cRc certifies this ONLY when the package bears the OU logo.,https://consumer.crckosher.org/liquor/full-liquor-list/,"cRc full liquor list, table row 493 (category column = Beer)",2026-08-11,verified_against_current_official_source
CRC-row494,cRc,Beer,Keystone,Light Lime,Certified,OU,True,true,no_evidence,True,False,True,False,Certified when bearing the OU logo,cRc certifies this ONLY when the package bears the OU logo.,https://consumer.crckosher.org/liquor/full-liquor-list/,"cRc full liquor list, table row 494 (category column = Beer)",2026-08-11,verified_against_current_official_source
CRC-row495,cRc,Beer,Leinenkugel,Berry Shandy,Certified,OU,True,true,no_evidence,True,False,True,False,Certified when bearing the OU logo,cRc certifies this ONLY when the package bears the OU logo.,https://consumer.crckosher.org/liquor/full-liquor-list/,"cRc full liquor list, table row 495 (category column = Beer)",2026-08-11,verified_against_current_official_source
CRC-row496,cRc,Beer,Leinenkugel,Berry Weiss,Certified,OU,True,true,no_evidence,True,False,True,False,Certified when bearing the OU logo,cRc certifies this ONLY when the package bears the OU logo.,https://consumer.crckosher.org/liquor/full-liquor-list/,"cRc full liquor list, table row 496 (category column = Beer)",2026-08-11,verified_against_current_official_source
CRC-row497,cRc,Beer,Leinenkugel,Hefeweizen,Certified,OU,True,true,no_evidence,True,False,True,False,Certified when bearing the OU logo,cRc certifies this ONLY when the package bears the OU logo.,https://consumer.crckosher.org/liquor/full-liquor-list/,"cRc full liquor list, table row 497 (category column = Beer)",2026-08-11,verified_against_current_official_source
CRC-row498,cRc,Beer,Leinenkugel,Juicy Peach,Certified,OU,True,true,no_evidence,True,False,True,False,Certified when bearing the OU logo,cRc certifies this ONLY when the package bears the OU logo.,https://consumer.crckosher.org/liquor/full-liquor-list/,"cRc full liquor list, table row 498 (category column = Beer)",2026-08-11,verified_against_current_official_source
CRC-row499,cRc,Beer,Mickey's,Fine Malt Liquor,Certified,OU,True,true,no_evidence,True,False,True,False,Certified when bearing the OU logo,cRc certifies this ONLY when the package bears the OU logo.,https://consumer.crckosher.org/liquor/full-liquor-list/,"cRc full liquor list, table row 499 (category column = Beer)",2026-08-11,verified_against_current_official_source
CRC-row500,cRc,Beer,Olde English 800,High Gravity Malt Liquor,Certified,OU,True,true,no_evidence,True,False,True,False,Certified when bearing the OU logo,cRc certifies this ONLY when the package bears the OU logo.,https://consumer.crckosher.org/liquor/full-liquor-list/,"cRc full liquor list, table row 500 (category column = Beer)",2026-08-11,verified_against_current_official_source
CRC-row501,cRc,Beer,Jailbreak Brewing,Belgo-Bleek Pale Ale,Certified,Star-K,True,true,no_evidence,True,False,True,False,Certified when bearing the Star-K logo,cRc certifies this ONLY when the package bears the Star-K logo.,https://consumer.crckosher.org/liquor/full-liquor-list/,"cRc full liquor list, table row 501 (category column = Beer)",2026-08-11,verified_against_current_official_source
CRC-row502,cRc,Beer,Jailbreak Brewing,Best Coast DIPA,Certified,Star-K,True,true,no_evidence,True,False,True,False,Certified when bearing the Star-K logo,cRc certifies this ONLY when the package bears the Star-K logo.,https://consumer.crckosher.org/liquor/full-liquor-list/,"cRc full liquor list, table row 502 (category column = Beer)",2026-08-11,verified_against_current_official_source
CRC-row503,cRc,Beer,Jailbreak Brewing,Boats and Hose Caribbean Lager,Certified,Star-K,True,true,no_evidence,True,False,True,False,Certified when bearing the Star-K logo,cRc certifies this ONLY when the package bears the Star-K logo.,https://consumer.crckosher.org/liquor/full-liquor-list/,"cRc full liquor list, table row 503 (category column = Beer)",2026-08-11,verified_against_current_official_source
CRC-row504,cRc,Beer,Jailbreak Brewing,Czech Amber Lager,Certified,Star-K,True,true,no_evidence,True,False,True,False,Certified when bearing the Star-K logo,cRc certifies this ONLY when the package bears the Star-K logo.,https://consumer.crckosher.org/liquor/full-liquor-list/,"cRc full liquor list, table row 504 (category column = Beer)",2026-08-11,verified_against_current_official_source
CRC-row505,cRc,Beer,Jailbreak Brewing,Czech Golden Lager,Certified,Star-K,True,true,no_evidence,True,False,True,False,Certified when bearing the Star-K logo,cRc certifies this ONLY when the package bears the Star-K logo.,https://consumer.crckosher.org/liquor/full-liquor-list/,"cRc full liquor list, table row 505 (category column = Beer)",2026-08-11,verified_against_current_official_source
CRC-row506,cRc,Beer,Jailbreak Brewing,Darkly Righteous Black IPA,Certified,Star-K,True,true,no_evidence,True,False,True,False,Certified when bearing the Star-K logo,cRc certifies this ONLY when the package bears the Star-K logo.,https://consumer.crckosher.org/liquor/full-liquor-list/,"cRc full liquor list, table row 506 (category column = Beer)",2026-08-11,verified_against_current_official_source
CRC-row507,cRc,Beer,Jailbreak Brewing,Grumpy Old Men Amber Lager,Certified,Star-K,True,true,no_evidence,True,False,True,False,Certified when bearing the Star-K logo,cRc certifies this ONLY when the package bears the Star-K logo.,https://consumer.crckosher.org/liquor/full-liquor-list/,"cRc full liquor list, table row 507 (category column = Beer)",2026-08-11,verified_against_current_official_source
CRC-row508,cRc,Beer,Jailbreak Brewing,Helles Lager,Certified,Star-K,True,true,no_evidence,True,False,True,False,Certified when bearing the Star-K logo,cRc certifies this ONLY when the package bears the Star-K logo.,https://consumer.crckosher.org/liquor/full-liquor-list/,"cRc full liquor list, table row 508 (category column = Beer)",2026-08-11,verified_against_current_official_source
CRC-row509,cRc,Beer,Jailbreak Brewing,Too Tall and Half Naked,Certified,Star-K,True,true,no_evidence,True,False,True,False,Certified when bearing the Star-K logo,cRc certifies this ONLY when the package bears the Star-K logo.,https://consumer.crckosher.org/liquor/full-liquor-list/,"cRc full liquor list, table row 509 (category column = Beer)",2026-08-11,verified_against_current_official_source
CRC-row510,cRc,Beer,Matt Brewing,Jed's Mexican Mule,Certified,KCOR,True,false,no_evidence,False,True,False,False,,cRc lists this as Certified under KCOR. Per cRc's legend a symbol is not required on the package; this does NOT prove the package is printed with one.,https://consumer.crckosher.org/liquor/full-liquor-list/,"cRc full liquor list, table row 510 (category column = Beer)",2026-08-11,verified_against_current_official_source
CRC-row511,cRc,Beer,Matt Brewing,McKenzie's Black Cherry,Certified,KCOR,True,false,no_evidence,False,True,False,False,,cRc lists this as Certified under KCOR. Per cRc's legend a symbol is not required on the package; this does NOT prove the package is printed with one.,https://consumer.crckosher.org/liquor/full-liquor-list/,"cRc full liquor list, table row 511 (category column = Beer)",2026-08-11,verified_against_current_official_source
CRC-row512,cRc,Beer,Matt Brewing,McKenzie's Original,Certified,KCOR,True,false,no_evidence,False,True,False,False,,cRc lists this as Certified under KCOR. Per cRc's legend a symbol is not required on the package; this does NOT prove the package is printed with one.,https://consumer.crckosher.org/liquor/full-liquor-list/,"cRc full liquor list, table row 512 (category column = Beer)",2026-08-11,verified_against_current_official_source
CRC-row513,cRc,Beer,Matt Brewing,McKenzie's Pineapple,Certified,KCOR,True,false,no_evidence,False,True,False,False,,cRc lists this as Certified under KCOR. Per cRc's legend a symbol is not required on the package; this does NOT prove the package is printed with one.,https://consumer.crckosher.org/liquor/full-liquor-list/,"cRc full liquor list, table row 513 (category column = Beer)",2026-08-11,verified_against_current_official_source
CRC-row514,cRc,Beer,Matt Brewing,McKenzie's Pumpkin Jack,Certified,KCOR,True,false,no_evidence,False,True,False,False,,cRc lists this as Certified under KCOR. Per cRc's legend a symbol is not required on the package; this does NOT prove the package is printed with one.,https://consumer.crckosher.org/liquor/full-liquor-list/,"cRc full liquor list, table row 514 (category column = Beer)",2026-08-11,verified_against_current_official_source
CRC-row515,cRc,Beer,Matt Brewing,McKenzie's Peach Mango,Certified,KCOR,True,false,no_evidence,False,True,False,False,,cRc lists this as Certified under KCOR. Per cRc's legend a symbol is not required on the package; this does NOT prove the package is printed with one.,https://consumer.crckosher.org/liquor/full-liquor-list/,"cRc full liquor list, table row 515 (category column = Beer)",2026-08-11,verified_against_current_official_source
CRC-row516,cRc,Beer,Matt Brewing,Saranac Citrus Freeze,Certified,KCOR,True,false,no_evidence,False,True,False,False,,cRc lists this as Certified under KCOR. Per cRc's legend a symbol is not required on the package; this does NOT prove the package is printed with one.,https://consumer.crckosher.org/liquor/full-liquor-list/,"cRc full liquor list, table row 516 (category column = Beer)",2026-08-11,verified_against_current_official_source
CRC-row517,cRc,Beer,Matt Brewing,Saranac Honey Pils,Certified,KCOR,True,false,no_evidence,False,True,False,False,,cRc lists this as Certified under KCOR. Per cRc's legend a symbol is not required on the package; this does NOT prove the package is printed with one.,https://consumer.crckosher.org/liquor/full-liquor-list/,"cRc full liquor list, table row 517 (category column = Beer)",2026-08-11,verified_against_current_official_source
CRC-row518,cRc,Beer,Shiner,Kosmos Reserve,Certified,KCOR,True,false,no_evidence,False,True,False,False,,cRc lists this as Certified under KCOR. Per cRc's legend a symbol is not required on the package; this does NOT prove the package is printed with one.,https://consumer.crckosher.org/liquor/full-liquor-list/,"cRc full liquor list, table row 518 (category column = Beer)",2026-08-11,verified_against_current_official_source
CRC-row519,cRc,Beer,Shiner,Red River Ale,Certified,KCOR,True,false,no_evidence,False,True,False,False,,cRc lists this as Certified under KCOR. Per cRc's legend a symbol is not required on the package; this does NOT prove the package is printed with one.,https://consumer.crckosher.org/liquor/full-liquor-list/,"cRc full liquor list, table row 519 (category column = Beer)",2026-08-11,verified_against_current_official_source
CRC-row520,cRc,Beer,Samuel Adams,Adventure Lager,Certified,Star-K,True,true,no_evidence,True,False,True,False,Certified when bearing the Star-K logo,cRc certifies this ONLY when the package bears the Star-K logo.,https://consumer.crckosher.org/liquor/full-liquor-list/,"cRc full liquor list, table row 520 (category column = Beer)",2026-08-11,verified_against_current_official_source
CRC-row521,cRc,Beer,Samuel Adams,Alpine Lager,Certified,Star-K,True,true,no_evidence,True,False,True,False,Certified when bearing the Star-K logo,cRc certifies this ONLY when the package bears the Star-K logo.,https://consumer.crckosher.org/liquor/full-liquor-list/,"cRc full liquor list, table row 521 (category column = Beer)",2026-08-11,verified_against_current_official_source
CRC-row522,cRc,Beer,Samuel Adams,American IPA,Certified,Star-K,True,true,no_evidence,True,False,True,False,Certified when bearing the Star-K logo,cRc certifies this ONLY when the package bears the Star-K logo.,https://consumer.crckosher.org/liquor/full-liquor-list/,"cRc full liquor list, table row 522 (category column = Beer)",2026-08-11,verified_against_current_official_source
CRC-row523,cRc,Beer,Samuel Adams,Beach Session IPA,Certified,Star-K,True,true,no_evidence,True,False,True,False,Certified when bearing the Star-K logo,cRc certifies this ONLY when the package bears the Star-K logo.,https://consumer.crckosher.org/liquor/full-liquor-list/,"cRc full liquor list, table row 523 (category column = Beer)",2026-08-11,verified_against_current_official_source
CRC-row524,cRc,Beer,Samuel Adams,Boston Lager,Certified,Star-K,True,true,no_evidence,True,False,True,False,Certified when bearing the Star-K logo,cRc certifies this ONLY when the package bears the Star-K logo.,https://consumer.crckosher.org/liquor/full-liquor-list/,"cRc full liquor list, table row 524 (category column = Beer)",2026-08-11,verified_against_current_official_source
CRC-row525,cRc,Beer,Samuel Adams,Brick Red,Certified,Star-K,True,true,no_evidence,True,False,True,False,Certified when bearing the Star-K logo,cRc certifies this ONLY when the package bears the Star-K logo.,https://consumer.crckosher.org/liquor/full-liquor-list/,"cRc full liquor list, table row 525 (category column = Beer)",2026-08-11,verified_against_current_official_source
CRC-row526,cRc,Beer,Samuel Adams,Cherry Wheat,Certified,Star-K,True,true,no_evidence,True,False,True,False,Certified when bearing the Star-K logo,cRc certifies this ONLY when the package bears the Star-K logo.,https://consumer.crckosher.org/liquor/full-liquor-list/,"cRc full liquor list, table row 526 (category column = Beer)",2026-08-11,verified_against_current_official_source
CRC-row527,cRc,Beer,Samuel Adams,Cold IPA,Certified,Star-K,True,true,no_evidence,True,False,True,False,Certified when bearing the Star-K logo,cRc certifies this ONLY when the package bears the Star-K logo.,https://consumer.crckosher.org/liquor/full-liquor-list/,"cRc full liquor list, table row 527 (category column = Beer)",2026-08-11,verified_against_current_official_source
CRC-row528,cRc,Beer,Samuel Adams,David's Pilsner,Certified,Star-K,True,true,no_evidence,True,False,True,False,Certified when bearing the Star-K logo,cRc certifies this ONLY when the package bears the Star-K logo.,https://consumer.crckosher.org/liquor/full-liquor-list/,"cRc full liquor list, table row 528 (category column = Beer)",2026-08-11,verified_against_current_official_source
CRC-row529,cRc,Beer,Samuel Adams,Epic Squeeze Berry,Certified,Star-K,True,true,no_evidence,True,False,True,False,Certified when bearing the Star-K logo,cRc certifies this ONLY when the package bears the Star-K logo.,https://consumer.crckosher.org/liquor/full-liquor-list/,"cRc full liquor list, table row 529 (category column = Beer)",2026-08-11,verified_against_current_official_source
CRC-row530,cRc,Beer,Samuel Adams,Epic Squeeze Citrus,Certified,Star-K,True,true,no_evidence,True,False,True,False,Certified when bearing the Star-K logo,cRc certifies this ONLY when the package bears the Star-K logo.,https://consumer.crckosher.org/liquor/full-liquor-list/,"cRc full liquor list, table row 530 (category column = Beer)",2026-08-11,verified_against_current_official_source
CRC-row531,cRc,Beer,Samuel Adams,Epic Squeeze Mango,Certified,Star-K,True,true,no_evidence,True,False,True,False,Certified when bearing the Star-K logo,cRc certifies this ONLY when the package bears the Star-K logo.,https://consumer.crckosher.org/liquor/full-liquor-list/,"cRc full liquor list, table row 531 (category column = Beer)",2026-08-11,verified_against_current_official_source
CRC-row532,cRc,Beer,Samuel Adams,Epic Squeeze Tropical,Certified,Star-K,True,true,no_evidence,True,False,True,False,Certified when bearing the Star-K logo,cRc certifies this ONLY when the package bears the Star-K logo.,https://consumer.crckosher.org/liquor/full-liquor-list/,"cRc full liquor list, table row 532 (category column = Beer)",2026-08-11,verified_against_current_official_source
CRC-row533,cRc,Beer,Samuel Adams,Festbier,Certified,Star-K,True,true,no_evidence,True,False,True,False,Certified when bearing the Star-K logo,cRc certifies this ONLY when the package bears the Star-K logo.,https://consumer.crckosher.org/liquor/full-liquor-list/,"cRc full liquor list, table row 533 (category column = Beer)",2026-08-11,verified_against_current_official_source
CRC-row534,cRc,Beer,Samuel Adams,Flannel Fest,Certified,Star-K,True,true,no_evidence,True,False,True,False,Certified when bearing the Star-K logo,cRc certifies this ONLY when the package bears the Star-K logo.,https://consumer.crckosher.org/liquor/full-liquor-list/,"cRc full liquor list, table row 534 (category column = Beer)",2026-08-11,verified_against_current_official_source
CRC-row535,cRc,Beer,Samuel Adams,Golden Goat,Certified,Star-K,True,true,no_evidence,True,False,True,False,Certified when bearing the Star-K logo,cRc certifies this ONLY when the package bears the Star-K logo.,https://consumer.crckosher.org/liquor/full-liquor-list/,"cRc full liquor list, table row 535 (category column = Beer)",2026-08-11,verified_against_current_official_source
CRC-row536,cRc,Beer,Samuel Adams,Golden Pilsner,Certified,Star-K,True,true,no_evidence,True,False,True,False,Certified when bearing the Star-K logo,cRc certifies this ONLY when the package bears the Star-K logo.,https://consumer.crckosher.org/liquor/full-liquor-list/,"cRc full liquor list, table row 536 (category column = Beer)",2026-08-11,verified_against_current_official_source
CRC-row537,cRc,Beer,Samuel Adams,Holiday White Ale,Certified,Star-K,True,true,no_evidence,True,False,True,False,Certified when bearing the Star-K logo,cRc certifies this ONLY when the package bears the Star-K logo.,https://consumer.crckosher.org/liquor/full-liquor-list/,"cRc full liquor list, table row 537 (category column = Beer)",2026-08-11,verified_against_current_official_source
CRC-row538,cRc,Beer,Samuel Adams,Hoppy Lager,Certified,Star-K,True,true,no_evidence,True,False,True,False,Certified when bearing the Star-K logo,cRc certifies this ONLY when the package bears the Star-K logo.,https://consumer.crckosher.org/liquor/full-liquor-list/,"cRc full liquor list, table row 538 (category column = Beer)",2026-08-11,verified_against_current_official_source
CRC-row539,cRc,Beer,Samuel Adams,Jack-O,Certified,Star-K,True,true,no_evidence,True,False,True,False,Certified when bearing the Star-K logo,cRc certifies this ONLY when the package bears the Star-K logo.,https://consumer.crckosher.org/liquor/full-liquor-list/,"cRc full liquor list, table row 539 (category column = Beer)",2026-08-11,verified_against_current_official_source
CRC-row540,cRc,Beer,Samuel Adams,Just The Haze,Certified,Star-K,True,true,no_evidence,True,False,True,False,Certified when bearing the Star-K logo,cRc certifies this ONLY when the package bears the Star-K logo.,https://consumer.crckosher.org/liquor/full-liquor-list/,"cRc full liquor list, table row 540 (category column = Beer)",2026-08-11,verified_against_current_official_source
CRC-row541,cRc,Beer,Samuel Adams,Love Conquers Ale,Certified,Star-K,True,true,no_evidence,True,False,True,False,Certified when bearing the Star-K logo,cRc certifies this ONLY when the package bears the Star-K logo.,https://consumer.crckosher.org/liquor/full-liquor-list/,"cRc full liquor list, table row 541 (category column = Beer)",2026-08-11,verified_against_current_official_source
CRC-row542,cRc,Beer,Samuel Adams,Reunion IPA,Certified,Star-K,True,true,no_evidence,True,False,True,False,Certified when bearing the Star-K logo,cRc certifies this ONLY when the package bears the Star-K logo.,https://consumer.crckosher.org/liquor/full-liquor-list/,"cRc full liquor list, table row 542 (category column = Beer)",2026-08-11,verified_against_current_official_source
CRC-row543,cRc,Beer,Samuel Adams,Summer Adventure Lager,Certified,Star-K,True,true,no_evidence,True,False,True,False,Certified when bearing the Star-K logo,cRc certifies this ONLY when the package bears the Star-K logo.,https://consumer.crckosher.org/liquor/full-liquor-list/,"cRc full liquor list, table row 543 (category column = Beer)",2026-08-11,verified_against_current_official_source
CRC-row544,cRc,Beer,Samuel Adams,Take A Day IPA,Certified,Star-K,True,true,no_evidence,True,False,True,False,Certified when bearing the Star-K logo,cRc certifies this ONLY when the package bears the Star-K logo.,https://consumer.crckosher.org/liquor/full-liquor-list/,"cRc full liquor list, table row 544 (category column = Beer)",2026-08-11,verified_against_current_official_source
CRC-row545,cRc,Beer,Samuel Adams,Tropical Wheat,Certified,Star-K,True,true,no_evidence,True,False,True,False,Certified when bearing the Star-K logo,cRc certifies this ONLY when the package bears the Star-K logo.,https://consumer.crckosher.org/liquor/full-liquor-list/,"cRc full liquor list, table row 545 (category column = Beer)",2026-08-11,verified_against_current_official_source
CRC-row546,cRc,Beer,Samuel Adams,Wicked Double,Certified,Star-K,True,true,no_evidence,True,False,True,False,Certified when bearing the Star-K logo,cRc certifies this ONLY when the package bears the Star-K logo.,https://consumer.crckosher.org/liquor/full-liquor-list/,"cRc full liquor list, table row 546 (category column = Beer)",2026-08-11,verified_against_current_official_source
CRC-row547,cRc,Beer,Samuel Adams,Wicked Easy,Certified,Star-K,True,true,no_evidence,True,False,True,False,Certified when bearing the Star-K logo,cRc certifies this ONLY when the package bears the Star-K logo.,https://consumer.crckosher.org/liquor/full-liquor-list/,"cRc full liquor list, table row 547 (category column = Beer)",2026-08-11,verified_against_current_official_source
CRC-row548,cRc,Beer,Samuel Adams,Wicked Fenway,Certified,Star-K,True,true,no_evidence,True,False,True,False,Certified when bearing the Star-K logo,cRc certifies this ONLY when the package bears the Star-K logo.,https://consumer.crckosher.org/liquor/full-liquor-list/,"cRc full liquor list, table row 548 (category column = Beer)",2026-08-11,verified_against_current_official_source
CRC-row549,cRc,Beer,Samuel Adams,Wicked Hazy,Certified,Star-K,True,true,no_evidence,True,False,True,False,Certified when bearing the Star-K logo,cRc certifies this ONLY when the package bears the Star-K logo.,https://consumer.crckosher.org/liquor/full-liquor-list/,"cRc full liquor list, table row 549 (category column = Beer)",2026-08-11,verified_against_current_official_source
CRC-row550,cRc,Beer,Samuel Adams,Wicked Tropical IPA,Certified,Star-K,True,true,no_evidence,True,False,True,False,Certified when bearing the Star-K logo,cRc certifies this ONLY when the package bears the Star-K logo.,https://consumer.crckosher.org/liquor/full-liquor-list/,"cRc full liquor list, table row 550 (category column = Beer)",2026-08-11,verified_against_current_official_source
CRC-row551,cRc,Beer,New Belgium,Holiday Ale,Certified,Scroll K,True,true,no_evidence,True,False,True,False,Certified when bearing the Scroll K logo,cRc certifies this ONLY when the package bears the Scroll K logo.,https://consumer.crckosher.org/liquor/full-liquor-list/,"cRc full liquor list, table row 551 (category column = Beer)",2026-08-11,verified_against_current_official_source
CRC-row552,cRc,Beer,New Belgium,Oakspire (2021-2022 Vintage),Certified,Scroll K,True,true,no_evidence,True,False,True,False,Certified when bearing the Scroll K logo,cRc certifies this ONLY when the package bears the Scroll K logo.,https://consumer.crckosher.org/liquor/full-liquor-list/,"cRc full liquor list, table row 552 (category column = Beer)",2026-08-11,verified_against_current_official_source
CRC-row553,cRc,Beer,New Belgium,Summer Lime Lager,Certified,Scroll K,True,true,no_evidence,True,False,True,False,Certified when bearing the Scroll K logo,cRc certifies this ONLY when the package bears the Scroll K logo.,https://consumer.crckosher.org/liquor/full-liquor-list/,"cRc full liquor list, table row 553 (category column = Beer)",2026-08-11,verified_against_current_official_source
CRC-row554,cRc,Beer,New Belgium,Trippel Cinnamon Citrus,Certified,Scroll K,True,true,no_evidence,True,False,True,False,Certified when bearing the Scroll K logo,cRc certifies this ONLY when the package bears the Scroll K logo.,https://consumer.crckosher.org/liquor/full-liquor-list/,"cRc full liquor list, table row 554 (category column = Beer)",2026-08-11,verified_against_current_official_source
CRC-row555,cRc,Beer,New Belgium,Voodoo Ranger Atomic Citrus,Certified,Scroll K,True,true,no_evidence,True,False,True,False,Certified when bearing the Scroll K logo,cRc certifies this ONLY when the package bears the Scroll K logo.,https://consumer.crckosher.org/liquor/full-liquor-list/,"cRc full liquor list, table row 555 (category column = Beer)",2026-08-11,verified_against_current_official_source
CRC-row556,cRc,Beer,New Belgium,Voodoo Ranger Cashmerize IPA,Certified,Scroll K,True,true,no_evidence,True,False,True,False,Certified when bearing the Scroll K logo,cRc certifies this ONLY when the package bears the Scroll K logo.,https://consumer.crckosher.org/liquor/full-liquor-list/,"cRc full liquor list, table row 556 (category column = Beer)",2026-08-11,verified_against_current_official_source
CRC-row557,cRc,Beer,New Belgium,Voodoo Ranger Cryo Ranger IPA,Certified,Scroll K,True,true,no_evidence,True,False,True,False,Certified when bearing the Scroll K logo,cRc certifies this ONLY when the package bears the Scroll K logo.,https://consumer.crckosher.org/liquor/full-liquor-list/,"cRc full liquor list, table row 557 (category column = Beer)",2026-08-11,verified_against_current_official_source
CRC-row558,cRc,Beer,New Belgium,Voodoo Ranger Danger Beach IPA,Certified,Scroll K,True,true,no_evidence,True,False,True,False,Certified when bearing the Scroll K logo,cRc certifies this ONLY when the package bears the Scroll K logo.,https://consumer.crckosher.org/liquor/full-liquor-list/,"cRc full liquor list, table row 558 (category column = Beer)",2026-08-11,verified_against_current_official_source
CRC-row559,cRc,Beer,New Belgium,Voodoo Ranger Fruit Force IPA,Certified,Scroll K,True,true,no_evidence,True,False,True,False,Certified when bearing the Scroll K logo,cRc certifies this ONLY when the package bears the Scroll K logo.,https://consumer.crckosher.org/liquor/full-liquor-list/,"cRc full liquor list, table row 559 (category column = Beer)",2026-08-11,verified_against_current_official_source
CRC-row560,cRc,Beer,New Belgium,Voodoo Ranger Haze Glare IPA,Certified,Scroll K,True,true,no_evidence,True,False,True,False,Certified when bearing the Scroll K logo,cRc certifies this ONLY when the package bears the Scroll K logo.,https://consumer.crckosher.org/liquor/full-liquor-list/,"cRc full liquor list, table row 560 (category column = Beer)",2026-08-11,verified_against_current_official_source
CRC-row561,cRc,Beer,New Belgium,Voodoo Ranger Hop Raider IPA,Certified,Scroll K,True,true,no_evidence,True,False,True,False,Certified when bearing the Scroll K logo,cRc certifies this ONLY when the package bears the Scroll K logo.,https://consumer.crckosher.org/liquor/full-liquor-list/,"cRc full liquor list, table row 561 (category column = Beer)",2026-08-11,verified_against_current_official_source
CRC-row562,cRc,Beer,New Belgium,Voodoo Ranger Voodoo Vice IPA,Certified,Scroll K,True,true,no_evidence,True,False,True,False,Certified when bearing the Scroll K logo,cRc certifies this ONLY when the package bears the Scroll K logo.,https://consumer.crckosher.org/liquor/full-liquor-list/,"cRc full liquor list, table row 562 (category column = Beer)",2026-08-11,verified_against_current_official_source
CRC-row563,cRc,Beer,New Belgium,Voodoo Ranger Xperimental IPA,Certified,Scroll K,True,true,no_evidence,True,False,True,False,Certified when bearing the Scroll K logo,cRc certifies this ONLY when the package bears the Scroll K logo.,https://consumer.crckosher.org/liquor/full-liquor-list/,"cRc full liquor list, table row 563 (category column = Beer)",2026-08-11,verified_against_current_official_source
CRC-row564,cRc,Beer,New Belgium,Wild Nectar Passionfruit Lime,Certified,Scroll K,True,true,no_evidence,True,False,True,False,Certified when bearing the Scroll K logo,cRc certifies this ONLY when the package bears the Scroll K logo.,https://consumer.crckosher.org/liquor/full-liquor-list/,"cRc full liquor list, table row 564 (category column = Beer)",2026-08-11,verified_against_current_official_source
CRC-row565,cRc,Beer,New Belgium,Wild Nectar Passionfruit Orange Mango,Certified,Scroll K,True,true,no_evidence,True,False,True,False,Certified when bearing the Scroll K logo,cRc certifies this ONLY when the package bears the Scroll K logo.,https://consumer.crckosher.org/liquor/full-liquor-list/,"cRc full liquor list, table row 565 (category column = Beer)",2026-08-11,verified_against_current_official_source
CRC-row566,cRc,Beer,New Belgium,Wild Nectar Strawberry Guava,Certified,Scroll K,True,true,no_evidence,True,False,True,False,Certified when bearing the Scroll K logo,cRc certifies this ONLY when the package bears the Scroll K logo.,https://consumer.crckosher.org/liquor/full-liquor-list/,"cRc full liquor list, table row 566 (category column = Beer)",2026-08-11,verified_against_current_official_source
CRC-row567,cRc,Beer,Maine Beer Company,All Varieties,Not Recommended,,False,,no_evidence,False,False,False,True,,"cRc lists this as ""Not Recommended"". Do not use it.",https://consumer.crckosher.org/liquor/full-liquor-list/,"cRc full liquor list, table row 567 (category column = Beer)",2026-08-11,verified_against_current_official_source
CRC-row568,cRc,Beer,Brix City Brewing,All Varieties,Not Recommended,,False,,no_evidence,False,False,False,True,,"cRc lists this as ""Not Recommended"". Do not use it.",https://consumer.crckosher.org/liquor/full-liquor-list/,"cRc full liquor list, table row 568 (category column = Beer)",2026-08-11,verified_against_current_official_source
CRC-row569,cRc,Beer,Gordon Biersch Brewing Company- San Jose,Betty Buzz Ginger Beer,Certified,KCOR,True,false,no_evidence,False,True,False,False,,cRc lists this as Certified under KCOR. Per cRc's legend a symbol is not required on the package; this does NOT prove the package is printed with one.,https://consumer.crckosher.org/liquor/full-liquor-list/,"cRc full liquor list, table row 569 (category column = Beer)",2026-08-11,verified_against_current_official_source
CRC-row570,cRc,Beer,Stella Artois,Zero Alcohol,Not Recommended,,False,,no_evidence,False,False,False,True,,"cRc lists this as ""Not Recommended"". Do not use it.",https://consumer.crckosher.org/liquor/full-liquor-list/,"cRc full liquor list, table row 570 (category column = Beer)",2026-08-11,verified_against_current_official_source
CRC-row571,cRc,Beer,Fort Point Brewing,KSA Kolsch Style Ale,Certified,KCOR,True,false,no_evidence,False,True,False,False,when the date code on bottom of can or bottle is printed in yellow ink:,cRc lists this as Certified under KCOR. Per cRc's legend a symbol is not required on the package; this does NOT prove the package is printed with one.,https://consumer.crckosher.org/liquor/full-liquor-list/,"cRc full liquor list, table row 571 (category column = Beer)",2026-08-11,verified_against_current_official_source
CRC-row572,cRc,Beer,North Coast Brewing Company- San Jose,Old Rasputin Russian Imperial Stout,Certified,KCOR,True,false,no_evidence,False,True,False,False,when the date code on bottom of can or bottle is printed in yellow ink:,cRc lists this as Certified under KCOR. Per cRc's legend a symbol is not required on the package; this does NOT prove the package is printed with one.,https://consumer.crckosher.org/liquor/full-liquor-list/,"cRc full liquor list, table row 572 (category column = Beer)",2026-08-11,verified_against_current_official_source
CRC-row573,cRc,Beer,Owen's,Ginger Beer,Certified,KCOR,True,false,no_evidence,False,True,False,False,when the date code on bottom of can or bottle is printed in yellow ink:,cRc lists this as Certified under KCOR. Per cRc's legend a symbol is not required on the package; this does NOT prove the package is printed with one.,https://consumer.crckosher.org/liquor/full-liquor-list/,"cRc full liquor list, table row 573 (category column = Beer)",2026-08-11,verified_against_current_official_source
CRC-row574,cRc,Beer,North Coast Brewing Company- San Jose,Scrimshaw Pilsner,Certified,KCOR,True,false,no_evidence,False,True,False,False,when the date code on bottom of can or bottle is printed in yellow ink:,cRc lists this as Certified under KCOR. Per cRc's legend a symbol is not required on the package; this does NOT prove the package is printed with one.,https://consumer.crckosher.org/liquor/full-liquor-list/,"cRc full liquor list, table row 574 (category column = Beer)",2026-08-11,verified_against_current_official_source
CRC-row575,cRc,Beer,Fort Point Brewing,Villager,Certified,KCOR,True,false,no_evidence,False,True,False,False,when the date code on bottom of can or bottle is printed in yellow ink:,cRc lists this as Certified under KCOR. Per cRc's legend a symbol is not required on the package; this does NOT prove the package is printed with one.,https://consumer.crckosher.org/liquor/full-liquor-list/,"cRc full liquor list, table row 575 (category column = Beer)",2026-08-11,verified_against_current_official_source
CRC-row576,cRc,Beer,Matt Brewing,Saranac Ruby Red Ale,Certified,KCOR,True,false,no_evidence,False,True,False,False,,cRc lists this as Certified under KCOR. Per cRc's legend a symbol is not required on the package; this does NOT prove the package is printed with one.,https://consumer.crckosher.org/liquor/full-liquor-list/,"cRc full liquor list, table row 576 (category column = Beer)",2026-08-11,verified_against_current_official_source
CRC-row577,cRc,Beer,Boulevard,Un?ltered Wheat beer,Certified,VHKC,True,false,no_evidence,False,True,False,False,,cRc lists this as Certified under VHKC. Per cRc's legend a symbol is not required on the package; this does NOT prove the package is printed with one.,https://consumer.crckosher.org/liquor/full-liquor-list/,"cRc full liquor list, table row 577 (category column = Beer)",2026-08-11,verified_against_current_official_source
CRC-row578,cRc,Beer,Boulevard,Pale Ale,Certified,VHKC,True,false,no_evidence,False,True,False,False,,cRc lists this as Certified under VHKC. Per cRc's legend a symbol is not required on the package; this does NOT prove the package is printed with one.,https://consumer.crckosher.org/liquor/full-liquor-list/,"cRc full liquor list, table row 578 (category column = Beer)",2026-08-11,verified_against_current_official_source
CRC-row579,cRc,Beer,Boulevard,Light,Certified,VHKC,True,false,no_evidence,False,True,False,False,,cRc lists this as Certified under VHKC. Per cRc's legend a symbol is not required on the package; this does NOT prove the package is printed with one.,https://consumer.crckosher.org/liquor/full-liquor-list/,"cRc full liquor list, table row 579 (category column = Beer)",2026-08-11,verified_against_current_official_source
CRC-row580,cRc,Beer,Boulevard,Single Wide IPA,Certified,VHKC,True,false,no_evidence,False,True,False,False,,cRc lists this as Certified under VHKC. Per cRc's legend a symbol is not required on the package; this does NOT prove the package is printed with one.,https://consumer.crckosher.org/liquor/full-liquor-list/,"cRc full liquor list, table row 580 (category column = Beer)",2026-08-11,verified_against_current_official_source
CRC-row581,cRc,Beer,Boulevard,Southwest BLVD,Certified,VHKC,True,false,no_evidence,False,True,False,False,,cRc lists this as Certified under VHKC. Per cRc's legend a symbol is not required on the package; this does NOT prove the package is printed with one.,https://consumer.crckosher.org/liquor/full-liquor-list/,"cRc full liquor list, table row 581 (category column = Beer)",2026-08-11,verified_against_current_official_source
CRC-row582,cRc,Beer,Boulevard,Lemon Wheat Non-Alcoholic,Certified,VHKC,True,false,no_evidence,False,True,False,False,,cRc lists this as Certified under VHKC. Per cRc's legend a symbol is not required on the package; this does NOT prove the package is printed with one.,https://consumer.crckosher.org/liquor/full-liquor-list/,"cRc full liquor list, table row 582 (category column = Beer)",2026-08-11,verified_against_current_official_source
CRC-row583,cRc,Beer,Boulevard,Crown Town,Certified,VHKC,True,false,no_evidence,False,True,False,False,,cRc lists this as Certified under VHKC. Per cRc's legend a symbol is not required on the package; this does NOT prove the package is printed with one.,https://consumer.crckosher.org/liquor/full-liquor-list/,"cRc full liquor list, table row 583 (category column = Beer)",2026-08-11,verified_against_current_official_source
CRC-row584,cRc,Beer,Boulevard,Teal Rising,Certified,VHKC,True,false,no_evidence,False,True,False,False,,cRc lists this as Certified under VHKC. Per cRc's legend a symbol is not required on the package; this does NOT prove the package is printed with one.,https://consumer.crckosher.org/liquor/full-liquor-list/,"cRc full liquor list, table row 584 (category column = Beer)",2026-08-11,verified_against_current_official_source
CRC-row585,cRc,Beer,Boulevard,Bou Lou,Certified,VHKC,True,false,no_evidence,False,True,False,False,,cRc lists this as Certified under VHKC. Per cRc's legend a symbol is not required on the package; this does NOT prove the package is printed with one.,https://consumer.crckosher.org/liquor/full-liquor-list/,"cRc full liquor list, table row 585 (category column = Beer)",2026-08-11,verified_against_current_official_source
CRC-row586,cRc,Beer,Boulevard,Nitro Dry Stout,Certified,VHKC,True,false,no_evidence,False,True,False,False,,cRc lists this as Certified under VHKC. Per cRc's legend a symbol is not required on the package; this does NOT prove the package is printed with one.,https://consumer.crckosher.org/liquor/full-liquor-list/,"cRc full liquor list, table row 586 (category column = Beer)",2026-08-11,verified_against_current_official_source
CRC-row587,cRc,Beer,Boulevard,Berry Noir,Certified,VHKC,True,false,no_evidence,False,True,False,False,,cRc lists this as Certified under VHKC. Per cRc's legend a symbol is not required on the package; this does NOT prove the package is printed with one.,https://consumer.crckosher.org/liquor/full-liquor-list/,"cRc full liquor list, table row 587 (category column = Beer)",2026-08-11,verified_against_current_official_source
CRC-row588,cRc,Beer,Boulevard,Tropic Slam,Certified,VHKC,True,false,no_evidence,False,True,False,False,,cRc lists this as Certified under VHKC. Per cRc's legend a symbol is not required on the package; this does NOT prove the package is printed with one.,https://consumer.crckosher.org/liquor/full-liquor-list/,"cRc full liquor list, table row 588 (category column = Beer)",2026-08-11,verified_against_current_official_source
CRC-row589,cRc,Beer,Boulevard,Fancy Livin',Certified,VHKC,True,false,no_evidence,False,True,False,False,,cRc lists this as Certified under VHKC. Per cRc's legend a symbol is not required on the package; this does NOT prove the package is printed with one.,https://consumer.crckosher.org/liquor/full-liquor-list/,"cRc full liquor list, table row 589 (category column = Beer)",2026-08-11,verified_against_current_official_source
CRC-row590,cRc,Beer,Boulevard,Irish Ale,Certified,VHKC,True,false,no_evidence,False,True,False,False,,cRc lists this as Certified under VHKC. Per cRc's legend a symbol is not required on the package; this does NOT prove the package is printed with one.,https://consumer.crckosher.org/liquor/full-liquor-list/,"cRc full liquor list, table row 590 (category column = Beer)",2026-08-11,verified_against_current_official_source
CRC-row591,cRc,Beer,Boulevard,Bob's '47,Certified,VHKC,True,false,no_evidence,False,True,False,False,,cRc lists this as Certified under VHKC. Per cRc's legend a symbol is not required on the package; this does NOT prove the package is printed with one.,https://consumer.crckosher.org/liquor/full-liquor-list/,"cRc full liquor list, table row 591 (category column = Beer)",2026-08-11,verified_against_current_official_source
CRC-row592,cRc,Beer,Boulevard,Nutcracker Ale,Certified,VHKC,True,false,no_evidence,False,True,False,False,,cRc lists this as Certified under VHKC. Per cRc's legend a symbol is not required on the package; this does NOT prove the package is printed with one.,https://consumer.crckosher.org/liquor/full-liquor-list/,"cRc full liquor list, table row 592 (category column = Beer)",2026-08-11,verified_against_current_official_source
CRC-row593,cRc,Beer,Boulevard,Space Camper Cosmic IPA,Certified,VHKC,True,false,no_evidence,False,True,False,False,,cRc lists this as Certified under VHKC. Per cRc's legend a symbol is not required on the package; this does NOT prove the package is printed with one.,https://consumer.crckosher.org/liquor/full-liquor-list/,"cRc full liquor list, table row 593 (category column = Beer)",2026-08-11,verified_against_current_official_source
CRC-row594,cRc,Beer,Boulevard,Space Camper Juice Nova,Certified,VHKC,True,false,no_evidence,False,True,False,False,,cRc lists this as Certified under VHKC. Per cRc's legend a symbol is not required on the package; this does NOT prove the package is printed with one.,https://consumer.crckosher.org/liquor/full-liquor-list/,"cRc full liquor list, table row 594 (category column = Beer)",2026-08-11,verified_against_current_official_source
CRC-row595,cRc,Beer,Boulevard,Space Camper Quantum Hop,Certified,VHKC,True,false,no_evidence,False,True,False,False,,cRc lists this as Certified under VHKC. Per cRc's legend a symbol is not required on the package; this does NOT prove the package is printed with one.,https://consumer.crckosher.org/liquor/full-liquor-list/,"cRc full liquor list, table row 595 (category column = Beer)",2026-08-11,verified_against_current_official_source
CRC-row596,cRc,Beer,Boulevard,Space Camper Chillbreak,Certified,VHKC,True,false,no_evidence,False,True,False,False,,cRc lists this as Certified under VHKC. Per cRc's legend a symbol is not required on the package; this does NOT prove the package is printed with one.,https://consumer.crckosher.org/liquor/full-liquor-list/,"cRc full liquor list, table row 596 (category column = Beer)",2026-08-11,verified_against_current_official_source
CRC-row597,cRc,Beer,Boulevard,Space Camper Non-Alcoholic,Certified,VHKC,True,false,no_evidence,False,True,False,False,,cRc lists this as Certified under VHKC. Per cRc's legend a symbol is not required on the package; this does NOT prove the package is printed with one.,https://consumer.crckosher.org/liquor/full-liquor-list/,"cRc full liquor list, table row 597 (category column = Beer)",2026-08-11,verified_against_current_official_source
CRC-row598,cRc,Beer,Boulevard,Space Camper Crater Raider,Certified,VHKC,True,false,no_evidence,False,True,False,False,,cRc lists this as Certified under VHKC. Per cRc's legend a symbol is not required on the package; this does NOT prove the package is printed with one.,https://consumer.crckosher.org/liquor/full-liquor-list/,"cRc full liquor list, table row 598 (category column = Beer)",2026-08-11,verified_against_current_official_source
CRC-row599,cRc,Beer,Boulevard,Space Camper Betty Bot,Certified,VHKC,True,false,no_evidence,False,True,False,False,,cRc lists this as Certified under VHKC. Per cRc's legend a symbol is not required on the package; this does NOT prove the package is printed with one.,https://consumer.crckosher.org/liquor/full-liquor-list/,"cRc full liquor list, table row 599 (category column = Beer)",2026-08-11,verified_against_current_official_source
CRC-row600,cRc,Beer,Boulevard,Space Camper Mother Omega,Certified,VHKC,True,false,no_evidence,False,True,False,False,,cRc lists this as Certified under VHKC. Per cRc's legend a symbol is not required on the package; this does NOT prove the package is printed with one.,https://consumer.crckosher.org/liquor/full-liquor-list/,"cRc full liquor list, table row 600 (category column = Beer)",2026-08-11,verified_against_current_official_source
CRC-row601,cRc,Beer,Boulevard,Space Camper Cryonic Crush,Certified,VHKC,True,false,no_evidence,False,True,False,False,,cRc lists this as Certified under VHKC. Per cRc's legend a symbol is not required on the package; this does NOT prove the package is printed with one.,https://consumer.crckosher.org/liquor/full-liquor-list/,"cRc full liquor list, table row 601 (category column = Beer)",2026-08-11,verified_against_current_official_source
CRC-row602,cRc,Beer,Boulevard,Space Camper Lt. Vic Vortex,Certified,VHKC,True,false,no_evidence,False,True,False,False,,cRc lists this as Certified under VHKC. Per cRc's legend a symbol is not required on the package; this does NOT prove the package is printed with one.,https://consumer.crckosher.org/liquor/full-liquor-list/,"cRc full liquor list, table row 602 (category column = Beer)",2026-08-11,verified_against_current_official_source
CRC-row603,cRc,Beer,Boulevard,Smokestack Series Tank 7 American Saison Ale,Certified,VHKC,True,false,no_evidence,False,True,False,False,,cRc lists this as Certified under VHKC. Per cRc's legend a symbol is not required on the package; this does NOT prove the package is printed with one.,https://consumer.crckosher.org/liquor/full-liquor-list/,"cRc full liquor list, table row 603 (category column = Beer)",2026-08-11,verified_against_current_official_source
CRC-row604,cRc,Beer,Boulevard,Smokestack Series Wood Baron,Certified,VHKC,True,false,no_evidence,False,True,False,False,,cRc lists this as Certified under VHKC. Per cRc's legend a symbol is not required on the package; this does NOT prove the package is printed with one.,https://consumer.crckosher.org/liquor/full-liquor-list/,"cRc full liquor list, table row 604 (category column = Beer)",2026-08-11,verified_against_current_official_source
CRC-row605,cRc,Beer,Boulevard,Smokestack Series Bourbon Barrel Quad,Certified,VHKC,True,false,no_evidence,False,True,False,False,,cRc lists this as Certified under VHKC. Per cRc's legend a symbol is not required on the package; this does NOT prove the package is printed with one.,https://consumer.crckosher.org/liquor/full-liquor-list/,"cRc full liquor list, table row 605 (category column = Beer)",2026-08-11,verified_against_current_official_source
CRC-row606,cRc,Beer,Boulevard,Smokestack Series Whiskey Barrel Stout,Certified,VHKC,True,false,no_evidence,False,True,False,False,,cRc lists this as Certified under VHKC. Per cRc's legend a symbol is not required on the package; this does NOT prove the package is printed with one.,https://consumer.crckosher.org/liquor/full-liquor-list/,"cRc full liquor list, table row 606 (category column = Beer)",2026-08-11,verified_against_current_official_source
CRC-row607,cRc,Beer,Boulevard,Smokestack Series Rye on Rye,Certified,VHKC,True,false,no_evidence,False,True,False,False,,cRc lists this as Certified under VHKC. Per cRc's legend a symbol is not required on the package; this does NOT prove the package is printed with one.,https://consumer.crckosher.org/liquor/full-liquor-list/,"cRc full liquor list, table row 607 (category column = Beer)",2026-08-11,verified_against_current_official_source
CRC-row608,cRc,Beer,Boulevard,Smokestack Series The Sixth Class Quadrupel,Certified,VHKC,True,false,no_evidence,False,True,False,False,,cRc lists this as Certified under VHKC. Per cRc's legend a symbol is not required on the package; this does NOT prove the package is printed with one.,https://consumer.crckosher.org/liquor/full-liquor-list/,"cRc full liquor list, table row 608 (category column = Beer)",2026-08-11,verified_against_current_official_source
CRC-row609,cRc,Beer,Boulevard,Smokestack Series Dark Truth Imperial Stout,Certified,VHKC,True,false,no_evidence,False,True,False,False,,cRc lists this as Certified under VHKC. Per cRc's legend a symbol is not required on the package; this does NOT prove the package is printed with one.,https://consumer.crckosher.org/liquor/full-liquor-list/,"cRc full liquor list, table row 609 (category column = Beer)",2026-08-11,verified_against_current_official_source
CRC-row610,cRc,Beer,Boulevard,Smokestack Series Dank 7 Belgian-Style IPA,Certified,VHKC,True,false,no_evidence,False,True,False,False,,cRc lists this as Certified under VHKC. Per cRc's legend a symbol is not required on the package; this does NOT prove the package is printed with one.,https://consumer.crckosher.org/liquor/full-liquor-list/,"cRc full liquor list, table row 610 (category column = Beer)",2026-08-11,verified_against_current_official_source
CRC-row611,cRc,Beer,Boulevard,Smokestack Series Tropical Tank 7,Certified,VHKC,True,false,no_evidence,False,True,False,False,,cRc lists this as Certified under VHKC. Per cRc's legend a symbol is not required on the package; this does NOT prove the package is printed with one.,https://consumer.crckosher.org/liquor/full-liquor-list/,"cRc full liquor list, table row 611 (category column = Beer)",2026-08-11,verified_against_current_official_source
CRC-row612,cRc,Beer,Boulevard,Smokestack Series Espresso Martini Stout,Certified,VHKC,True,false,no_evidence,False,True,False,False,,cRc lists this as Certified under VHKC. Per cRc's legend a symbol is not required on the package; this does NOT prove the package is printed with one.,https://consumer.crckosher.org/liquor/full-liquor-list/,"cRc full liquor list, table row 612 (category column = Beer)",2026-08-11,verified_against_current_official_source
CRC-row613,cRc,Beer,Boulevard,Smokestack Series Churro Grande,Certified,VHKC,True,false,no_evidence,False,True,False,False,,cRc lists this as Certified under VHKC. Per cRc's legend a symbol is not required on the package; this does NOT prove the package is printed with one.,https://consumer.crckosher.org/liquor/full-liquor-list/,"cRc full liquor list, table row 613 (category column = Beer)",2026-08-11,verified_against_current_official_source
CRC-row614,cRc,Beer,Boulevard,Smokestack Series More S'mores,Certified,VHKC,True,false,no_evidence,False,True,False,False,,cRc lists this as Certified under VHKC. Per cRc's legend a symbol is not required on the package; this does NOT prove the package is printed with one.,https://consumer.crckosher.org/liquor/full-liquor-list/,"cRc full liquor list, table row 614 (category column = Beer)",2026-08-11,verified_against_current_official_source
CRC-row615,cRc,Beer,Boulevard,Smokestack Series Proper Pour,Certified,VHKC,True,false,no_evidence,False,True,False,False,,cRc lists this as Certified under VHKC. Per cRc's legend a symbol is not required on the package; this does NOT prove the package is printed with one.,https://consumer.crckosher.org/liquor/full-liquor-list/,"cRc full liquor list, table row 615 (category column = Beer)",2026-08-11,verified_against_current_official_source
CRC-row616,cRc,Beer,Boulevard,Smokestack Series Rum Barrel-Aged Pecan Pie,Certified,VHKC,True,false,no_evidence,False,True,False,False,,cRc lists this as Certified under VHKC. Per cRc's legend a symbol is not required on the package; this does NOT prove the package is printed with one.,https://consumer.crckosher.org/liquor/full-liquor-list/,"cRc full liquor list, table row 616 (category column = Beer)",2026-08-11,verified_against_current_official_source
CRC-row617,cRc,Beer,Boulevard,Smokestack Series Cherries Jubilee Quad,Certified,VHKC,True,false,no_evidence,False,True,False,False,,cRc lists this as Certified under VHKC. Per cRc's legend a symbol is not required on the package; this does NOT prove the package is printed with one.,https://consumer.crckosher.org/liquor/full-liquor-list/,"cRc full liquor list, table row 617 (category column = Beer)",2026-08-11,verified_against_current_official_source
CRC-row618,cRc,Beer,Blue Moon,Harvest Pumpkin Ale,Certified,OU,True,true,no_evidence,True,False,True,False,Certified when bearing the OU logo,cRc certifies this ONLY when the package bears the OU logo.,https://consumer.crckosher.org/liquor/full-liquor-list/,"cRc full liquor list, table row 618 (category column = Beer)",2026-08-11,verified_against_current_official_source
CRC-row619,cRc,Beer,Coors,Banquet Beer,Certified,OU,True,true,no_evidence,True,False,True,False,Certified when bearing the OU logo,cRc certifies this ONLY when the package bears the OU logo.,https://consumer.crckosher.org/liquor/full-liquor-list/,"cRc full liquor list, table row 619 (category column = Beer)",2026-08-11,verified_against_current_official_source
CRC-row620,cRc,Beer,Coors,Extra Gold Beer,Certified,OU,True,true,no_evidence,True,False,True,False,Certified when bearing the OU logo,cRc certifies this ONLY when the package bears the OU logo.,https://consumer.crckosher.org/liquor/full-liquor-list/,"cRc full liquor list, table row 620 (category column = Beer)",2026-08-11,verified_against_current_official_source
CRC-row621,cRc,Beer,Coors,Light Beer,Certified,OU,True,true,no_evidence,True,False,True,False,Certified when bearing the OU logo,cRc certifies this ONLY when the package bears the OU logo.,https://consumer.crckosher.org/liquor/full-liquor-list/,"cRc full liquor list, table row 621 (category column = Beer)",2026-08-11,verified_against_current_official_source
CRC-row622,cRc,Beer,Coors,Light Export Beer,Certified,OU,True,true,no_evidence,True,False,True,False,Certified when bearing the OU logo,cRc certifies this ONLY when the package bears the OU logo.,https://consumer.crckosher.org/liquor/full-liquor-list/,"cRc full liquor list, table row 622 (category column = Beer)",2026-08-11,verified_against_current_official_source
CRC-row623,cRc,Beer,Coors,Light Citrus Radler,Certified,OU,True,true,no_evidence,True,False,True,False,Certified when bearing the OU logo,cRc certifies this ONLY when the package bears the OU logo.,https://consumer.crckosher.org/liquor/full-liquor-list/,"cRc full liquor list, table row 623 (category column = Beer)",2026-08-11,verified_against_current_official_source
CRC-row624,cRc,Beer,Coors,Non-Alcoholic Beer,Certified,OU,True,true,no_evidence,True,False,True,False,Certified when bearing the OU logo,cRc certifies this ONLY when the package bears the OU logo.,https://consumer.crckosher.org/liquor/full-liquor-list/,"cRc full liquor list, table row 624 (category column = Beer)",2026-08-11,verified_against_current_official_source
CRC-row625,cRc,Beer,Coors,Original Beer,Certified,OU,True,true,no_evidence,True,False,True,False,Certified when bearing the OU logo,cRc certifies this ONLY when the package bears the OU logo.,https://consumer.crckosher.org/liquor/full-liquor-list/,"cRc full liquor list, table row 625 (category column = Beer)",2026-08-11,verified_against_current_official_source
CRC-row626,cRc,Beer,Coors,Peak Copper Lager,Certified,OU,True,true,no_evidence,True,False,True,False,Certified when bearing the OU logo,cRc certifies this ONLY when the package bears the OU logo.,https://consumer.crckosher.org/liquor/full-liquor-list/,"cRc full liquor list, table row 626 (category column = Beer)",2026-08-11,verified_against_current_official_source
CRC-row627,cRc,Beer,George Killian's,Irish Red Lager,Certified,OU,True,true,no_evidence,True,False,True,False,Certified when bearing the OU logo,cRc certifies this ONLY when the package bears the OU logo.,https://consumer.crckosher.org/liquor/full-liquor-list/,"cRc full liquor list, table row 627 (category column = Beer)",2026-08-11,verified_against_current_official_source
CRC-row628,cRc,Beer,Hamm's,3.2% Beer,Certified,OU,True,true,no_evidence,True,False,True,False,Certified when bearing the OU logo,cRc certifies this ONLY when the package bears the OU logo.,https://consumer.crckosher.org/liquor/full-liquor-list/,"cRc full liquor list, table row 628 (category column = Beer)",2026-08-11,verified_against_current_official_source
CRC-row629,cRc,Beer,Hamm's,Beer,Certified,OU,True,true,no_evidence,True,False,True,False,Certified when bearing the OU logo,cRc certifies this ONLY when the package bears the OU logo.,https://consumer.crckosher.org/liquor/full-liquor-list/,"cRc full liquor list, table row 629 (category column = Beer)",2026-08-11,verified_against_current_official_source
CRC-row630,cRc,Beer,Hamm's,4.7% Beer,Certified,OU,True,true,no_evidence,True,False,True,False,Certified when bearing the OU logo,cRc certifies this ONLY when the package bears the OU logo.,https://consumer.crckosher.org/liquor/full-liquor-list/,"cRc full liquor list, table row 630 (category column = Beer)",2026-08-11,verified_against_current_official_source
CRC-row631,cRc,Beer,Hamm's,Non-Alcoholic Beer,Certified,OU,True,true,no_evidence,True,False,True,False,Certified when bearing the OU logo,cRc certifies this ONLY when the package bears the OU logo.,https://consumer.crckosher.org/liquor/full-liquor-list/,"cRc full liquor list, table row 631 (category column = Beer)",2026-08-11,verified_against_current_official_source
CRC-row632,cRc,Beer,Hamm's,Special Light Beer,Certified,OU,True,true,no_evidence,True,False,True,False,Certified when bearing the OU logo,cRc certifies this ONLY when the package bears the OU logo.,https://consumer.crckosher.org/liquor/full-liquor-list/,"cRc full liquor list, table row 632 (category column = Beer)",2026-08-11,verified_against_current_official_source
CRC-row633,cRc,Beer,SandLot Brewery,Herman Joseph's Private Reserve Beer,Certified,OU,True,true,no_evidence,True,False,True,False,Certified when bearing the OU logo,cRc certifies this ONLY when the package bears the OU logo.,https://consumer.crckosher.org/liquor/full-liquor-list/,"cRc full liquor list, table row 633 (category column = Beer)",2026-08-11,verified_against_current_official_source
CRC-row634,cRc,Beer,Icehouse,Beer,Certified,OU,True,true,no_evidence,True,False,True,False,Certified when bearing the OU logo,cRc certifies this ONLY when the package bears the OU logo.,https://consumer.crckosher.org/liquor/full-liquor-list/,"cRc full liquor list, table row 634 (category column = Beer)",2026-08-11,verified_against_current_official_source
CRC-row635,cRc,Beer,Icehouse,Light Beer,Certified,OU,True,true,no_evidence,True,False,True,False,Certified when bearing the OU logo,cRc certifies this ONLY when the package bears the OU logo.,https://consumer.crckosher.org/liquor/full-liquor-list/,"cRc full liquor list, table row 635 (category column = Beer)",2026-08-11,verified_against_current_official_source
CRC-row636,cRc,Beer,Keystone,Beer,Certified,OU,True,true,no_evidence,True,False,True,False,Certified when bearing the OU logo,cRc certifies this ONLY when the package bears the OU logo.,https://consumer.crckosher.org/liquor/full-liquor-list/,"cRc full liquor list, table row 636 (category column = Beer)",2026-08-11,verified_against_current_official_source
CRC-row637,cRc,Beer,Keystone,Ice Beer,Certified,OU,True,true,no_evidence,True,False,True,False,Certified when bearing the OU logo,cRc certifies this ONLY when the package bears the OU logo.,https://consumer.crckosher.org/liquor/full-liquor-list/,"cRc full liquor list, table row 637 (category column = Beer)",2026-08-11,verified_against_current_official_source
CRC-row638,cRc,Beer,Keystone,Light Beer,Certified,OU,True,true,no_evidence,True,False,True,False,Certified when bearing the OU logo,cRc certifies this ONLY when the package bears the OU logo.,https://consumer.crckosher.org/liquor/full-liquor-list/,"cRc full liquor list, table row 638 (category column = Beer)",2026-08-11,verified_against_current_official_source
CRC-row639,cRc,Beer,Leinenkugel,Oktoberfest,Certified,OU,True,true,no_evidence,True,False,True,False,Certified when bearing the OU logo,cRc certifies this ONLY when the package bears the OU logo.,https://consumer.crckosher.org/liquor/full-liquor-list/,"cRc full liquor list, table row 639 (category column = Beer)",2026-08-11,verified_against_current_official_source
CRC-row640,cRc,Beer,Leinenkugel,Original Beer,Certified,OU,True,true,no_evidence,True,False,True,False,Certified when bearing the OU logo,cRc certifies this ONLY when the package bears the OU logo.,https://consumer.crckosher.org/liquor/full-liquor-list/,"cRc full liquor list, table row 640 (category column = Beer)",2026-08-11,verified_against_current_official_source
CRC-row641,cRc,Beer,Leinenkugel,Red Lager,Certified,OU,True,true,no_evidence,True,False,True,False,Certified when bearing the OU logo,cRc certifies this ONLY when the package bears the OU logo.,https://consumer.crckosher.org/liquor/full-liquor-list/,"cRc full liquor list, table row 641 (category column = Beer)",2026-08-11,verified_against_current_official_source
CRC-row642,cRc,Beer,Leinenkugel,Summer Shandy Ale,Certified,OU,True,true,no_evidence,True,False,True,False,Certified when bearing the OU logo,cRc certifies this ONLY when the package bears the OU logo.,https://consumer.crckosher.org/liquor/full-liquor-list/,"cRc full liquor list, table row 642 (category column = Beer)",2026-08-11,verified_against_current_official_source
CRC-row643,cRc,Beer,Mickey's,Ice Malt Liquor,Certified,OU,True,true,no_evidence,True,False,True,False,Certified when bearing the OU logo,cRc certifies this ONLY when the package bears the OU logo.,https://consumer.crckosher.org/liquor/full-liquor-list/,"cRc full liquor list, table row 643 (category column = Beer)",2026-08-11,verified_against_current_official_source
CRC-row644,cRc,Beer,Mickey's,Malt Liquor,Certified,OU,True,true,no_evidence,True,False,True,False,Certified when bearing the OU logo,cRc certifies this ONLY when the package bears the OU logo.,https://consumer.crckosher.org/liquor/full-liquor-list/,"cRc full liquor list, table row 644 (category column = Beer)",2026-08-11,verified_against_current_official_source
CRC-row645,cRc,Beer,Miller,Chill Beer,Certified,OU,True,true,no_evidence,True,False,True,False,Certified when bearing the OU logo,cRc certifies this ONLY when the package bears the OU logo.,https://consumer.crckosher.org/liquor/full-liquor-list/,"cRc full liquor list, table row 645 (category column = Beer)",2026-08-11,verified_against_current_official_source
CRC-row646,cRc,Beer,Miller,Genuine Draft Beer,Certified,OU,True,true,no_evidence,True,False,True,False,Certified when bearing the OU logo,cRc certifies this ONLY when the package bears the OU logo.,https://consumer.crckosher.org/liquor/full-liquor-list/,"cRc full liquor list, table row 646 (category column = Beer)",2026-08-11,verified_against_current_official_source
