record_id,agency,category,brand_exact,product_exact,agency_status_exact,certification_or_symbol,certification_recorded,symbol_required_for_approval,physical_symbol_independently_observed,in_list_1_approved_only_when_bearing_symbol,in_list_2,in_list_3,in_list_4,conditions_exact,plain_language_explanation,official_source_url,source_location,checked_date,verification_status
STARK-item-VS4RUU7U,STAR-K,Bourbon and American Whiskey,1792 Ridgemont,1792 Ridgemont,Not Approved,,False,,no_evidence,False,False,False,True,,STAR-K lists this as Not Approved. Do not use it.,https://www.star-k.org/resource/list/W56J90P5/all_liquor#item-VS4RUU7U,"STAR-K all_liquor listing, item block item-VS4RUU7U (imported row index 41)",2026-08-11,verified_against_current_official_source
STARK-item-1UG2K1TI,STAR-K,Bourbon and American Whiskey,Abraham Bowman,Abraham Bowman,Not Approved,,False,,no_evidence,False,False,False,True,,STAR-K lists this as Not Approved. Do not use it.,https://www.star-k.org/resource/list/W56J90P5/all_liquor#item-1UG2K1TI,"STAR-K all_liquor listing, item block item-1UG2K1TI (imported row index 64)",2026-08-11,verified_against_current_official_source
STARK-item-YVCBHE9M,STAR-K,Bourbon and American Whiskey,American Whiskey,Blackened Whiskey,Not Approved,,False,,no_evidence,False,False,False,True,,STAR-K lists this as Not Approved. Do not use it.,https://www.star-k.org/resource/list/W56J90P5/all_liquor#item-YVCBHE9M,"STAR-K all_liquor listing, item block item-YVCBHE9M (imported row index 79)",2026-08-11,verified_against_current_official_source
STARK-item-25EUZ3MA,STAR-K,Bourbon and American Whiskey,Ancient Age,Ancient Age,Not Approved,,False,,no_evidence,False,False,False,True,,STAR-K lists this as Not Approved. Do not use it.,https://www.star-k.org/resource/list/W56J90P5/all_liquor#item-25EUZ3MA,"STAR-K all_liquor listing, item block item-25EUZ3MA (imported row index 95)",2026-08-11,verified_against_current_official_source
STARK-item-W32K0W1M,STAR-K,Bourbon and American Whiskey,Ancient Age,Ancient Age,Not Approved,,False,,no_evidence,False,False,False,True,,STAR-K lists this as Not Approved. Do not use it.,https://www.star-k.org/resource/list/W56J90P5/all_liquor#item-W32K0W1M,"STAR-K all_liquor listing, item block item-W32K0W1M (imported row index 96)",2026-08-11,verified_against_current_official_source
STARK-item-XCZEOYUE,STAR-K,Bourbon and American Whiskey,Antique Collection,Antique Collection,Not Approved,,False,,no_evidence,False,False,False,True,,STAR-K lists this as Not Approved. Do not use it.,https://www.star-k.org/resource/list/W56J90P5/all_liquor#item-XCZEOYUE,"STAR-K all_liquor listing, item block item-XCZEOYUE (imported row index 104)",2026-08-11,verified_against_current_official_source
STARK-item-ZMW841N7,STAR-K,Bourbon and American Whiskey,Baker's,Baker's,Approved,,False,false,no_evidence,False,True,False,False,"Not acceptable when labeled with the words ""Sherry, Port, Cognac, Madeira, Oloroso, Sauterne, Shiraz, Dual-Cask Finish, or Double-Matured.""","STAR-K approves this American whiskey without requiring a kosher symbol on the bottle. Condition recorded by STAR-K: Not acceptable when labeled with the words ""Sherry, Port, Cognac, Madeira, Oloroso, Sauterne, Shiraz, Dual-Cask Finish, or Double-Matured.""",https://www.star-k.org/resource/list/W56J90P5/all_liquor#item-ZMW841N7,"STAR-K all_liquor listing, item block item-ZMW841N7 (imported row index 183)",2026-08-11,verified_against_current_official_source
STARK-item-1WU2I3HY,STAR-K,Bourbon and American Whiskey,Barton,Premium Blend,Not Approved,,False,,no_evidence,False,False,False,True,,STAR-K lists this as Not Approved. Do not use it.,https://www.star-k.org/resource/list/W56J90P5/all_liquor#item-1WU2I3HY,"STAR-K all_liquor listing, item block item-1WU2I3HY (imported row index 231)",2026-08-11,verified_against_current_official_source
STARK-item-27SUX4BQ,STAR-K,Bourbon and American Whiskey,Barton,Reserve Blend,Not Approved,,False,,no_evidence,False,False,False,True,,STAR-K lists this as Not Approved. Do not use it.,https://www.star-k.org/resource/list/W56J90P5/all_liquor#item-27SUX4BQ,"STAR-K all_liquor listing, item block item-27SUX4BQ (imported row index 232)",2026-08-11,verified_against_current_official_source
STARK-item-USS9AO3E,STAR-K,Bourbon and American Whiskey,Barton's,Barton's,Not Approved,,False,,no_evidence,False,False,False,True,,STAR-K lists this as Not Approved. Do not use it.,https://www.star-k.org/resource/list/W56J90P5/all_liquor#item-USS9AO3E,"STAR-K all_liquor listing, item block item-USS9AO3E (imported row index 233)",2026-08-11,verified_against_current_official_source
STARK-item-ZKI86YZQ,STAR-K,Bourbon and American Whiskey,"Barton Brands, Ltd.",1792 Ridgemont,Not Approved,,False,,no_evidence,False,False,False,True,,STAR-K lists this as Not Approved. Do not use it.,https://www.star-k.org/resource/list/W56J90P5/all_liquor#item-ZKI86YZQ,"STAR-K all_liquor listing, item block item-ZKI86YZQ (imported row index 235)",2026-08-11,verified_against_current_official_source
STARK-item-3DCOE5G3,STAR-K,Bourbon and American Whiskey,"Barton Brands, Ltd.",Barton Premium Blend,Not Approved,,False,,no_evidence,False,False,False,True,,STAR-K lists this as Not Approved. Do not use it.,https://www.star-k.org/resource/list/W56J90P5/all_liquor#item-3DCOE5G3,"STAR-K all_liquor listing, item block item-3DCOE5G3 (imported row index 236)",2026-08-11,verified_against_current_official_source
STARK-item-R2HODDEU,STAR-K,Bourbon and American Whiskey,"Barton Brands, Ltd.",Barton Reserve Blend,Not Approved,,False,,no_evidence,False,False,False,True,,STAR-K lists this as Not Approved. Do not use it.,https://www.star-k.org/resource/list/W56J90P5/all_liquor#item-R2HODDEU,"STAR-K all_liquor listing, item block item-R2HODDEU (imported row index 237)",2026-08-11,verified_against_current_official_source
STARK-item-W59Y3KPY,STAR-K,Bourbon and American Whiskey,"Barton Brands, Ltd.",Colonel Lee,Not Approved,,False,,no_evidence,False,False,False,True,,STAR-K lists this as Not Approved. Do not use it.,https://www.star-k.org/resource/list/W56J90P5/all_liquor#item-W59Y3KPY,"STAR-K all_liquor listing, item block item-W59Y3KPY (imported row index 238)",2026-08-11,verified_against_current_official_source
STARK-item-4IX26TUU,STAR-K,Bourbon and American Whiskey,"Barton Brands, Ltd.",Fleischmann's Preferred Blend,Not Approved,,False,,no_evidence,False,False,False,True,,STAR-K lists this as Not Approved. Do not use it.,https://www.star-k.org/resource/list/W56J90P5/all_liquor#item-4IX26TUU,"STAR-K all_liquor listing, item block item-4IX26TUU (imported row index 239)",2026-08-11,verified_against_current_official_source
STARK-item-W0TCS04Q,STAR-K,Bourbon and American Whiskey,"Barton Brands, Ltd.",Kentucky Gentleman,Not Approved,,False,,no_evidence,False,False,False,True,,STAR-K lists this as Not Approved. Do not use it.,https://www.star-k.org/resource/list/W56J90P5/all_liquor#item-W0TCS04Q,"STAR-K all_liquor listing, item block item-W0TCS04Q (imported row index 240)",2026-08-11,verified_against_current_official_source
STARK-item-YJR68BXI,STAR-K,Bourbon and American Whiskey,"Barton Brands, Ltd.",Kentucky Tavern,Not Approved,,False,,no_evidence,False,False,False,True,,STAR-K lists this as Not Approved. Do not use it.,https://www.star-k.org/resource/list/W56J90P5/all_liquor#item-YJR68BXI,"STAR-K all_liquor listing, item block item-YJR68BXI (imported row index 241)",2026-08-11,verified_against_current_official_source
STARK-item-TKL0ATZ7,STAR-K,Bourbon and American Whiskey,"Barton Brands, Ltd.",Old Thompson,Not Approved,,False,,no_evidence,False,False,False,True,,STAR-K lists this as Not Approved. Do not use it.,https://www.star-k.org/resource/list/W56J90P5/all_liquor#item-TKL0ATZ7,"STAR-K all_liquor listing, item block item-TKL0ATZ7 (imported row index 242)",2026-08-11,verified_against_current_official_source
STARK-item-1897S5YU,STAR-K,Bourbon and American Whiskey,"Barton Brands, Ltd.",Ten High,Not Approved,,False,,no_evidence,False,False,False,True,,STAR-K lists this as Not Approved. Do not use it.,https://www.star-k.org/resource/list/W56J90P5/all_liquor#item-1897S5YU,"STAR-K all_liquor listing, item block item-1897S5YU (imported row index 243)",2026-08-11,verified_against_current_official_source
STARK-item-4R5TM9ME,STAR-K,Bourbon and American Whiskey,"Barton Brands, Ltd.",Tom Moore,Not Approved,,False,,no_evidence,False,False,False,True,,STAR-K lists this as Not Approved. Do not use it.,https://www.star-k.org/resource/list/W56J90P5/all_liquor#item-4R5TM9ME,"STAR-K all_liquor listing, item block item-4R5TM9ME (imported row index 244)",2026-08-11,verified_against_current_official_source
STARK-item-TO8N2IDY,STAR-K,Bourbon and American Whiskey,"Barton Brands, Ltd.",Very Old Barton,Not Approved,,False,,no_evidence,False,False,False,True,,STAR-K lists this as Not Approved. Do not use it.,https://www.star-k.org/resource/list/W56J90P5/all_liquor#item-TO8N2IDY,"STAR-K all_liquor listing, item block item-TO8N2IDY (imported row index 245)",2026-08-11,verified_against_current_official_source
STARK-item-4GQNC66I,STAR-K,Bourbon and American Whiskey,Basil Hayden's,Basil Hayden's,Approved,,False,false,no_evidence,False,True,False,False,"Not acceptable when labeled with the words ""Sherry, Port, Cognac, Madeira, Oloroso, Sauterne, Shiraz, Dual-Cask Finish, or Double-Matured.""","STAR-K approves this American whiskey without requiring a kosher symbol on the bottle. Condition recorded by STAR-K: Not acceptable when labeled with the words ""Sherry, Port, Cognac, Madeira, Oloroso, Sauterne, Shiraz, Dual-Cask Finish, or Double-Matured.""",https://www.star-k.org/resource/list/W56J90P5/all_liquor#item-4GQNC66I,"STAR-K all_liquor listing, item block item-4GQNC66I (imported row index 248)",2026-08-11,verified_against_current_official_source
STARK-item-UGEP7ZQE,STAR-K,Bourbon and American Whiskey,Beat 3,Reserve Whiskey (when bearing STAR-K),Approved,STAR-K,True,true,no_evidence,True,False,True,False,,STAR-K approves this ONLY if the bottle bears the STAR-K symbol.,https://www.star-k.org/resource/list/W56J90P5/all_liquor#item-UGEP7ZQE,"STAR-K all_liquor listing, item block item-UGEP7ZQE (imported row index 261)",2026-08-11,verified_against_current_official_source
STARK-item-S7GWRXWM,STAR-K,Bourbon and American Whiskey,Beat 3,White Whiskey (when bearing STAR-K),Approved,STAR-K,True,true,no_evidence,True,False,True,False,,STAR-K approves this ONLY if the bottle bears the STAR-K symbol.,https://www.star-k.org/resource/list/W56J90P5/all_liquor#item-S7GWRXWM,"STAR-K all_liquor listing, item block item-S7GWRXWM (imported row index 262)",2026-08-11,verified_against_current_official_source
STARK-item-T3PV2KKM,STAR-K,Bourbon and American Whiskey,Black Dirt Distillery,Bourbon New York Whiskey (when bearing STAR-K),Approved,STAR-K,True,true,no_evidence,True,False,True,False,"Not acceptable when labeled with the words ""Sherry, Port, Cognac, Madeira, Oloroso, Sauterne, Shiraz, Dual-Cask Finish, or Double-Matured.""","STAR-K approves this ONLY if the bottle bears the STAR-K symbol. Condition recorded by STAR-K: Not acceptable when labeled with the words ""Sherry, Port, Cognac, Madeira, Oloroso, Sauterne, Shiraz, Dual-Cask Finish, or Double-Matured.""",https://www.star-k.org/resource/list/W56J90P5/all_liquor#item-T3PV2KKM,"STAR-K all_liquor listing, item block item-T3PV2KKM (imported row index 321)",2026-08-11,verified_against_current_official_source
STARK-item-R4VOCE3A,STAR-K,Bourbon and American Whiskey,Blanton's,Blanton's,Not Approved,,False,,no_evidence,False,False,False,True,,STAR-K lists this as Not Approved. Do not use it.,https://www.star-k.org/resource/list/W56J90P5/all_liquor#item-R4VOCE3A,"STAR-K all_liquor listing, item block item-R4VOCE3A (imported row index 332)",2026-08-11,verified_against_current_official_source
STARK-item-SBFITE9M,STAR-K,Bourbon and American Whiskey,Blanton's,Blanton's,Not Approved,,False,,no_evidence,False,False,False,True,,STAR-K lists this as Not Approved. Do not use it.,https://www.star-k.org/resource/list/W56J90P5/all_liquor#item-SBFITE9M,"STAR-K all_liquor listing, item block item-SBFITE9M (imported row index 333)",2026-08-11,verified_against_current_official_source
STARK-item-SDTIRGW3,STAR-K,Bourbon and American Whiskey,Booker's,Booker's,Approved,,False,false,no_evidence,False,True,False,False,"Not acceptable when labeled with the words ""Sherry, Port, Cognac, Madeira, Oloroso, Sauterne, Shiraz, Dual-Cask Finish, or Double-Matured.""","STAR-K approves this American whiskey without requiring a kosher symbol on the bottle. Condition recorded by STAR-K: Not acceptable when labeled with the words ""Sherry, Port, Cognac, Madeira, Oloroso, Sauterne, Shiraz, Dual-Cask Finish, or Double-Matured.""",https://www.star-k.org/resource/list/W56J90P5/all_liquor#item-SDTIRGW3,"STAR-K all_liquor listing, item block item-SDTIRGW3 (imported row index 505)",2026-08-11,verified_against_current_official_source
STARK-item-UNQB7IQU,STAR-K,Bourbon and American Whiskey,Bowman,Bowman,Not Approved,,False,,no_evidence,False,False,False,True,,STAR-K lists this as Not Approved. Do not use it.,https://www.star-k.org/resource/list/W56J90P5/all_liquor#item-UNQB7IQU,"STAR-K all_liquor listing, item block item-UNQB7IQU (imported row index 509)",2026-08-11,verified_against_current_official_source
STARK-item-VUA6NIV7,STAR-K,Bourbon and American Whiskey,Bowman Brothers,Bowman Brothers,Not Approved,,False,,no_evidence,False,False,False,True,,STAR-K lists this as Not Approved. Do not use it.,https://www.star-k.org/resource/list/W56J90P5/all_liquor#item-VUA6NIV7,"STAR-K all_liquor listing, item block item-VUA6NIV7 (imported row index 510)",2026-08-11,verified_against_current_official_source
STARK-item-UKCB9G3E,STAR-K,Bourbon and American Whiskey,Buffalo Trace,Buffalo Trace,Not Approved,,False,,no_evidence,False,False,False,True,,STAR-K lists this as Not Approved. Do not use it.,https://www.star-k.org/resource/list/W56J90P5/all_liquor#item-UKCB9G3E,"STAR-K all_liquor listing, item block item-UKCB9G3E (imported row index 585)",2026-08-11,verified_against_current_official_source
STARK-item-VXO6LKKM,STAR-K,Bourbon and American Whiskey,Buffalo Trace,Buffalo Trace,Not Approved,,False,,no_evidence,False,False,False,True,,STAR-K lists this as Not Approved. Do not use it.,https://www.star-k.org/resource/list/W56J90P5/all_liquor#item-VXO6LKKM,"STAR-K all_liquor listing, item block item-VXO6LKKM (imported row index 586)",2026-08-11,verified_against_current_official_source
STARK-item-W8MY1MEE,STAR-K,Bourbon and American Whiskey,Buffalo Trace,Experimental Collection,Not Approved,,False,,no_evidence,False,False,False,True,,STAR-K lists this as Not Approved. Do not use it.,https://www.star-k.org/resource/list/W56J90P5/all_liquor#item-W8MY1MEE,"STAR-K all_liquor listing, item block item-W8MY1MEE (imported row index 587)",2026-08-11,verified_against_current_official_source
STARK-item-XMFH2DEU,STAR-K,Bourbon and American Whiskey,Clyde Mays,Alabama Style Whiskey,Not Approved,,False,,no_evidence,False,False,False,True,,STAR-K lists this as Not Approved. Do not use it.,https://www.star-k.org/resource/list/W56J90P5/all_liquor#item-XMFH2DEU,"STAR-K all_liquor listing, item block item-XMFH2DEU (imported row index 695)",2026-08-11,verified_against_current_official_source
STARK-item-SIN8D64Q,STAR-K,Bourbon and American Whiskey,Clyde Mays,Straight Bourbon,Approved,,False,false,no_evidence,False,True,False,False,"Not acceptable when labeled with the words ""Sherry, Port, Cognac, Madeira, Oloroso, Sauterne, Shiraz, Dual-Cask Finish, or Double-Matured.""","STAR-K approves this American whiskey without requiring a kosher symbol on the bottle. Condition recorded by STAR-K: Not acceptable when labeled with the words ""Sherry, Port, Cognac, Madeira, Oloroso, Sauterne, Shiraz, Dual-Cask Finish, or Double-Matured.""",https://www.star-k.org/resource/list/W56J90P5/all_liquor#item-SIN8D64Q,"STAR-K all_liquor listing, item block item-SIN8D64Q (imported row index 696)",2026-08-11,verified_against_current_official_source
STARK-item-YHKSFN87,STAR-K,Bourbon and American Whiskey,Colonel Lee,Colonel Lee,Not Approved,,False,,no_evidence,False,False,False,True,,STAR-K lists this as Not Approved. Do not use it.,https://www.star-k.org/resource/list/W56J90P5/all_liquor#item-YHKSFN87,"STAR-K all_liquor listing, item block item-YHKSFN87 (imported row index 705)",2026-08-11,verified_against_current_official_source
STARK-item-TKPKDIZQ,STAR-K,Bourbon and American Whiskey,Corner Creek,Bourbon,Not Approved,,False,,no_evidence,False,False,False,True,,STAR-K lists this as Not Approved. Do not use it.,https://www.star-k.org/resource/list/W56J90P5/all_liquor#item-TKPKDIZQ,"STAR-K all_liquor listing, item block item-TKPKDIZQ (imported row index 775)",2026-08-11,verified_against_current_official_source
STARK-item-1FBN25PY,STAR-K,Bourbon and American Whiskey,Djinn Spirits,Beat 3 Reserve Whiskey (when bearing STAR-K),Approved,STAR-K,True,true,no_evidence,True,False,True,False,,STAR-K approves this ONLY if the bottle bears the STAR-K symbol.,https://www.star-k.org/resource/list/W56J90P5/all_liquor#item-1FBN25PY,"STAR-K all_liquor listing, item block item-1FBN25PY (imported row index 890)",2026-08-11,verified_against_current_official_source
STARK-item-2P0HG7JQ,STAR-K,Bourbon and American Whiskey,Djinn Spirits,Beat 3 Single Malt Whiskey (when bearing STAR-K),Approved,STAR-K,True,true,no_evidence,True,False,True,False,,STAR-K approves this ONLY if the bottle bears the STAR-K symbol.,https://www.star-k.org/resource/list/W56J90P5/all_liquor#item-2P0HG7JQ,"STAR-K all_liquor listing, item block item-2P0HG7JQ (imported row index 891)",2026-08-11,verified_against_current_official_source
STARK-item-Y6DUM3V7,STAR-K,Bourbon and American Whiskey,Djinn Spirits,Beat 3 White Whiskey (when bearing STAR-K),Approved,STAR-K,True,true,no_evidence,True,False,True,False,,STAR-K approves this ONLY if the bottle bears the STAR-K symbol.,https://www.star-k.org/resource/list/W56J90P5/all_liquor#item-Y6DUM3V7,"STAR-K all_liquor listing, item block item-Y6DUM3V7 (imported row index 892)",2026-08-11,verified_against_current_official_source
STARK-item-1Y3EBP7A,STAR-K,Bourbon and American Whiskey,Eagle Rare,Eagle Rare,Not Approved,,False,,no_evidence,False,False,False,True,,STAR-K lists this as Not Approved. Do not use it.,https://www.star-k.org/resource/list/W56J90P5/all_liquor#item-1Y3EBP7A,"STAR-K all_liquor listing, item block item-1Y3EBP7A (imported row index 925)",2026-08-11,verified_against_current_official_source
STARK-item-12GE0RVQ,STAR-K,Bourbon and American Whiskey,Elijah Craig,Elijah Craig,Approved,,False,false,no_evidence,False,True,False,False,"Not acceptable when labeled with the words ""Sherry, Port, Cognac, Madeira, Oloroso, Sauterne, Shiraz, Dual-Cask Finish, or Double-Matured.""","STAR-K approves this American whiskey without requiring a kosher symbol on the bottle. Condition recorded by STAR-K: Not acceptable when labeled with the words ""Sherry, Port, Cognac, Madeira, Oloroso, Sauterne, Shiraz, Dual-Cask Finish, or Double-Matured.""",https://www.star-k.org/resource/list/W56J90P5/all_liquor#item-12GE0RVQ,"STAR-K all_liquor listing, item block item-12GE0RVQ (imported row index 944)",2026-08-11,verified_against_current_official_source
STARK-item-29Z9QR13,STAR-K,Bourbon and American Whiskey,Elmer T. Lee,Elmer T. Lee,Not Approved,,False,,no_evidence,False,False,False,True,,STAR-K lists this as Not Approved. Do not use it.,https://www.star-k.org/resource/list/W56J90P5/all_liquor#item-29Z9QR13,"STAR-K all_liquor listing, item block item-29Z9QR13 (imported row index 947)",2026-08-11,verified_against_current_official_source
STARK-item-2AD9OTPI,STAR-K,Bourbon and American Whiskey,Elmer T. Lee,Elmer T. Lee,Not Approved,,False,,no_evidence,False,False,False,True,,STAR-K lists this as Not Approved. Do not use it.,https://www.star-k.org/resource/list/W56J90P5/all_liquor#item-2AD9OTPI,"STAR-K all_liquor listing, item block item-2AD9OTPI (imported row index 948)",2026-08-11,verified_against_current_official_source
STARK-item-R9G335G3,STAR-K,Bourbon and American Whiskey,Fleischmann's,Preferred Blend,Not Approved,,False,,no_evidence,False,False,False,True,,STAR-K lists this as Not Approved. Do not use it.,https://www.star-k.org/resource/list/W56J90P5/all_liquor#item-R9G335G3,"STAR-K all_liquor listing, item block item-R9G335G3 (imported row index 958)",2026-08-11,verified_against_current_official_source
STARK-item-1WBKWJFQ,STAR-K,Bourbon and American Whiskey,George Bowman,George Bowman,Approved,,False,false,no_evidence,False,True,False,False,"Not acceptable when labeled with the words ""Sherry, Port, Cognac, Madeira, Oloroso, Sauterne, Shiraz, Dual-Cask Finish, or Double-Matured.""","STAR-K approves this American whiskey without requiring a kosher symbol on the bottle. Condition recorded by STAR-K: Not acceptable when labeled with the words ""Sherry, Port, Cognac, Madeira, Oloroso, Sauterne, Shiraz, Dual-Cask Finish, or Double-Matured.""",https://www.star-k.org/resource/list/W56J90P5/all_liquor#item-1WBKWJFQ,"STAR-K all_liquor listing, item block item-1WBKWJFQ (imported row index 972)",2026-08-11,verified_against_current_official_source
STARK-item-TIEWH6AU,STAR-K,Bourbon and American Whiskey,George T. Stagg,George T. Stagg,Not Approved,,False,,no_evidence,False,False,False,True,,STAR-K lists this as Not Approved. Do not use it.,https://www.star-k.org/resource/list/W56J90P5/all_liquor#item-TIEWH6AU,"STAR-K all_liquor listing, item block item-TIEWH6AU (imported row index 975)",2026-08-11,verified_against_current_official_source
STARK-item-TF1WJ5ME,STAR-K,Bourbon and American Whiskey,Hancock's President Reserve,Hancock's President Reserve,Not Approved,,False,,no_evidence,False,False,False,True,,STAR-K lists this as Not Approved. Do not use it.,https://www.star-k.org/resource/list/W56J90P5/all_liquor#item-TF1WJ5ME,"STAR-K all_liquor listing, item block item-TF1WJ5ME (imported row index 1135)",2026-08-11,verified_against_current_official_source
STARK-item-V2AIB0YE,STAR-K,Bourbon and American Whiskey,Hudson,Baby Bourbon,Approved,,False,false,no_evidence,False,True,False,False,"Not acceptable when labeled with the words ""Sherry, Port, Cognac, Madeira, Oloroso, Sauterne, Shiraz, Dual-Cask Finish, or Double-Matured.""","STAR-K approves this American whiskey without requiring a kosher symbol on the bottle. Condition recorded by STAR-K: Not acceptable when labeled with the words ""Sherry, Port, Cognac, Madeira, Oloroso, Sauterne, Shiraz, Dual-Cask Finish, or Double-Matured.""",https://www.star-k.org/resource/list/W56J90P5/all_liquor#item-V2AIB0YE,"STAR-K all_liquor listing, item block item-V2AIB0YE (imported row index 1209)",2026-08-11,verified_against_current_official_source
STARK-item-YL666DLY,STAR-K,Bourbon and American Whiskey,Jack Daniels,Black Label - Single Barrel,Approved,,False,false,no_evidence,False,True,False,False,"Not acceptable when labeled with the words ""Sherry, Port, Cognac, Madeira, Oloroso, Sauterne, Shiraz, Dual-Cask Finish, or Double-Matured.""","STAR-K approves this American whiskey without requiring a kosher symbol on the bottle. Condition recorded by STAR-K: Not acceptable when labeled with the words ""Sherry, Port, Cognac, Madeira, Oloroso, Sauterne, Shiraz, Dual-Cask Finish, or Double-Matured.""",https://www.star-k.org/resource/list/W56J90P5/all_liquor#item-YL666DLY,"STAR-K all_liquor listing, item block item-YL666DLY (imported row index 1235)",2026-08-11,verified_against_current_official_source
STARK-item-ZV4ZLFFQ,STAR-K,Bourbon and American Whiskey,Jack Daniels,Gentleman Jack,Approved,,False,false,no_evidence,False,True,False,False,"Not acceptable when labeled with the words ""Sherry, Port, Cognac, Madeira, Oloroso, Sauterne, Shiraz, Dual-Cask Finish, or Double-Matured.""","STAR-K approves this American whiskey without requiring a kosher symbol on the bottle. Condition recorded by STAR-K: Not acceptable when labeled with the words ""Sherry, Port, Cognac, Madeira, Oloroso, Sauterne, Shiraz, Dual-Cask Finish, or Double-Matured.""",https://www.star-k.org/resource/list/W56J90P5/all_liquor#item-ZV4ZLFFQ,"STAR-K all_liquor listing, item block item-ZV4ZLFFQ (imported row index 1236)",2026-08-11,verified_against_current_official_source
STARK-item-2YMG0CEA,STAR-K,Bourbon and American Whiskey,Jack Daniels,Green Label,Approved,,False,false,no_evidence,False,True,False,False,"Not acceptable when labeled with the words ""Sherry, Port, Cognac, Madeira, Oloroso, Sauterne, Shiraz, Dual-Cask Finish, or Double-Matured.""","STAR-K approves this American whiskey without requiring a kosher symbol on the bottle. Condition recorded by STAR-K: Not acceptable when labeled with the words ""Sherry, Port, Cognac, Madeira, Oloroso, Sauterne, Shiraz, Dual-Cask Finish, or Double-Matured.""",https://www.star-k.org/resource/list/W56J90P5/all_liquor#item-2YMG0CEA,"STAR-K all_liquor listing, item block item-2YMG0CEA (imported row index 1237)",2026-08-11,verified_against_current_official_source
STARK-item-3FZMFI3A,STAR-K,Bourbon and American Whiskey,Jack Daniels,Red Label,Not Approved,,False,,no_evidence,False,False,False,True,,STAR-K lists this as Not Approved. Do not use it.,https://www.star-k.org/resource/list/W56J90P5/all_liquor#item-3FZMFI3A,"STAR-K all_liquor listing, item block item-3FZMFI3A (imported row index 1240)",2026-08-11,verified_against_current_official_source
STARK-item-RC3GTTUU,STAR-K,Bourbon and American Whiskey,Jim Beam,7 Year,Approved,,False,false,no_evidence,False,True,False,False,"Not acceptable when labeled with the words ""Sherry, Port, Cognac, Madeira, Oloroso, Sauterne, Shiraz, Dual-Cask Finish, or Double-Matured.""","STAR-K approves this American whiskey without requiring a kosher symbol on the bottle. Condition recorded by STAR-K: Not acceptable when labeled with the words ""Sherry, Port, Cognac, Madeira, Oloroso, Sauterne, Shiraz, Dual-Cask Finish, or Double-Matured.""",https://www.star-k.org/resource/list/W56J90P5/all_liquor#item-RC3GTTUU,"STAR-K all_liquor listing, item block item-RC3GTTUU (imported row index 1349)",2026-08-11,verified_against_current_official_source
STARK-item-TMZ09VOM,STAR-K,Bourbon and American Whiskey,Jim Beam,Choice,Approved,,False,false,no_evidence,False,True,False,False,"Not acceptable when labeled with the words ""Sherry, Port, Cognac, Madeira, Oloroso, Sauterne, Shiraz, Dual-Cask Finish, or Double-Matured.""","STAR-K approves this American whiskey without requiring a kosher symbol on the bottle. Condition recorded by STAR-K: Not acceptable when labeled with the words ""Sherry, Port, Cognac, Madeira, Oloroso, Sauterne, Shiraz, Dual-Cask Finish, or Double-Matured.""",https://www.star-k.org/resource/list/W56J90P5/all_liquor#item-TMZ09VOM,"STAR-K all_liquor listing, item block item-TMZ09VOM (imported row index 1351)",2026-08-11,verified_against_current_official_source
STARK-item-UWX4NXIE,STAR-K,Bourbon and American Whiskey,Jim Beam,Devil's Cut,Approved,,False,false,no_evidence,False,True,False,False,"Not acceptable when labeled with the words ""Sherry, Port, Cognac, Madeira, Oloroso, Sauterne, Shiraz, Dual-Cask Finish, or Double-Matured.""","STAR-K approves this American whiskey without requiring a kosher symbol on the bottle. Condition recorded by STAR-K: Not acceptable when labeled with the words ""Sherry, Port, Cognac, Madeira, Oloroso, Sauterne, Shiraz, Dual-Cask Finish, or Double-Matured.""",https://www.star-k.org/resource/list/W56J90P5/all_liquor#item-UWX4NXIE,"STAR-K all_liquor listing, item block item-UWX4NXIE (imported row index 1352)",2026-08-11,verified_against_current_official_source
STARK-item-VZWID80Y,STAR-K,Bourbon and American Whiskey,Jim Beam,Distiller's Masterpiece,Not Approved,,False,,no_evidence,False,False,False,True,,STAR-K lists this as Not Approved. Do not use it.,https://www.star-k.org/resource/list/W56J90P5/all_liquor#item-VZWID80Y,"STAR-K all_liquor listing, item block item-VZWID80Y (imported row index 1353)",2026-08-11,verified_against_current_official_source
STARK-item-U3JU80QA,STAR-K,Bourbon and American Whiskey,Jim Beam,Legend,Not Approved,,False,,no_evidence,False,False,False,True,,STAR-K lists this as Not Approved. Do not use it.,https://www.star-k.org/resource/list/W56J90P5/all_liquor#item-U3JU80QA,"STAR-K all_liquor listing, item block item-U3JU80QA (imported row index 1356)",2026-08-11,verified_against_current_official_source
STARK-item-V7VW3YB7,STAR-K,Bourbon and American Whiskey,Jim Beam,White,Approved,,False,false,no_evidence,False,True,False,False,"Not acceptable when labeled with the words ""Sherry, Port, Cognac, Madeira, Oloroso, Sauterne, Shiraz, Dual-Cask Finish, or Double-Matured.""","STAR-K approves this American whiskey without requiring a kosher symbol on the bottle. Condition recorded by STAR-K: Not acceptable when labeled with the words ""Sherry, Port, Cognac, Madeira, Oloroso, Sauterne, Shiraz, Dual-Cask Finish, or Double-Matured.""",https://www.star-k.org/resource/list/W56J90P5/all_liquor#item-V7VW3YB7,"STAR-K all_liquor listing, item block item-V7VW3YB7 (imported row index 1366)",2026-08-11,verified_against_current_official_source
STARK-item-YQRJW3ZQ,STAR-K,Bourbon and American Whiskey,Kentucky Gentleman,Kentucky Gentleman,Not Approved,,False,,no_evidence,False,False,False,True,,STAR-K lists this as Not Approved. Do not use it.,https://www.star-k.org/resource/list/W56J90P5/all_liquor#item-YQRJW3ZQ,"STAR-K all_liquor listing, item block item-YQRJW3ZQ (imported row index 1408)",2026-08-11,verified_against_current_official_source
STARK-item-Z1OCB5TI,STAR-K,Bourbon and American Whiskey,Kentucky Tavern,Kentucky Tavern,Not Approved,,False,,no_evidence,False,False,False,True,,STAR-K lists this as Not Approved. Do not use it.,https://www.star-k.org/resource/list/W56J90P5/all_liquor#item-Z1OCB5TI,"STAR-K all_liquor listing, item block item-Z1OCB5TI (imported row index 1409)",2026-08-11,verified_against_current_official_source
STARK-item-1AM7Q7MA,STAR-K,Bourbon and American Whiskey,Knob Creek,Knob Creek,Approved,,False,false,no_evidence,False,True,False,False,"Not acceptable when labeled with the words ""Sherry, Port, Cognac, Madeira, Oloroso, Sauterne, Shiraz, Dual-Cask Finish, or Double-Matured.""","STAR-K approves this American whiskey without requiring a kosher symbol on the bottle. Condition recorded by STAR-K: Not acceptable when labeled with the words ""Sherry, Port, Cognac, Madeira, Oloroso, Sauterne, Shiraz, Dual-Cask Finish, or Double-Matured.""",https://www.star-k.org/resource/list/W56J90P5/all_liquor#item-1AM7Q7MA,"STAR-K all_liquor listing, item block item-1AM7Q7MA (imported row index 1432)",2026-08-11,verified_against_current_official_source
STARK-item-1Y6QEE7U,STAR-K,Bourbon and American Whiskey,Knob Creek,Smoked Maple Bourbon,Not Approved,,False,,no_evidence,False,False,False,True,,STAR-K lists this as Not Approved. Do not use it.,https://www.star-k.org/resource/list/W56J90P5/all_liquor#item-1Y6QEE7U,"STAR-K all_liquor listing, item block item-1Y6QEE7U (imported row index 1434)",2026-08-11,verified_against_current_official_source
STARK-item-3KKZ69G3,STAR-K,Bourbon and American Whiskey,Maker's Mark,Maker's Mark,Approved,,False,false,no_evidence,False,True,False,False,"Not acceptable when labeled with the words ""Sherry, Port, Cognac, Madeira, Oloroso, Sauterne, Shiraz, Dual-Cask Finish, or Double-Matured.""","STAR-K approves this American whiskey without requiring a kosher symbol on the bottle. Condition recorded by STAR-K: Not acceptable when labeled with the words ""Sherry, Port, Cognac, Madeira, Oloroso, Sauterne, Shiraz, Dual-Cask Finish, or Double-Matured.""",https://www.star-k.org/resource/list/W56J90P5/all_liquor#item-3KKZ69G3,"STAR-K all_liquor listing, item block item-3KKZ69G3 (imported row index 1634)",2026-08-11,verified_against_current_official_source
STARK-item-14NS3FK3,STAR-K,Bourbon and American Whiskey,McAfee's Benchmark,McAfee's Benchmark,Not Approved,,False,,no_evidence,False,False,False,True,,STAR-K lists this as Not Approved. Do not use it.,https://www.star-k.org/resource/list/W56J90P5/all_liquor#item-14NS3FK3,"STAR-K all_liquor listing, item block item-14NS3FK3 (imported row index 1659)",2026-08-11,verified_against_current_official_source
STARK-item-Q87KIXCM,STAR-K,Bourbon and American Whiskey,Noah's Mill,Noah's Mill,Approved,,False,false,no_evidence,False,True,False,False,"Not acceptable when labeled with the words ""Sherry, Port, Cognac, Madeira, Oloroso, Sauterne, Shiraz, Dual-Cask Finish, or Double-Matured.""","STAR-K approves this American whiskey without requiring a kosher symbol on the bottle. Condition recorded by STAR-K: Not acceptable when labeled with the words ""Sherry, Port, Cognac, Madeira, Oloroso, Sauterne, Shiraz, Dual-Cask Finish, or Double-Matured.""",https://www.star-k.org/resource/list/W56J90P5/all_liquor#item-Q87KIXCM,"STAR-K all_liquor listing, item block item-Q87KIXCM (imported row index 1739)",2026-08-11,verified_against_current_official_source
STARK-item-VCHOMBK3,STAR-K,Bourbon and American Whiskey,Noble Oak,Bourbon,Not Approved,,False,,no_evidence,False,False,False,True,,STAR-K lists this as Not Approved. Do not use it.,https://www.star-k.org/resource/list/W56J90P5/all_liquor#item-VCHOMBK3,"STAR-K all_liquor listing, item block item-VCHOMBK3 (imported row index 1740)",2026-08-11,verified_against_current_official_source
STARK-item-2DLMHHEU,STAR-K,Bourbon and American Whiskey,Old Charter,Old Charter,Not Approved,,False,,no_evidence,False,False,False,True,,STAR-K lists this as Not Approved. Do not use it.,https://www.star-k.org/resource/list/W56J90P5/all_liquor#item-2DLMHHEU,"STAR-K all_liquor listing, item block item-2DLMHHEU (imported row index 1753)",2026-08-11,verified_against_current_official_source
STARK-item-SH4DXZ7E,STAR-K,Bourbon and American Whiskey,Old Crow,Old Crow,Approved,,False,false,no_evidence,False,True,False,False,"Not acceptable when labeled with the words ""Sherry, Port, Cognac, Madeira, Oloroso, Sauterne, Shiraz, Dual-Cask Finish, or Double-Matured.""","STAR-K approves this American whiskey without requiring a kosher symbol on the bottle. Condition recorded by STAR-K: Not acceptable when labeled with the words ""Sherry, Port, Cognac, Madeira, Oloroso, Sauterne, Shiraz, Dual-Cask Finish, or Double-Matured.""",https://www.star-k.org/resource/list/W56J90P5/all_liquor#item-SH4DXZ7E,"STAR-K all_liquor listing, item block item-SH4DXZ7E (imported row index 1754)",2026-08-11,verified_against_current_official_source
STARK-item-TR27C2Z7,STAR-K,Bourbon and American Whiskey,Old Fitzgerald,Old Fitzgerald,Approved,,False,false,no_evidence,False,True,False,False,"Not acceptable when labeled with the words ""Sherry, Port, Cognac, Madeira, Oloroso, Sauterne, Shiraz, Dual-Cask Finish, or Double-Matured.""","STAR-K approves this American whiskey without requiring a kosher symbol on the bottle. Condition recorded by STAR-K: Not acceptable when labeled with the words ""Sherry, Port, Cognac, Madeira, Oloroso, Sauterne, Shiraz, Dual-Cask Finish, or Double-Matured.""",https://www.star-k.org/resource/list/W56J90P5/all_liquor#item-TR27C2Z7,"STAR-K all_liquor listing, item block item-TR27C2Z7 (imported row index 1755)",2026-08-11,verified_against_current_official_source
STARK-item-U2Z1R4TY,STAR-K,Bourbon and American Whiskey,Old Grand-Dad,Old Grand-Dad,Approved,,False,false,no_evidence,False,True,False,False,"Not acceptable when labeled with the words ""Sherry, Port, Cognac, Madeira, Oloroso, Sauterne, Shiraz, Dual-Cask Finish, or Double-Matured.""","STAR-K approves this American whiskey without requiring a kosher symbol on the bottle. Condition recorded by STAR-K: Not acceptable when labeled with the words ""Sherry, Port, Cognac, Madeira, Oloroso, Sauterne, Shiraz, Dual-Cask Finish, or Double-Matured.""",https://www.star-k.org/resource/list/W56J90P5/all_liquor#item-U2Z1R4TY,"STAR-K all_liquor listing, item block item-U2Z1R4TY (imported row index 1757)",2026-08-11,verified_against_current_official_source
STARK-item-X9A4O7B7,STAR-K,Bourbon and American Whiskey,Old Pogue,Old Pogue,Approved,,False,false,no_evidence,False,True,False,False,"Not acceptable when labeled with the words ""Sherry, Port, Cognac, Madeira, Oloroso, Sauterne, Shiraz, Dual-Cask Finish, or Double-Matured.""","STAR-K approves this American whiskey without requiring a kosher symbol on the bottle. Condition recorded by STAR-K: Not acceptable when labeled with the words ""Sherry, Port, Cognac, Madeira, Oloroso, Sauterne, Shiraz, Dual-Cask Finish, or Double-Matured.""",https://www.star-k.org/resource/list/W56J90P5/all_liquor#item-X9A4O7B7,"STAR-K all_liquor listing, item block item-X9A4O7B7 (imported row index 1758)",2026-08-11,verified_against_current_official_source
STARK-item-V5HW5XNQ,STAR-K,Bourbon and American Whiskey,Old Rip Van Winkle,Pappy Van Winkle,Not Approved,,False,,no_evidence,False,False,False,True,,STAR-K lists this as Not Approved. Do not use it.,https://www.star-k.org/resource/list/W56J90P5/all_liquor#item-V5HW5XNQ,"STAR-K all_liquor listing, item block item-V5HW5XNQ (imported row index 1763)",2026-08-11,verified_against_current_official_source
STARK-item-SE0UMHJ7,STAR-K,Bourbon and American Whiskey,Old Rip Van Winkle,Van Winkle,Not Approved,,False,,no_evidence,False,False,False,True,,STAR-K lists this as Not Approved. Do not use it.,https://www.star-k.org/resource/list/W56J90P5/all_liquor#item-SE0UMHJ7,"STAR-K all_liquor listing, item block item-SE0UMHJ7 (imported row index 1764)",2026-08-11,verified_against_current_official_source
STARK-item-RAOGVR7E,STAR-K,Bourbon and American Whiskey,Old Taylor,Old Taylor,Not Approved,,False,,no_evidence,False,False,False,True,,STAR-K lists this as Not Approved. Do not use it.,https://www.star-k.org/resource/list/W56J90P5/all_liquor#item-RAOGVR7E,"STAR-K all_liquor listing, item block item-RAOGVR7E (imported row index 1765)",2026-08-11,verified_against_current_official_source
STARK-item-VBXT76NQ,STAR-K,Bourbon and American Whiskey,Old Thompson,Old Thompson,Not Approved,,False,,no_evidence,False,False,False,True,,STAR-K lists this as Not Approved. Do not use it.,https://www.star-k.org/resource/list/W56J90P5/all_liquor#item-VBXT76NQ,"STAR-K all_liquor listing, item block item-VBXT76NQ (imported row index 1766)",2026-08-11,verified_against_current_official_source
STARK-item-XLVNL8HI,STAR-K,Bourbon and American Whiskey,Old Weller,Antique,Not Approved,,False,,no_evidence,False,False,False,True,,STAR-K lists this as Not Approved. Do not use it.,https://www.star-k.org/resource/list/W56J90P5/all_liquor#item-XLVNL8HI,"STAR-K all_liquor listing, item block item-XLVNL8HI (imported row index 1767)",2026-08-11,verified_against_current_official_source
STARK-item-UUJ4PVTY,STAR-K,Bourbon and American Whiskey,Old Weller,Old Weller,Not Approved,,False,,no_evidence,False,False,False,True,,STAR-K lists this as Not Approved. Do not use it.,https://www.star-k.org/resource/list/W56J90P5/all_liquor#item-UUJ4PVTY,"STAR-K all_liquor listing, item block item-UUJ4PVTY (imported row index 1768)",2026-08-11,verified_against_current_official_source
STARK-item-YVTG19AA,STAR-K,Bourbon and American Whiskey,Old Williamsburg,Old Williamsburg (when bearing OU),Approved,OU,True,true,no_evidence,True,False,True,False,,STAR-K approves this ONLY if the bottle bears the OU symbol.,https://www.star-k.org/resource/list/W56J90P5/all_liquor#item-YVTG19AA,"STAR-K all_liquor listing, item block item-YVTG19AA (imported row index 1769)",2026-08-11,verified_against_current_official_source
STARK-item-Z6QAFA53,STAR-K,Bourbon and American Whiskey,Pappy Van Winkle,Pappy Van Winkle,Not Approved,,False,,no_evidence,False,False,False,True,,STAR-K lists this as Not Approved. Do not use it.,https://www.star-k.org/resource/list/W56J90P5/all_liquor#item-Z6QAFA53,"STAR-K all_liquor listing, item block item-Z6QAFA53 (imported row index 1801)",2026-08-11,verified_against_current_official_source
STARK-item-ZI9W496Y,STAR-K,Bourbon and American Whiskey,Parker's,Parker's,Approved,,False,false,no_evidence,False,True,False,False,"Not acceptable when labeled with the words ""Sherry, Port, Cognac, Madeira, Oloroso, Sauterne, Shiraz, Dual-Cask Finish, or Double-Matured.""","STAR-K approves this American whiskey without requiring a kosher symbol on the bottle. Condition recorded by STAR-K: Not acceptable when labeled with the words ""Sherry, Port, Cognac, Madeira, Oloroso, Sauterne, Shiraz, Dual-Cask Finish, or Double-Matured.""",https://www.star-k.org/resource/list/W56J90P5/all_liquor#item-ZI9W496Y,"STAR-K all_liquor listing, item block item-ZI9W496Y (imported row index 1802)",2026-08-11,verified_against_current_official_source
STARK-item-1S7QIAZQ,STAR-K,Bourbon and American Whiskey,Prichard's,Prichard's,Approved,,False,false,no_evidence,False,True,False,False,"Not acceptable when labeled with the words ""Sherry, Port, Cognac, Madeira, Oloroso, Sauterne, Shiraz, Dual-Cask Finish, or Double-Matured.""","STAR-K approves this American whiskey without requiring a kosher symbol on the bottle. Condition recorded by STAR-K: Not acceptable when labeled with the words ""Sherry, Port, Cognac, Madeira, Oloroso, Sauterne, Shiraz, Dual-Cask Finish, or Double-Matured.""",https://www.star-k.org/resource/list/W56J90P5/all_liquor#item-1S7QIAZQ,"STAR-K all_liquor listing, item block item-1S7QIAZQ (imported row index 1846)",2026-08-11,verified_against_current_official_source
STARK-item-XJPWCV0Y,STAR-K,Bourbon and American Whiskey,Rabbit Hole,Cavehill,Approved,,False,false,no_evidence,False,True,False,False,"Not acceptable when labeled with the words ""Sherry, Port, Cognac, Madeira, Oloroso, Sauterne, Shiraz, Dual-Cask Finish, or Double-Matured.""","STAR-K approves this American whiskey without requiring a kosher symbol on the bottle. Condition recorded by STAR-K: Not acceptable when labeled with the words ""Sherry, Port, Cognac, Madeira, Oloroso, Sauterne, Shiraz, Dual-Cask Finish, or Double-Matured.""",https://www.star-k.org/resource/list/W56J90P5/all_liquor#item-XJPWCV0Y,"STAR-K all_liquor listing, item block item-XJPWCV0Y (imported row index 1862)",2026-08-11,verified_against_current_official_source
STARK-item-QAL8ZCIU,STAR-K,Bourbon and American Whiskey,Rabbit Hole,Dareringer,Not Approved,,False,,no_evidence,False,False,False,True,,STAR-K lists this as Not Approved. Do not use it.,https://www.star-k.org/resource/list/W56J90P5/all_liquor#item-QAL8ZCIU,"STAR-K all_liquor listing, item block item-QAL8ZCIU (imported row index 1863)",2026-08-11,verified_against_current_official_source
STARK-item-YTNQRX4Q,STAR-K,Bourbon and American Whiskey,Rabbit Hole,Heigold,Approved,,False,false,no_evidence,False,True,False,False,"Not acceptable when labeled with the words ""Sherry, Port, Cognac, Madeira, Oloroso, Sauterne, Shiraz, Dual-Cask Finish, or Double-Matured.""","STAR-K approves this American whiskey without requiring a kosher symbol on the bottle. Condition recorded by STAR-K: Not acceptable when labeled with the words ""Sherry, Port, Cognac, Madeira, Oloroso, Sauterne, Shiraz, Dual-Cask Finish, or Double-Matured.""",https://www.star-k.org/resource/list/W56J90P5/all_liquor#item-YTNQRX4Q,"STAR-K all_liquor listing, item block item-YTNQRX4Q (imported row index 1864)",2026-08-11,verified_against_current_official_source
STARK-item-YNDJY1AA,STAR-K,Bourbon and American Whiskey,Rock Hill Farms,Rock Hill Farms,Not Approved,,False,,no_evidence,False,False,False,True,,STAR-K lists this as Not Approved. Do not use it.,https://www.star-k.org/resource/list/W56J90P5/all_liquor#item-YNDJY1AA,"STAR-K all_liquor listing, item block item-YNDJY1AA (imported row index 1901)",2026-08-11,verified_against_current_official_source
STARK-item-ZXACD353,STAR-K,Bourbon and American Whiskey,Rough Rider,Rough Rider,Not Approved,,False,,no_evidence,False,False,False,True,,STAR-K lists this as Not Approved. Do not use it.,https://www.star-k.org/resource/list/W56J90P5/all_liquor#item-ZXACD353,"STAR-K all_liquor listing, item block item-ZXACD353 (imported row index 1913)",2026-08-11,verified_against_current_official_source
STARK-item-2FO4UCYU,STAR-K,Bourbon and American Whiskey,Rowan's Creek,Rowan's Creek,Approved,,False,false,no_evidence,False,True,False,False,"Not acceptable when labeled with the words ""Sherry, Port, Cognac, Madeira, Oloroso, Sauterne, Shiraz, Dual-Cask Finish, or Double-Matured.""","STAR-K approves this American whiskey without requiring a kosher symbol on the bottle. Condition recorded by STAR-K: Not acceptable when labeled with the words ""Sherry, Port, Cognac, Madeira, Oloroso, Sauterne, Shiraz, Dual-Cask Finish, or Double-Matured.""",https://www.star-k.org/resource/list/W56J90P5/all_liquor#item-2FO4UCYU,"STAR-K all_liquor listing, item block item-2FO4UCYU (imported row index 1914)",2026-08-11,verified_against_current_official_source
STARK-item-QCRX0NQE,STAR-K,Bourbon and American Whiskey,Smooth Amber,Contradiction,Approved,,False,false,no_evidence,False,True,False,False,"Not acceptable when labeled with the words ""Sherry, Port, Cognac, Madeira, Oloroso, Sauterne, Shiraz, Dual-Cask Finish, or Double-Matured.""","STAR-K approves this American whiskey without requiring a kosher symbol on the bottle. Condition recorded by STAR-K: Not acceptable when labeled with the words ""Sherry, Port, Cognac, Madeira, Oloroso, Sauterne, Shiraz, Dual-Cask Finish, or Double-Matured.""",https://www.star-k.org/resource/list/W56J90P5/all_liquor#item-QCRX0NQE,"STAR-K all_liquor listing, item block item-QCRX0NQE (imported row index 2100)",2026-08-11,verified_against_current_official_source
STARK-item-3PMWAESM,STAR-K,Bourbon and American Whiskey,Smooth Amber,Old Scout 10 Year Old,Approved,,False,false,no_evidence,False,True,False,False,"Not acceptable when labeled with the words ""Sherry, Port, Cognac, Madeira, Oloroso, Sauterne, Shiraz, Dual-Cask Finish, or Double-Matured.""","STAR-K approves this American whiskey without requiring a kosher symbol on the bottle. Condition recorded by STAR-K: Not acceptable when labeled with the words ""Sherry, Port, Cognac, Madeira, Oloroso, Sauterne, Shiraz, Dual-Cask Finish, or Double-Matured.""",https://www.star-k.org/resource/list/W56J90P5/all_liquor#item-3PMWAESM,"STAR-K all_liquor listing, item block item-3PMWAESM (imported row index 2101)",2026-08-11,verified_against_current_official_source
STARK-item-SMPROPJ7,STAR-K,Bourbon and American Whiskey,Ten High,Ten High,Not Approved,,False,,no_evidence,False,False,False,True,,STAR-K lists this as Not Approved. Do not use it.,https://www.star-k.org/resource/list/W56J90P5/all_liquor#item-SMPROPJ7,"STAR-K all_liquor listing, item block item-SMPROPJ7 (imported row index 2157)",2026-08-11,verified_against_current_official_source
STARK-item-U82BPW1M,STAR-K,Bourbon and American Whiskey,Thinkers,Bourbon (when bearing STAR-K),Approved,STAR-K,True,true,no_evidence,True,False,True,False,,STAR-K approves this ONLY if the bottle bears the STAR-K symbol.,https://www.star-k.org/resource/list/W56J90P5/all_liquor#item-U82BPW1M,"STAR-K all_liquor listing, item block item-U82BPW1M (imported row index 2174)",2026-08-11,verified_against_current_official_source
STARK-item-TWNK4QDY,STAR-K,Bourbon and American Whiskey,Tom Moore,Tom Moore,Not Approved,,False,,no_evidence,False,False,False,True,,STAR-K lists this as Not Approved. Do not use it.,https://www.star-k.org/resource/list/W56J90P5/all_liquor#item-TWNK4QDY,"STAR-K all_liquor listing, item block item-TWNK4QDY (imported row index 2190)",2026-08-11,verified_against_current_official_source
STARK-item-RTU67RFQ,STAR-K,Bourbon and American Whiskey,Trader Joe's,Bourbon,Not Approved,,False,,no_evidence,False,False,False,True,,STAR-K lists this as Not Approved. Do not use it.,https://www.star-k.org/resource/list/W56J90P5/all_liquor#item-RTU67RFQ,"STAR-K all_liquor listing, item block item-RTU67RFQ (imported row index 2235)",2026-08-11,verified_against_current_official_source
STARK-item-XZ3OOF3U,STAR-K,Bourbon and American Whiskey,Trader Joe's,Kentucky Bourbon,Not Approved,,False,,no_evidence,False,False,False,True,,STAR-K lists this as Not Approved. Do not use it.,https://www.star-k.org/resource/list/W56J90P5/all_liquor#item-XZ3OOF3U,"STAR-K all_liquor listing, item block item-XZ3OOF3U (imported row index 2236)",2026-08-11,verified_against_current_official_source
STARK-item-RZ7DCNK3,STAR-K,Bourbon and American Whiskey,Traverse City,Straight Bourbon Whiskey (when bearing cRc),Approved,cRc,True,true,no_evidence,True,False,True,False,,STAR-K approves this ONLY if the bottle bears the cRc symbol.,https://www.star-k.org/resource/list/W56J90P5/all_liquor#item-RZ7DCNK3,"STAR-K all_liquor listing, item block item-RZ7DCNK3 (imported row index 2243)",2026-08-11,verified_against_current_official_source
STARK-item-U7LEIS8Q,STAR-K,Bourbon and American Whiskey,Van Wrinkle,Van Wrinkle,Not Approved,,False,,no_evidence,False,False,False,True,,STAR-K lists this as Not Approved. Do not use it.,https://www.star-k.org/resource/list/W56J90P5/all_liquor#item-U7LEIS8Q,"STAR-K all_liquor listing, item block item-U7LEIS8Q (imported row index 2317)",2026-08-11,verified_against_current_official_source
STARK-item-WGI8XU2I,STAR-K,Bourbon and American Whiskey,Very Old Barton,Very Old Barton,Not Approved,,False,,no_evidence,False,False,False,True,,STAR-K lists this as Not Approved. Do not use it.,https://www.star-k.org/resource/list/W56J90P5/all_liquor#item-WGI8XU2I,"STAR-K all_liquor listing, item block item-WGI8XU2I (imported row index 2325)",2026-08-11,verified_against_current_official_source
STARK-item-UY6HGK8Q,STAR-K,Bourbon and American Whiskey,Virginia Gentleman,Virginia Gentleman,Not Approved,,False,,no_evidence,False,False,False,True,,STAR-K lists this as Not Approved. Do not use it.,https://www.star-k.org/resource/list/W56J90P5/all_liquor#item-UY6HGK8Q,"STAR-K all_liquor listing, item block item-UY6HGK8Q (imported row index 2329)",2026-08-11,verified_against_current_official_source
STARK-item-V93AVM2I,STAR-K,Bourbon and American Whiskey,W. L. Weller,W. L. Weller,Not Approved,,False,,no_evidence,False,False,False,True,,STAR-K lists this as Not Approved. Do not use it.,https://www.star-k.org/resource/list/W56J90P5/all_liquor#item-V93AVM2I,"STAR-K all_liquor listing, item block item-V93AVM2I (imported row index 2332)",2026-08-11,verified_against_current_official_source
STARK-item-V71VO1TI,STAR-K,Bourbon and American Whiskey,Weldon Mills,All Malt Bourbon Whiskey,Approved,,False,false,no_evidence,False,True,False,False,,STAR-K approves this American whiskey without requiring a kosher symbol on the bottle.,https://www.star-k.org/resource/list/W56J90P5/all_liquor#item-V71VO1TI,"STAR-K all_liquor listing, item block item-V71VO1TI (imported row index 2333)",2026-08-11,verified_against_current_official_source
STARK-item-TM59UW6Y,STAR-K,Bourbon and American Whiskey,Weldon Mills,Norman's 53 Single Barrel Straight Bourbon Whiskey,Approved,,False,false,no_evidence,False,True,False,False,,STAR-K approves this American whiskey without requiring a kosher symbol on the bottle.,https://www.star-k.org/resource/list/W56J90P5/all_liquor#item-TM59UW6Y,"STAR-K all_liquor listing, item block item-TM59UW6Y (imported row index 2337)",2026-08-11,verified_against_current_official_source
STARK-item-XGYO43MA,STAR-K,Bourbon and American Whiskey,Weldon Mills,Reserve Bourbon Whiskey,Approved,,False,false,no_evidence,False,True,False,False,,STAR-K approves this American whiskey without requiring a kosher symbol on the bottle.,https://www.star-k.org/resource/list/W56J90P5/all_liquor#item-XGYO43MA,"STAR-K all_liquor listing, item block item-XGYO43MA (imported row index 2338)",2026-08-11,verified_against_current_official_source
STARK-item-YQWII5G3,STAR-K,Bourbon and American Whiskey,Weldon Mills,Select Bourbon Whiskey,Approved,,False,false,no_evidence,False,True,False,False,,STAR-K approves this American whiskey without requiring a kosher symbol on the bottle.,https://www.star-k.org/resource/list/W56J90P5/all_liquor#item-YQWII5G3,"STAR-K all_liquor listing, item block item-YQWII5G3 (imported row index 2340)",2026-08-11,verified_against_current_official_source
STARK-item-UW320YZQ,STAR-K,Bourbon and American Whiskey,Weldon Mills,Soldier's Cut Bourbon Whiskey,Approved,,False,false,no_evidence,False,True,False,False,,STAR-K approves this American whiskey without requiring a kosher symbol on the bottle.,https://www.star-k.org/resource/list/W56J90P5/all_liquor#item-UW320YZQ,"STAR-K all_liquor listing, item block item-UW320YZQ (imported row index 2341)",2026-08-11,verified_against_current_official_source
STARK-item-RP060OW3,STAR-K,Bourbon and American Whiskey,Weldon Mills,The Snorting Bull Bourbon Whiskey,Approved,,False,false,no_evidence,False,True,False,False,,STAR-K approves this American whiskey without requiring a kosher symbol on the bottle.,https://www.star-k.org/resource/list/W56J90P5/all_liquor#item-RP060OW3,"STAR-K all_liquor listing, item block item-RP060OW3 (imported row index 2342)",2026-08-11,verified_against_current_official_source
STARK-item-Z1TBX6AU,STAR-K,Bourbon and American Whiskey,Weldon Mills,Wheated Straight Bourbon Whiskey,Approved,,False,false,no_evidence,False,True,False,False,,STAR-K approves this American whiskey without requiring a kosher symbol on the bottle.,https://www.star-k.org/resource/list/W56J90P5/all_liquor#item-Z1TBX6AU,"STAR-K all_liquor listing, item block item-Z1TBX6AU (imported row index 2346)",2026-08-11,verified_against_current_official_source
STARK-item-Y1EURYO3,STAR-K,Bourbon and American Whiskey,Widow Jane,Straight Bourbon (Only Straight),Approved,,False,false,no_evidence,False,True,False,False,"Not acceptable when labeled with the words ""Sherry, Port, Cognac, Madeira, Oloroso, Sauterne, Shiraz, Dual-Cask Finish, or Double-Matured."" | (Only Straight)","STAR-K approves this American whiskey without requiring a kosher symbol on the bottle. Condition recorded by STAR-K: Not acceptable when labeled with the words ""Sherry, Port, Cognac, Madeira, Oloroso, Sauterne, Shiraz, Dual-Cask Finish, or Double-Matured."" | (Only Straight)",https://www.star-k.org/resource/list/W56J90P5/all_liquor#item-Y1EURYO3,"STAR-K all_liquor listing, item block item-Y1EURYO3 (imported row index 2355)",2026-08-11,verified_against_current_official_source
STARK-item-VA6P290I,STAR-K,Bourbon and American Whiskey,Wild Turkey,Bourbon,Approved,,False,false,no_evidence,False,True,False,False,,STAR-K approves this American whiskey without requiring a kosher symbol on the bottle.,https://www.star-k.org/resource/list/W56J90P5/all_liquor#item-VA6P290I,"STAR-K all_liquor listing, item block item-VA6P290I (imported row index 2362)",2026-08-11,verified_against_current_official_source
STARK-item-Z0CN71IU,STAR-K,Bourbon and American Whiskey,Wild Turkey,Bourbon 101,Approved,,False,false,no_evidence,False,True,False,False,"Not acceptable when labeled with the words ""Sherry, Port, Cognac, Madeira, Oloroso, Sauterne, Shiraz, Dual-Cask Finish, or Double-Matured.""","STAR-K approves this American whiskey without requiring a kosher symbol on the bottle. Condition recorded by STAR-K: Not acceptable when labeled with the words ""Sherry, Port, Cognac, Madeira, Oloroso, Sauterne, Shiraz, Dual-Cask Finish, or Double-Matured.""",https://www.star-k.org/resource/list/W56J90P5/all_liquor#item-Z0CN71IU,"STAR-K all_liquor listing, item block item-Z0CN71IU (imported row index 2363)",2026-08-11,verified_against_current_official_source
STARK-item-XK4JGA3A,STAR-K,Bourbon and American Whiskey,Wild Turkey,Kentucky Spirit Bourbon,Approved,,False,false,no_evidence,False,True,False,False,,STAR-K approves this American whiskey without requiring a kosher symbol on the bottle.,https://www.star-k.org/resource/list/W56J90P5/all_liquor#item-XK4JGA3A,"STAR-K all_liquor listing, item block item-XK4JGA3A (imported row index 2364)",2026-08-11,verified_against_current_official_source
STARK-item-2JAHL2CM,STAR-K,Bourbon and American Whiskey,Wild Turkey,Longbranch Bourbon,Approved,,False,false,no_evidence,False,True,False,False,"Not acceptable when labeled with the words ""Sherry, Port, Cognac, Madeira, Oloroso, Sauterne, Shiraz, Dual-Cask Finish, or Double-Matured.""","STAR-K approves this American whiskey without requiring a kosher symbol on the bottle. Condition recorded by STAR-K: Not acceptable when labeled with the words ""Sherry, Port, Cognac, Madeira, Oloroso, Sauterne, Shiraz, Dual-Cask Finish, or Double-Matured.""",https://www.star-k.org/resource/list/W56J90P5/all_liquor#item-2JAHL2CM,"STAR-K all_liquor listing, item block item-2JAHL2CM (imported row index 2365)",2026-08-11,verified_against_current_official_source
STARK-item-S058RPEU,STAR-K,Bourbon and American Whiskey,Wild Turkey,Rare Breed Bourbon,Approved,,False,false,no_evidence,False,True,False,False,"Not acceptable when labeled with the words ""Sherry, Port, Cognac, Madeira, Oloroso, Sauterne, Shiraz, Dual-Cask Finish, or Double-Matured.""","STAR-K approves this American whiskey without requiring a kosher symbol on the bottle. Condition recorded by STAR-K: Not acceptable when labeled with the words ""Sherry, Port, Cognac, Madeira, Oloroso, Sauterne, Shiraz, Dual-Cask Finish, or Double-Matured.""",https://www.star-k.org/resource/list/W56J90P5/all_liquor#item-S058RPEU,"STAR-K all_liquor listing, item block item-S058RPEU (imported row index 2366)",2026-08-11,verified_against_current_official_source
STARK-item-1OONUALI,STAR-K,Bourbon and American Whiskey,Wild Turkey,Russell's Reserve Single Barrel Whiskey,Approved,,False,false,no_evidence,False,True,False,False,"Not acceptable when labeled with the words ""Sherry, Port, Cognac, Madeira, Oloroso, Sauterne, Shiraz, Dual-Cask Finish, or Double-Matured.""","STAR-K approves this American whiskey without requiring a kosher symbol on the bottle. Condition recorded by STAR-K: Not acceptable when labeled with the words ""Sherry, Port, Cognac, Madeira, Oloroso, Sauterne, Shiraz, Dual-Cask Finish, or Double-Matured.""",https://www.star-k.org/resource/list/W56J90P5/all_liquor#item-1OONUALI,"STAR-K all_liquor listing, item block item-1OONUALI (imported row index 2367)",2026-08-11,verified_against_current_official_source
STARK-item-3T8A147E,STAR-K,Bourbon and American Whiskey,Willett,Willett,Approved,,False,false,no_evidence,False,True,False,False,"Not acceptable when labeled with the words ""Sherry, Port, Cognac, Madeira, Oloroso, Sauterne, Shiraz, Dual-Cask Finish, or Double-Matured.""","STAR-K approves this American whiskey without requiring a kosher symbol on the bottle. Condition recorded by STAR-K: Not acceptable when labeled with the words ""Sherry, Port, Cognac, Madeira, Oloroso, Sauterne, Shiraz, Dual-Cask Finish, or Double-Matured.""",https://www.star-k.org/resource/list/W56J90P5/all_liquor#item-3T8A147E,"STAR-K all_liquor listing, item block item-3T8A147E (imported row index 2369)",2026-08-11,verified_against_current_official_source
STARK-item-RGCBZC47,STAR-K,Bourbon and American Whiskey,Woodford Reserve,Woodford Reserve,Approved,,False,false,no_evidence,False,True,False,False,"Not acceptable when labeled with the words ""Sherry, Port, Cognac, Madeira, Oloroso, Sauterne, Shiraz, Dual-Cask Finish, or Double-Matured.""","STAR-K approves this American whiskey without requiring a kosher symbol on the bottle. Condition recorded by STAR-K: Not acceptable when labeled with the words ""Sherry, Port, Cognac, Madeira, Oloroso, Sauterne, Shiraz, Dual-Cask Finish, or Double-Matured.""",https://www.star-k.org/resource/list/W56J90P5/all_liquor#item-RGCBZC47,"STAR-K all_liquor listing, item block item-RGCBZC47 (imported row index 2373)",2026-08-11,verified_against_current_official_source
CRC-row647,cRc,Bourbon and American Whiskey,Old Weller,All Varieties,Not Recommended unless purchased before Pesach 1992/5752,,False,,no_evidence,False,False,False,True,,"cRc lists this as ""Not Recommended unless purchased before Pesach 1992/5752"". Do not use it.",https://consumer.crckosher.org/liquor/full-liquor-list/,"cRc full liquor list, table row 647 (category column = Bourbon and American Whiskey)",2026-08-11,verified_against_current_official_source
CRC-row648,cRc,Bourbon and American Whiskey,George T. Stagg,All Varieties,Not Recommended unless purchased before Pesach 1992/5752,,False,,no_evidence,False,False,False,True,,"cRc lists this as ""Not Recommended unless purchased before Pesach 1992/5752"". Do not use it.",https://consumer.crckosher.org/liquor/full-liquor-list/,"cRc full liquor list, table row 648 (category column = Bourbon and American Whiskey)",2026-08-11,verified_against_current_official_source
CRC-row650,cRc,Bourbon and American Whiskey,Jack Daniel's,Tennessee Honey,Not Recommended,,False,,no_evidence,False,False,False,True,,"cRc lists this as ""Not Recommended"". Do not use it.",https://consumer.crckosher.org/liquor/full-liquor-list/,"cRc full liquor list, table row 650 (category column = Bourbon and American Whiskey)",2026-08-11,verified_against_current_official_source
CRC-row651,cRc,Bourbon and American Whiskey,Rough Rider,Straight Bourbon Whiskey,Not Recommended,,False,,no_evidence,False,False,False,True,,"cRc lists this as ""Not Recommended"". Do not use it.",https://consumer.crckosher.org/liquor/full-liquor-list/,"cRc full liquor list, table row 651 (category column = Bourbon and American Whiskey)",2026-08-11,verified_against_current_official_source
CRC-row652,cRc,Bourbon and American Whiskey,Angel's Envy,Bourbon,Not Recommended,,False,,no_evidence,False,False,False,True,,"cRc lists this as ""Not Recommended"". Do not use it.",https://consumer.crckosher.org/liquor/full-liquor-list/,"cRc full liquor list, table row 652 (category column = Bourbon and American Whiskey)",2026-08-11,verified_against_current_official_source
CRC-row653,cRc,Bourbon and American Whiskey,Jim Beam,Devil's Cut,Acceptable (not certified),,False,false,no_evidence,False,True,False,False,,cRc lists this as acceptable without certification.,https://consumer.crckosher.org/liquor/full-liquor-list/,"cRc full liquor list, table row 653 (category column = Bourbon and American Whiskey)",2026-08-11,verified_against_current_official_source
CRC-row654,cRc,Bourbon and American Whiskey,Jim Beam,Black,Acceptable (not certified),,False,false,no_evidence,False,True,False,False,,cRc lists this as acceptable without certification.,https://consumer.crckosher.org/liquor/full-liquor-list/,"cRc full liquor list, table row 654 (category column = Bourbon and American Whiskey)",2026-08-11,verified_against_current_official_source
CRC-row655,cRc,Bourbon and American Whiskey,Jim Beam,Honey Liqueur,Certified,OU,True,false,no_evidence,False,True,False,False,,cRc lists this as Certified under OU. Per cRc's legend a symbol is not required on the bottle. This does NOT prove the bottle is printed with a symbol.,https://consumer.crckosher.org/liquor/full-liquor-list/,"cRc full liquor list, table row 655 (category column = Bourbon and American Whiskey)",2026-08-11,verified_against_current_official_source
CRC-row656,cRc,Bourbon and American Whiskey,Jim Beam,Maple Liqueur,Certified,OU,True,false,no_evidence,False,True,False,False,,cRc lists this as Certified under OU. Per cRc's legend a symbol is not required on the bottle. This does NOT prove the bottle is printed with a symbol.,https://consumer.crckosher.org/liquor/full-liquor-list/,"cRc full liquor list, table row 656 (category column = Bourbon and American Whiskey)",2026-08-11,verified_against_current_official_source
CRC-row657,cRc,Bourbon and American Whiskey,Knob Creek,Smoked Maple,Not Recommended,,False,,no_evidence,False,False,False,True,,"cRc lists this as ""Not Recommended"". Do not use it.",https://consumer.crckosher.org/liquor/full-liquor-list/,"cRc full liquor list, table row 657 (category column = Bourbon and American Whiskey)",2026-08-11,verified_against_current_official_source
CRC-row658,cRc,Bourbon and American Whiskey,Maker's 46,Unflavored,Acceptable (not certified),,False,false,no_evidence,False,True,False,False,,cRc lists this as acceptable without certification.,https://consumer.crckosher.org/liquor/full-liquor-list/,"cRc full liquor list, table row 658 (category column = Bourbon and American Whiskey)",2026-08-11,verified_against_current_official_source
CRC-row659,cRc,Bourbon and American Whiskey,Thomas H. Handy Sazerac,All Varieties,Not Recommended unless purchased before Pesach 1992/5752,,False,,no_evidence,False,False,False,True,,"cRc lists this as ""Not Recommended unless purchased before Pesach 1992/5752"". Do not use it.",https://consumer.crckosher.org/liquor/full-liquor-list/,"cRc full liquor list, table row 659 (category column = Bourbon and American Whiskey)",2026-08-11,verified_against_current_official_source
CRC-row660,cRc,Bourbon and American Whiskey,William Larue Weller,All Varieties,Not Recommended unless purchased before Pesach 1992/5752,,False,,no_evidence,False,False,False,True,,"cRc lists this as ""Not Recommended unless purchased before Pesach 1992/5752"". Do not use it.",https://consumer.crckosher.org/liquor/full-liquor-list/,"cRc full liquor list, table row 660 (category column = Bourbon and American Whiskey)",2026-08-11,verified_against_current_official_source
CRC-row661,cRc,Bourbon and American Whiskey,Jack Daniel's,Tennessee Fire,Not Recommended,,False,,no_evidence,False,False,False,True,,"cRc lists this as ""Not Recommended"". Do not use it.",https://consumer.crckosher.org/liquor/full-liquor-list/,"cRc full liquor list, table row 661 (category column = Bourbon and American Whiskey)",2026-08-11,verified_against_current_official_source
CRC-row662,cRc,Bourbon and American Whiskey,Fireball,Cinnamon Whisky,Not Recommended,,False,,no_evidence,False,False,False,True,,"cRc lists this as ""Not Recommended"". Do not use it.",https://consumer.crckosher.org/liquor/full-liquor-list/,"cRc full liquor list, table row 662 (category column = Bourbon and American Whiskey)",2026-08-11,verified_against_current_official_source
CRC-row663,cRc,Bourbon and American Whiskey,Jack Daniel's,Winter Jack Tennessee Cider,Not Recommended,,False,,no_evidence,False,False,False,True,,"cRc lists this as ""Not Recommended"". Do not use it.",https://consumer.crckosher.org/liquor/full-liquor-list/,"cRc full liquor list, table row 663 (category column = Bourbon and American Whiskey)",2026-08-11,verified_against_current_official_source
CRC-row664,cRc,Bourbon and American Whiskey,FEW Spirits,Bourbon Whiskey,Not Recommended,,False,,no_evidence,False,False,False,True,,"cRc lists this as ""Not Recommended"". Do not use it.",https://consumer.crckosher.org/liquor/full-liquor-list/,"cRc full liquor list, table row 664 (category column = Bourbon and American Whiskey)",2026-08-11,verified_against_current_official_source
CRC-row665,cRc,Bourbon and American Whiskey,Terebelo,Assorted Varieties,Certified,Star-K,True,true,no_evidence,True,False,True,False,Certified when bearing the Star-K logo,cRc certifies this ONLY when the bottle bears the Star-K logo.,https://consumer.crckosher.org/liquor/full-liquor-list/,"cRc full liquor list, table row 665 (category column = Bourbon and American Whiskey)",2026-08-11,verified_against_current_official_source
CRC-row666,cRc,Bourbon and American Whiskey,Thinkers,Thinkers Dew of B'Dolah Bourbon Whiskey,Certified,Star-K,True,true,no_evidence,True,False,True,False,Certified when bearing the Star-K logo,cRc certifies this ONLY when the bottle bears the Star-K logo.,https://consumer.crckosher.org/liquor/full-liquor-list/,"cRc full liquor list, table row 666 (category column = Bourbon and American Whiskey)",2026-08-11,verified_against_current_official_source
CRC-row667,cRc,Bourbon and American Whiskey,Bondstone,Cask Strength Kentucky Straight Bourbon Whiskey,Certified,cRc,True,true,no_evidence,True,False,True,False,Certified when bearing the cRc logo,cRc certifies this ONLY when the bottle bears the cRc logo.,https://consumer.crckosher.org/liquor/full-liquor-list/,"cRc full liquor list, table row 667 (category column = Bourbon and American Whiskey)",2026-08-11,verified_against_current_official_source
CRC-row668,cRc,Bourbon and American Whiskey,Bondstone,Distillers Select Kentucky Straight Bourbon Whiskey,Certified,cRc,True,true,no_evidence,True,False,True,False,Certified when bearing the cRc logo,cRc certifies this ONLY when the bottle bears the cRc logo.,https://consumer.crckosher.org/liquor/full-liquor-list/,"cRc full liquor list, table row 668 (category column = Bourbon and American Whiskey)",2026-08-11,verified_against_current_official_source
CRC-row669,cRc,Bourbon and American Whiskey,Bondstone,"Heritage Reserve, Quad Oak Bourbon",Certified,cRc,True,true,no_evidence,True,False,True,False,Certified when bearing the cRc logo,cRc certifies this ONLY when the bottle bears the cRc logo.,https://consumer.crckosher.org/liquor/full-liquor-list/,"cRc full liquor list, table row 669 (category column = Bourbon and American Whiskey)",2026-08-11,verified_against_current_official_source
CRC-row670,cRc,Bourbon and American Whiskey,Bondstone,Kentucky Straight Bourbon Whiskey,Certified,cRc,True,true,no_evidence,True,False,True,False,Certified when bearing the cRc logo,cRc certifies this ONLY when the bottle bears the cRc logo.,https://consumer.crckosher.org/liquor/full-liquor-list/,"cRc full liquor list, table row 670 (category column = Bourbon and American Whiskey)",2026-08-11,verified_against_current_official_source
CRC-row671,cRc,Bourbon and American Whiskey,Bondstone,Kentucky Straight Bourbon Whiskey Double Oak,Certified,cRc,True,true,no_evidence,True,False,True,False,Certified when bearing the cRc logo,cRc certifies this ONLY when the bottle bears the cRc logo.,https://consumer.crckosher.org/liquor/full-liquor-list/,"cRc full liquor list, table row 671 (category column = Bourbon and American Whiskey)",2026-08-11,verified_against_current_official_source
CRC-row672,cRc,Bourbon and American Whiskey,Bondstone,Toasted Kentucky Straight Bourbon Whiskey,Certified,cRc,True,true,no_evidence,True,False,True,False,Certified when bearing the cRc logo,cRc certifies this ONLY when the bottle bears the cRc logo.,https://consumer.crckosher.org/liquor/full-liquor-list/,"cRc full liquor list, table row 672 (category column = Bourbon and American Whiskey)",2026-08-11,verified_against_current_official_source
CRC-row673,cRc,Bourbon and American Whiskey,Bondstone,Triple Oak Bourbon,Certified,cRc,True,true,no_evidence,True,False,True,False,Certified when bearing the cRc logo,cRc certifies this ONLY when the bottle bears the cRc logo.,https://consumer.crckosher.org/liquor/full-liquor-list/,"cRc full liquor list, table row 673 (category column = Bourbon and American Whiskey)",2026-08-11,verified_against_current_official_source
CRC-row674,cRc,Bourbon and American Whiskey,Jim Beam,Kentucky Fire Liqueur,Certified,OU,True,false,no_evidence,False,True,False,False,,cRc lists this as Certified under OU. Per cRc's legend a symbol is not required on the bottle. This does NOT prove the bottle is printed with a symbol.,https://consumer.crckosher.org/liquor/full-liquor-list/,"cRc full liquor list, table row 674 (category column = Bourbon and American Whiskey)",2026-08-11,verified_against_current_official_source
CRC-row675,cRc,Bourbon and American Whiskey,First Call,Cask Strength Kentucky Straight Bourbon Whiskey,Certified,cRc,True,true,no_evidence,True,False,True,False,Certified when bearing the cRc logo,cRc certifies this ONLY when the bottle bears the cRc logo.,https://consumer.crckosher.org/liquor/full-liquor-list/,"cRc full liquor list, table row 675 (category column = Bourbon and American Whiskey)",2026-08-11,verified_against_current_official_source
CRC-row676,cRc,Bourbon and American Whiskey,First Call,Double Oak Kentucky Straight Bourbon Whiskey,Certified,cRc,True,true,no_evidence,True,False,True,False,Certified when bearing the cRc logo,cRc certifies this ONLY when the bottle bears the cRc logo.,https://consumer.crckosher.org/liquor/full-liquor-list/,"cRc full liquor list, table row 676 (category column = Bourbon and American Whiskey)",2026-08-11,verified_against_current_official_source
CRC-row677,cRc,Bourbon and American Whiskey,First Call,Kentucky Straight Bourbon Whiskey,Certified,cRc,True,true,no_evidence,True,False,True,False,Certified when bearing the cRc logo,cRc certifies this ONLY when the bottle bears the cRc logo.,https://consumer.crckosher.org/liquor/full-liquor-list/,"cRc full liquor list, table row 677 (category column = Bourbon and American Whiskey)",2026-08-11,verified_against_current_official_source
CRC-row678,cRc,Bourbon and American Whiskey,McFarlane's,Four Grain Kentucky Straight Bourbon Whiskey,Certified,cRc,True,true,no_evidence,True,False,True,False,Certified when bearing the cRc logo,cRc certifies this ONLY when the bottle bears the cRc logo.,https://consumer.crckosher.org/liquor/full-liquor-list/,"cRc full liquor list, table row 678 (category column = Bourbon and American Whiskey)",2026-08-11,verified_against_current_official_source
CRC-row679,cRc,Bourbon and American Whiskey,McFarlane's,Kentucky Straight Bourbon Whiskey,Certified,cRc,True,true,no_evidence,True,False,True,False,Certified when bearing the cRc logo,cRc certifies this ONLY when the bottle bears the cRc logo.,https://consumer.crckosher.org/liquor/full-liquor-list/,"cRc full liquor list, table row 679 (category column = Bourbon and American Whiskey)",2026-08-11,verified_against_current_official_source
CRC-row680,cRc,Bourbon and American Whiskey,McFarlane's,Select Kentucky Straight Bourbon Whiskey,Certified,cRc,True,true,no_evidence,True,False,True,False,Certified when bearing the cRc logo,cRc certifies this ONLY when the bottle bears the cRc logo.,https://consumer.crckosher.org/liquor/full-liquor-list/,"cRc full liquor list, table row 680 (category column = Bourbon and American Whiskey)",2026-08-11,verified_against_current_official_source
CRC-row681,cRc,Bourbon and American Whiskey,Old Emmer,Caribbean Dark Rum Barrel Finished Kentucky Straight Bourbon Whiskey,Certified,cRc,True,true,no_evidence,True,False,True,False,Certified when bearing the cRc logo,cRc certifies this ONLY when the bottle bears the cRc logo.,https://consumer.crckosher.org/liquor/full-liquor-list/,"cRc full liquor list, table row 681 (category column = Bourbon and American Whiskey)",2026-08-11,verified_against_current_official_source
CRC-row682,cRc,Bourbon and American Whiskey,Old Emmer,Kentucky Straight Bourbon Whiskey,Certified,cRc,True,true,no_evidence,True,False,True,False,Certified when bearing the cRc logo,cRc certifies this ONLY when the bottle bears the cRc logo.,https://consumer.crckosher.org/liquor/full-liquor-list/,"cRc full liquor list, table row 682 (category column = Bourbon and American Whiskey)",2026-08-11,verified_against_current_official_source
CRC-row683,cRc,Bourbon and American Whiskey,Old Emmer,Cask Strength Kentucky Straight Bourbon Whiskey,Certified,cRc,True,true,no_evidence,True,False,True,False,Certified when bearing the cRc logo,cRc certifies this ONLY when the bottle bears the cRc logo.,https://consumer.crckosher.org/liquor/full-liquor-list/,"cRc full liquor list, table row 683 (category column = Bourbon and American Whiskey)",2026-08-11,verified_against_current_official_source
CRC-row684,cRc,Bourbon and American Whiskey,Old Emmer,Toasted Kentucky Straight Bourbon Whiskey,Certified,cRc,True,true,no_evidence,True,False,True,False,Certified when bearing the cRc logo,cRc certifies this ONLY when the bottle bears the cRc logo.,https://consumer.crckosher.org/liquor/full-liquor-list/,"cRc full liquor list, table row 684 (category column = Bourbon and American Whiskey)",2026-08-11,verified_against_current_official_source
CRC-row685,cRc,Bourbon and American Whiskey,Tradewater,All Varieties,Not Recommended unless purchased before Pesach 2020/5780,,False,,no_evidence,False,False,False,True,,"cRc lists this as ""Not Recommended unless purchased before Pesach 2020/5780"". Do not use it.",https://consumer.crckosher.org/liquor/full-liquor-list/,"cRc full liquor list, table row 685 (category column = Bourbon and American Whiskey)",2026-08-11,verified_against_current_official_source
CRC-row686,cRc,Bourbon and American Whiskey,Traveller,All Varieties,Not Recommended unless purchased before Pesach 2020/5780,,False,,no_evidence,False,False,False,True,,"cRc lists this as ""Not Recommended unless purchased before Pesach 2020/5780"". Do not use it.",https://consumer.crckosher.org/liquor/full-liquor-list/,"cRc full liquor list, table row 686 (category column = Bourbon and American Whiskey)",2026-08-11,verified_against_current_official_source
CRC-row687,cRc,Bourbon and American Whiskey,Black Dirt Distillery,Bourbon,Certified,Star-K,True,true,no_evidence,True,False,True,False,Certified when bearing the Star-K logo,cRc certifies this ONLY when the bottle bears the Star-K logo.,https://consumer.crckosher.org/liquor/full-liquor-list/,"cRc full liquor list, table row 687 (category column = Bourbon and American Whiskey)",2026-08-11,verified_against_current_official_source
CRC-row688,cRc,Bourbon and American Whiskey,Koval,Assorted Varieties,Certified,OU,True,true,no_evidence,True,False,True,False,Certified when bearing the OU logo,cRc certifies this ONLY when the bottle bears the OU logo.,https://consumer.crckosher.org/liquor/full-liquor-list/,"cRc full liquor list, table row 688 (category column = Bourbon and American Whiskey)",2026-08-11,verified_against_current_official_source
CRC-row689,cRc,Bourbon and American Whiskey,Stagg Jr.,All Varieties,Not Recommended unless purchased before Pesach 1992/5752,,False,,no_evidence,False,False,False,True,,"cRc lists this as ""Not Recommended unless purchased before Pesach 1992/5752"". Do not use it.",https://consumer.crckosher.org/liquor/full-liquor-list/,"cRc full liquor list, table row 689 (category column = Bourbon and American Whiskey)",2026-08-11,verified_against_current_official_source
CRC-row690,cRc,Bourbon and American Whiskey,Jim Beam,Apple Liqueur,Certified,OU,True,false,no_evidence,False,True,False,False,,cRc lists this as Certified under OU. Per cRc's legend a symbol is not required on the bottle. This does NOT prove the bottle is printed with a symbol.,https://consumer.crckosher.org/liquor/full-liquor-list/,"cRc full liquor list, table row 690 (category column = Bourbon and American Whiskey)",2026-08-11,verified_against_current_official_source
CRC-row691,cRc,Bourbon and American Whiskey,Woodford Reserve,Frosty Four Wood,Not Recommended,,False,,no_evidence,False,False,False,True,,"cRc lists this as ""Not Recommended"". Do not use it.",https://consumer.crckosher.org/liquor/full-liquor-list/,"cRc full liquor list, table row 691 (category column = Bourbon and American Whiskey)",2026-08-11,verified_against_current_official_source
CRC-row692,cRc,Bourbon and American Whiskey,Barton,American Whiskey,Not Recommended unless purchased before Pesach 2009/5769,,False,,no_evidence,False,False,False,True,,"cRc lists this as ""Not Recommended unless purchased before Pesach 2009/5769"". Do not use it.",https://consumer.crckosher.org/liquor/full-liquor-list/,"cRc full liquor list, table row 692 (category column = Bourbon and American Whiskey)",2026-08-11,verified_against_current_official_source
CRC-row693,cRc,Bourbon and American Whiskey,Carstairs,White Seal American Whiskey,Not Recommended unless purchased before Pesach 2009/5769,,False,,no_evidence,False,False,False,True,,"cRc lists this as ""Not Recommended unless purchased before Pesach 2009/5769"". Do not use it.",https://consumer.crckosher.org/liquor/full-liquor-list/,"cRc full liquor list, table row 693 (category column = Bourbon and American Whiskey)",2026-08-11,verified_against_current_official_source
CRC-row694,cRc,Bourbon and American Whiskey,Club 400,Blended Whiskey,Not Recommended unless purchased before Pesach 2009/5769,,False,,no_evidence,False,False,False,True,,"cRc lists this as ""Not Recommended unless purchased before Pesach 2009/5769"". Do not use it.",https://consumer.crckosher.org/liquor/full-liquor-list/,"cRc full liquor list, table row 694 (category column = Bourbon and American Whiskey)",2026-08-11,verified_against_current_official_source
CRC-row695,cRc,Bourbon and American Whiskey,Coulsons,American Whiskey,Not Recommended unless purchased before Pesach 2009/5769,,False,,no_evidence,False,False,False,True,,"cRc lists this as ""Not Recommended unless purchased before Pesach 2009/5769"". Do not use it.",https://consumer.crckosher.org/liquor/full-liquor-list/,"cRc full liquor list, table row 695 (category column = Bourbon and American Whiskey)",2026-08-11,verified_against_current_official_source
CRC-row696,cRc,Bourbon and American Whiskey,Fleischmann's,Blended Whiskey,Not Recommended unless purchased before Pesach 2009/5769,,False,,no_evidence,False,False,False,True,,"cRc lists this as ""Not Recommended unless purchased before Pesach 2009/5769"". Do not use it.",https://consumer.crckosher.org/liquor/full-liquor-list/,"cRc full liquor list, table row 696 (category column = Bourbon and American Whiskey)",2026-08-11,verified_against_current_official_source
CRC-row697,cRc,Bourbon and American Whiskey,Hobble Creek,Blended Whiskey,Not Recommended unless purchased before Pesach 2009/5769,,False,,no_evidence,False,False,False,True,,"cRc lists this as ""Not Recommended unless purchased before Pesach 2009/5769"". Do not use it.",https://consumer.crckosher.org/liquor/full-liquor-list/,"cRc full liquor list, table row 697 (category column = Bourbon and American Whiskey)",2026-08-11,verified_against_current_official_source
CRC-row698,cRc,Bourbon and American Whiskey,Imperial,American Whiskey,Not Recommended unless purchased before Pesach 2009/5769,,False,,no_evidence,False,False,False,True,,"cRc lists this as ""Not Recommended unless purchased before Pesach 2009/5769"". Do not use it.",https://consumer.crckosher.org/liquor/full-liquor-list/,"cRc full liquor list, table row 698 (category column = Bourbon and American Whiskey)",2026-08-11,verified_against_current_official_source
CRC-row699,cRc,Bourbon and American Whiskey,Kentucky Dale,All Varieties,Not Recommended unless purchased before Pesach 2009/5769,,False,,no_evidence,False,False,False,True,,"cRc lists this as ""Not Recommended unless purchased before Pesach 2009/5769"". Do not use it.",https://consumer.crckosher.org/liquor/full-liquor-list/,"cRc full liquor list, table row 699 (category column = Bourbon and American Whiskey)",2026-08-11,verified_against_current_official_source
CRC-row700,cRc,Bourbon and American Whiskey,Lawrence,All Varieties,Not Recommended unless purchased before Pesach 2009/5769,,False,,no_evidence,False,False,False,True,,"cRc lists this as ""Not Recommended unless purchased before Pesach 2009/5769"". Do not use it.",https://consumer.crckosher.org/liquor/full-liquor-list/,"cRc full liquor list, table row 700 (category column = Bourbon and American Whiskey)",2026-08-11,verified_against_current_official_source
CRC-row701,cRc,Bourbon and American Whiskey,Lord Baltimore,All Varieties,Not Recommended unless purchased before Pesach 2009/5769,,False,,no_evidence,False,False,False,True,,"cRc lists this as ""Not Recommended unless purchased before Pesach 2009/5769"". Do not use it.",https://consumer.crckosher.org/liquor/full-liquor-list/,"cRc full liquor list, table row 701 (category column = Bourbon and American Whiskey)",2026-08-11,verified_against_current_official_source
CRC-row702,cRc,Bourbon and American Whiskey,Old Thompson,All Varieties,Not Recommended unless purchased before Pesach 2009/5769,,False,,no_evidence,False,False,False,True,,"cRc lists this as ""Not Recommended unless purchased before Pesach 2009/5769"". Do not use it.",https://consumer.crckosher.org/liquor/full-liquor-list/,"cRc full liquor list, table row 702 (category column = Bourbon and American Whiskey)",2026-08-11,verified_against_current_official_source
CRC-row703,cRc,Bourbon and American Whiskey,Royale Club,All Varieties,Not Recommended unless purchased before Pesach 2009/5769,,False,,no_evidence,False,False,False,True,,"cRc lists this as ""Not Recommended unless purchased before Pesach 2009/5769"". Do not use it.",https://consumer.crckosher.org/liquor/full-liquor-list/,"cRc full liquor list, table row 703 (category column = Bourbon and American Whiskey)",2026-08-11,verified_against_current_official_source
CRC-row704,cRc,Bourbon and American Whiskey,Sutton Club,Blended Whiskey,Not Recommended unless purchased before Pesach 2009/5769,,False,,no_evidence,False,False,False,True,,"cRc lists this as ""Not Recommended unless purchased before Pesach 2009/5769"". Do not use it.",https://consumer.crckosher.org/liquor/full-liquor-list/,"cRc full liquor list, table row 704 (category column = Bourbon and American Whiskey)",2026-08-11,verified_against_current_official_source
CRC-row705,cRc,Bourbon and American Whiskey,Travelers Club,Blended Whiskey,Not Recommended unless purchased before Pesach 2009/5769,,False,,no_evidence,False,False,False,True,,"cRc lists this as ""Not Recommended unless purchased before Pesach 2009/5769"". Do not use it.",https://consumer.crckosher.org/liquor/full-liquor-list/,"cRc full liquor list, table row 705 (category column = Bourbon and American Whiskey)",2026-08-11,verified_against_current_official_source
CRC-row706,cRc,Bourbon and American Whiskey,Corner Creek,All Varieties,Not Recommended,,False,,no_evidence,False,False,False,True,,"cRc lists this as ""Not Recommended"". Do not use it.",https://consumer.crckosher.org/liquor/full-liquor-list/,"cRc full liquor list, table row 706 (category column = Bourbon and American Whiskey)",2026-08-11,verified_against_current_official_source
CRC-row707,cRc,Bourbon and American Whiskey,Clyde Mays,Alabama Style Whiskey,Not Recommended,,False,,no_evidence,False,False,False,True,,"cRc lists this as ""Not Recommended"". Do not use it.",https://consumer.crckosher.org/liquor/full-liquor-list/,"cRc full liquor list, table row 707 (category column = Bourbon and American Whiskey)",2026-08-11,verified_against_current_official_source
CRC-row708,cRc,Bourbon and American Whiskey,Slaughter House,American Whiskey,Not Recommended,,False,,no_evidence,False,False,False,True,,"cRc lists this as ""Not Recommended"". Do not use it.",https://consumer.crckosher.org/liquor/full-liquor-list/,"cRc full liquor list, table row 708 (category column = Bourbon and American Whiskey)",2026-08-11,verified_against_current_official_source
CRC-row709,cRc,Bourbon and American Whiskey,Straight Edge,Bourbon,Not Recommended,,False,,no_evidence,False,False,False,True,,"cRc lists this as ""Not Recommended"". Do not use it.",https://consumer.crckosher.org/liquor/full-liquor-list/,"cRc full liquor list, table row 709 (category column = Bourbon and American Whiskey)",2026-08-11,verified_against_current_official_source
CRC-row710,cRc,Bourbon and American Whiskey,John J. Bowman,All Varieties,Not Recommended unless purchased before Pesach 2003/5763,,False,,no_evidence,False,False,False,True,,"cRc lists this as ""Not Recommended unless purchased before Pesach 2003/5763"". Do not use it.",https://consumer.crckosher.org/liquor/full-liquor-list/,"cRc full liquor list, table row 710 (category column = Bourbon and American Whiskey)",2026-08-11,verified_against_current_official_source
CRC-row711,cRc,Bourbon and American Whiskey,Trader Joe's,Kentucky Bourbon Straight Whiskey,Not Recommended unless purchased before Pesach 2017/5777,,False,,no_evidence,False,False,False,True,,"cRc lists this as ""Not Recommended unless purchased before Pesach 2017/5777"". Do not use it.",https://consumer.crckosher.org/liquor/full-liquor-list/,"cRc full liquor list, table row 711 (category column = Bourbon and American Whiskey)",2026-08-11,verified_against_current_official_source
CRC-row712,cRc,Bourbon and American Whiskey,Kelsey Creek,All Varieties,Not Recommended unless purchased before Pesach 1992/5752,,False,,no_evidence,False,False,False,True,,"cRc lists this as ""Not Recommended unless purchased before Pesach 1992/5752"". Do not use it.",https://consumer.crckosher.org/liquor/full-liquor-list/,"cRc full liquor list, table row 712 (category column = Bourbon and American Whiskey)",2026-08-11,verified_against_current_official_source
CRC-row713,cRc,Bourbon and American Whiskey,Zackariah Harris,All Varieties,Not Recommended unless purchased before Pesach 1992/5752,,False,,no_evidence,False,False,False,True,,"cRc lists this as ""Not Recommended unless purchased before Pesach 1992/5752"". Do not use it.",https://consumer.crckosher.org/liquor/full-liquor-list/,"cRc full liquor list, table row 713 (category column = Bourbon and American Whiskey)",2026-08-11,verified_against_current_official_source
CRC-row714,cRc,Bourbon and American Whiskey,Jim Beam,Distiller's Masterpiece,Not Recommended,,False,,no_evidence,False,False,False,True,,"cRc lists this as ""Not Recommended"". Do not use it.",https://consumer.crckosher.org/liquor/full-liquor-list/,"cRc full liquor list, table row 714 (category column = Bourbon and American Whiskey)",2026-08-11,verified_against_current_official_source
CRC-row715,cRc,Bourbon and American Whiskey,C.B. Jackson Bourbon,All Varieties,Not Recommended unless purchased before Pesach 1992/5752,,False,,no_evidence,False,False,False,True,,"cRc lists this as ""Not Recommended unless purchased before Pesach 1992/5752"". Do not use it.",https://consumer.crckosher.org/liquor/full-liquor-list/,"cRc full liquor list, table row 715 (category column = Bourbon and American Whiskey)",2026-08-11,verified_against_current_official_source
CRC-row716,cRc,Bourbon and American Whiskey,Stonehammer,All Varieties,Not Recommended unless purchased before Pesach 1992/5752,,False,,no_evidence,False,False,False,True,,"cRc lists this as ""Not Recommended unless purchased before Pesach 1992/5752"". Do not use it.",https://consumer.crckosher.org/liquor/full-liquor-list/,"cRc full liquor list, table row 716 (category column = Bourbon and American Whiskey)",2026-08-11,verified_against_current_official_source
CRC-row717,cRc,Bourbon and American Whiskey,Noble Oak,Bourbon,Not Recommended,,False,,no_evidence,False,False,False,True,,"cRc lists this as ""Not Recommended"". Do not use it.",https://consumer.crckosher.org/liquor/full-liquor-list/,"cRc full liquor list, table row 717 (category column = Bourbon and American Whiskey)",2026-08-11,verified_against_current_official_source
CRC-row718,cRc,Bourbon and American Whiskey,Walking Stick,All Varieties,Not Recommended unless purchased before Pesach 1992/5752,,False,,no_evidence,False,False,False,True,,"cRc lists this as ""Not Recommended unless purchased before Pesach 1992/5752"". Do not use it.",https://consumer.crckosher.org/liquor/full-liquor-list/,"cRc full liquor list, table row 718 (category column = Bourbon and American Whiskey)",2026-08-11,verified_against_current_official_source
CRC-row719,cRc,Bourbon and American Whiskey,Jim Beam,Legent,Not Recommended,,False,,no_evidence,False,False,False,True,,"cRc lists this as ""Not Recommended"". Do not use it.",https://consumer.crckosher.org/liquor/full-liquor-list/,"cRc full liquor list, table row 719 (category column = Bourbon and American Whiskey)",2026-08-11,verified_against_current_official_source
CRC-row720,cRc,Bourbon and American Whiskey,Blackened,All Varieties,Not Recommended,,False,,no_evidence,False,False,False,True,,"cRc lists this as ""Not Recommended"". Do not use it.",https://consumer.crckosher.org/liquor/full-liquor-list/,"cRc full liquor list, table row 720 (category column = Bourbon and American Whiskey)",2026-08-11,verified_against_current_official_source
CRC-row721,cRc,Bourbon and American Whiskey,Jack Daniel's,Tennessee Tasters' Selection - Barrel Reunion #1,Not Recommended,,False,,no_evidence,False,False,False,True,,"cRc lists this as ""Not Recommended"". Do not use it.",https://consumer.crckosher.org/liquor/full-liquor-list/,"cRc full liquor list, table row 721 (category column = Bourbon and American Whiskey)",2026-08-11,verified_against_current_official_source
CRC-row722,cRc,Bourbon and American Whiskey,CALI,CALI Whiskey,Certified,Star-K,True,true,no_evidence,True,False,True,False,Certified when bearing the Star-K logo,cRc certifies this ONLY when the bottle bears the Star-K logo.,https://consumer.crckosher.org/liquor/full-liquor-list/,"cRc full liquor list, table row 722 (category column = Bourbon and American Whiskey)",2026-08-11,verified_against_current_official_source
CRC-row723,cRc,Bourbon and American Whiskey,CALI,Mavericks Whiskey,Certified,Star-K,True,true,no_evidence,True,False,True,False,Certified when bearing the Star-K logo,cRc certifies this ONLY when the bottle bears the Star-K logo.,https://consumer.crckosher.org/liquor/full-liquor-list/,"cRc full liquor list, table row 723 (category column = Bourbon and American Whiskey)",2026-08-11,verified_against_current_official_source
CRC-row725,cRc,Bourbon and American Whiskey,Laws,Straight Corn Whiskey - Bottled in Bond,Certified,Scroll K,True,false,no_evidence,False,True,False,False,,cRc lists this as Certified under Scroll K. Per cRc's legend a symbol is not required on the bottle. This does NOT prove the bottle is printed with a symbol.,https://consumer.crckosher.org/liquor/full-liquor-list/,"cRc full liquor list, table row 725 (category column = Bourbon and American Whiskey)",2026-08-11,verified_against_current_official_source
CRC-row726,cRc,Bourbon and American Whiskey,Laws,Four Grain Straight Bourbon Whiskey,Certified,Scroll K,True,false,no_evidence,False,True,False,False,,cRc lists this as Certified under Scroll K. Per cRc's legend a symbol is not required on the bottle. This does NOT prove the bottle is printed with a symbol.,https://consumer.crckosher.org/liquor/full-liquor-list/,"cRc full liquor list, table row 726 (category column = Bourbon and American Whiskey)",2026-08-11,verified_against_current_official_source
CRC-row727,cRc,Bourbon and American Whiskey,Laws,Two Grain Straight Bourbon Whiskey,Certified,Scroll K,True,false,no_evidence,False,True,False,False,,cRc lists this as Certified under Scroll K. Per cRc's legend a symbol is not required on the bottle. This does NOT prove the bottle is printed with a symbol.,https://consumer.crckosher.org/liquor/full-liquor-list/,"cRc full liquor list, table row 727 (category column = Bourbon and American Whiskey)",2026-08-11,verified_against_current_official_source
CRC-row728,cRc,Bourbon and American Whiskey,Buffalo Trace,Kosher Bourbon Wheat Recipe,Certified,cRc,True,true,no_evidence,True,False,True,False,Certified when bearing the cRc logo,cRc certifies this ONLY when the bottle bears the cRc logo.,https://consumer.crckosher.org/liquor/full-liquor-list/,"cRc full liquor list, table row 728 (category column = Bourbon and American Whiskey)",2026-08-11,verified_against_current_official_source
CRC-row730,cRc,Bourbon and American Whiskey,Flint Creek,All Varieties,Not Recommended unless purchased before Pesach 2015/5775,,False,,no_evidence,False,False,False,True,,"cRc lists this as ""Not Recommended unless purchased before Pesach 2015/5775"". Do not use it.",https://consumer.crckosher.org/liquor/full-liquor-list/,"cRc full liquor list, table row 730 (category column = Bourbon and American Whiskey)",2026-08-11,verified_against_current_official_source
CRC-row731,cRc,Bourbon and American Whiskey,Flatboat,All Varieties,Not Recommended unless purchased before Pesach 2019/5779,,False,,no_evidence,False,False,False,True,,"cRc lists this as ""Not Recommended unless purchased before Pesach 2019/5779"". Do not use it.",https://consumer.crckosher.org/liquor/full-liquor-list/,"cRc full liquor list, table row 731 (category column = Bourbon and American Whiskey)",2026-08-11,verified_against_current_official_source
CRC-row732,cRc,Bourbon and American Whiskey,Big House,All Varieties,Not Recommended unless purchased before Pesach 2020/5780,,False,,no_evidence,False,False,False,True,,"cRc lists this as ""Not Recommended unless purchased before Pesach 2020/5780"". Do not use it.",https://consumer.crckosher.org/liquor/full-liquor-list/,"cRc full liquor list, table row 732 (category column = Bourbon and American Whiskey)",2026-08-11,verified_against_current_official_source
CRC-row733,cRc,Bourbon and American Whiskey,Fletcher's,All Varieties,Not Recommended unless purchased before Pesach 2018/5778,,False,,no_evidence,False,False,False,True,,"cRc lists this as ""Not Recommended unless purchased before Pesach 2018/5778"". Do not use it.",https://consumer.crckosher.org/liquor/full-liquor-list/,"cRc full liquor list, table row 733 (category column = Bourbon and American Whiskey)",2026-08-11,verified_against_current_official_source
CRC-row734,cRc,Bourbon and American Whiskey,Wolcott,All Varieties,Not Recommended unless purchased before Pesach 2020/5780,,False,,no_evidence,False,False,False,True,,"cRc lists this as ""Not Recommended unless purchased before Pesach 2020/5780"". Do not use it.",https://consumer.crckosher.org/liquor/full-liquor-list/,"cRc full liquor list, table row 734 (category column = Bourbon and American Whiskey)",2026-08-11,verified_against_current_official_source
CRC-row735,cRc,Bourbon and American Whiskey,Chestnut Farms,All Varieties,Not Recommended unless purchased before Pesach 2019/5779,,False,,no_evidence,False,False,False,True,,"cRc lists this as ""Not Recommended unless purchased before Pesach 2019/5779"". Do not use it.",https://consumer.crckosher.org/liquor/full-liquor-list/,"cRc full liquor list, table row 735 (category column = Bourbon and American Whiskey)",2026-08-11,verified_against_current_official_source
CRC-row736,cRc,Bourbon and American Whiskey,Two Stars,All Varieties,Not Recommended unless purchased before Pesach 2019/5779,,False,,no_evidence,False,False,False,True,,"cRc lists this as ""Not Recommended unless purchased before Pesach 2019/5779"". Do not use it.",https://consumer.crckosher.org/liquor/full-liquor-list/,"cRc full liquor list, table row 736 (category column = Bourbon and American Whiskey)",2026-08-11,verified_against_current_official_source
CRC-row737,cRc,Bourbon and American Whiskey,Point Rider,All Varieties,Not Recommended unless purchased before Pesach 2018/5778,,False,,no_evidence,False,False,False,True,,"cRc lists this as ""Not Recommended unless purchased before Pesach 2018/5778"". Do not use it.",https://consumer.crckosher.org/liquor/full-liquor-list/,"cRc full liquor list, table row 737 (category column = Bourbon and American Whiskey)",2026-08-11,verified_against_current_official_source
CRC-row738,cRc,Bourbon and American Whiskey,Black Ridge,All Varieties,Not Recommended unless purchased before Pesach 2019/5779,,False,,no_evidence,False,False,False,True,,"cRc lists this as ""Not Recommended unless purchased before Pesach 2019/5779"". Do not use it.",https://consumer.crckosher.org/liquor/full-liquor-list/,"cRc full liquor list, table row 738 (category column = Bourbon and American Whiskey)",2026-08-11,verified_against_current_official_source
CRC-row739,cRc,Bourbon and American Whiskey,Buckhorn,All Varieties,Not Recommended unless purchased before Pesach 2019/5779,,False,,no_evidence,False,False,False,True,,"cRc lists this as ""Not Recommended unless purchased before Pesach 2019/5779"". Do not use it.",https://consumer.crckosher.org/liquor/full-liquor-list/,"cRc full liquor list, table row 739 (category column = Bourbon and American Whiskey)",2026-08-11,verified_against_current_official_source
CRC-row740,cRc,Bourbon and American Whiskey,Dead Drop,Bourbon,Certified,OU,True,true,no_evidence,True,False,True,False,Certified when bearing the OU logo,cRc certifies this ONLY when the bottle bears the OU logo.,https://consumer.crckosher.org/liquor/full-liquor-list/,"cRc full liquor list, table row 740 (category column = Bourbon and American Whiskey)",2026-08-11,verified_against_current_official_source
CRC-row741,cRc,Bourbon and American Whiskey,Dead Drop,Pecan Whiskey,Certified,OU,True,true,no_evidence,True,False,True,False,Certified when bearing the OU logo,cRc certifies this ONLY when the bottle bears the OU logo.,https://consumer.crckosher.org/liquor/full-liquor-list/,"cRc full liquor list, table row 741 (category column = Bourbon and American Whiskey)",2026-08-11,verified_against_current_official_source
CRC-row742,cRc,Bourbon and American Whiskey,New Riff,Bourbon,Not Recommended unless purchased before Pesach 2018/5778,,False,,no_evidence,False,False,False,True,NOTE: Some products are certified when bearing the CK logo.,"cRc lists this as ""Not Recommended unless purchased before Pesach 2018/5778"". Do not use it. Note from cRc: NOTE: Some products are certified when bearing the CK logo.",https://consumer.crckosher.org/liquor/full-liquor-list/,"cRc full liquor list, table row 742 (category column = Bourbon and American Whiskey)",2026-08-11,verified_against_current_official_source
CRC-row743,cRc,Bourbon and American Whiskey,Beards Town,All Varieties,Not Recommended unless purchased before Pesach 2021/5781,,False,,no_evidence,False,False,False,True,,"cRc lists this as ""Not Recommended unless purchased before Pesach 2021/5781"". Do not use it.",https://consumer.crckosher.org/liquor/full-liquor-list/,"cRc full liquor list, table row 743 (category column = Bourbon and American Whiskey)",2026-08-11,verified_against_current_official_source
CRC-row744,cRc,Bourbon and American Whiskey,Boondocks,Bourbon Whiskey,Certified,OU,True,true,no_evidence,True,False,True,False,Certified when bearing the OU logo,cRc certifies this ONLY when the bottle bears the OU logo.,https://consumer.crckosher.org/liquor/full-liquor-list/,"cRc full liquor list, table row 744 (category column = Bourbon and American Whiskey)",2026-08-11,verified_against_current_official_source
CRC-row745,cRc,Bourbon and American Whiskey,Boondocks,The Spice Project,Certified,OU,True,true,no_evidence,True,False,True,False,Certified when bearing the OU logo,cRc certifies this ONLY when the bottle bears the OU logo.,https://consumer.crckosher.org/liquor/full-liquor-list/,"cRc full liquor list, table row 745 (category column = Bourbon and American Whiskey)",2026-08-11,verified_against_current_official_source
CRC-row746,cRc,Bourbon and American Whiskey,Boondocks,American Whiskey,Certified,OU,True,true,no_evidence,True,False,True,False,Certified when bearing the OU logo,cRc certifies this ONLY when the bottle bears the OU logo.,https://consumer.crckosher.org/liquor/full-liquor-list/,"cRc full liquor list, table row 746 (category column = Bourbon and American Whiskey)",2026-08-11,verified_against_current_official_source
CRC-row747,cRc,Bourbon and American Whiskey,Boondocks,Cask Strength American Whiskey,Certified,OU,True,true,no_evidence,True,False,True,False,Certified when bearing the OU logo,cRc certifies this ONLY when the bottle bears the OU logo.,https://consumer.crckosher.org/liquor/full-liquor-list/,"cRc full liquor list, table row 747 (category column = Bourbon and American Whiskey)",2026-08-11,verified_against_current_official_source
CRC-row748,cRc,Bourbon and American Whiskey,Kirkland Signature,Kentucky Straight Bourbon Whiskey,Not Recommended unless purchased before Pesach 2019/5779,,False,,no_evidence,False,False,False,True,Barton 1792 Master Distillers,"cRc lists this as ""Not Recommended unless purchased before Pesach 2019/5779"". Do not use it. Note from cRc: Barton 1792 Master Distillers",https://consumer.crckosher.org/liquor/full-liquor-list/,"cRc full liquor list, table row 748 (category column = Bourbon and American Whiskey)",2026-08-11,verified_against_current_official_source
CRC-row749,cRc,Bourbon and American Whiskey,Isaac Bowman,All Varieties,Not Recommended unless purchased before Pesach 2003/5763,,False,,no_evidence,False,False,False,True,,"cRc lists this as ""Not Recommended unless purchased before Pesach 2003/5763"". Do not use it.",https://consumer.crckosher.org/liquor/full-liquor-list/,"cRc full liquor list, table row 749 (category column = Bourbon and American Whiskey)",2026-08-11,verified_against_current_official_source
CRC-row750,cRc,Bourbon and American Whiskey,Abraham Bowman,All Varieties,Not Recommended unless purchased before Pesach 2003/5763,,False,,no_evidence,False,False,False,True,,"cRc lists this as ""Not Recommended unless purchased before Pesach 2003/5763"". Do not use it.",https://consumer.crckosher.org/liquor/full-liquor-list/,"cRc full liquor list, table row 750 (category column = Bourbon and American Whiskey)",2026-08-11,verified_against_current_official_source
CRC-row751,cRc,Bourbon and American Whiskey,Clark & Sheffield,All Varieties,Not Recommended unless purchased before Pesach 2009/5769,,False,,no_evidence,False,False,False,True,,"cRc lists this as ""Not Recommended unless purchased before Pesach 2009/5769"". Do not use it.",https://consumer.crckosher.org/liquor/full-liquor-list/,"cRc full liquor list, table row 751 (category column = Bourbon and American Whiskey)",2026-08-11,verified_against_current_official_source
CRC-row753,cRc,Bourbon and American Whiskey,Jack Daniel's,Tennessee Apple,Not Recommended,,False,,no_evidence,False,False,False,True,,"cRc lists this as ""Not Recommended"". Do not use it.",https://consumer.crckosher.org/liquor/full-liquor-list/,"cRc full liquor list, table row 753 (category column = Bourbon and American Whiskey)",2026-08-11,verified_against_current_official_source
CRC-row754,cRc,Bourbon and American Whiskey,Stedman's Select,All Varieties,Not Recommended unless purchased before Pesach 1992/5752,,False,,no_evidence,False,False,False,True,,"cRc lists this as ""Not Recommended unless purchased before Pesach 1992/5752"". Do not use it.",https://consumer.crckosher.org/liquor/full-liquor-list/,"cRc full liquor list, table row 754 (category column = Bourbon and American Whiskey)",2026-08-11,verified_against_current_official_source
CRC-row755,cRc,Bourbon and American Whiskey,Weller,All Varieties,Not Recommended unless purchased before Pesach 1992/5752,,False,,no_evidence,False,False,False,True,,"cRc lists this as ""Not Recommended unless purchased before Pesach 1992/5752"". Do not use it.",https://consumer.crckosher.org/liquor/full-liquor-list/,"cRc full liquor list, table row 755 (category column = Bourbon and American Whiskey)",2026-08-11,verified_against_current_official_source
CRC-row756,cRc,Bourbon and American Whiskey,Tadworth Distilling,All Varieties,Not Recommended,,False,,no_evidence,False,False,False,True,,"cRc lists this as ""Not Recommended"". Do not use it.",https://consumer.crckosher.org/liquor/full-liquor-list/,"cRc full liquor list, table row 756 (category column = Bourbon and American Whiskey)",2026-08-11,verified_against_current_official_source
CRC-row757,cRc,Bourbon and American Whiskey,Black Button Distilling,Assorted Varieties,Certified,OU,True,true,no_evidence,True,False,True,False,Certified when bearing the OU logo,cRc certifies this ONLY when the bottle bears the OU logo.,https://consumer.crckosher.org/liquor/full-liquor-list/,"cRc full liquor list, table row 757 (category column = Bourbon and American Whiskey)",2026-08-11,verified_against_current_official_source
CRC-row758,cRc,Bourbon and American Whiskey,Giant,Giant Bourbon 95 Proof Potstill Bottle,Certified,Ideal Kosher,True,false,no_evidence,False,True,False,False,,cRc lists this as Certified under Ideal Kosher. Per cRc's legend a symbol is not required on the bottle. This does NOT prove the bottle is printed with a symbol.,https://consumer.crckosher.org/liquor/full-liquor-list/,"cRc full liquor list, table row 758 (category column = Bourbon and American Whiskey)",2026-08-11,verified_against_current_official_source
CRC-row759,cRc,Bourbon and American Whiskey,Giant,Giant Bourbon,Certified,Ideal Kosher,True,false,no_evidence,False,True,False,False,,cRc lists this as Certified under Ideal Kosher. Per cRc's legend a symbol is not required on the bottle. This does NOT prove the bottle is printed with a symbol.,https://consumer.crckosher.org/liquor/full-liquor-list/,"cRc full liquor list, table row 759 (category column = Bourbon and American Whiskey)",2026-08-11,verified_against_current_official_source
CRC-row760,cRc,Bourbon and American Whiskey,Giant,Giant Bourbon Cask Strength,Certified,Ideal Kosher,True,false,no_evidence,False,True,False,False,,cRc lists this as Certified under Ideal Kosher. Per cRc's legend a symbol is not required on the bottle. This does NOT prove the bottle is printed with a symbol.,https://consumer.crckosher.org/liquor/full-liquor-list/,"cRc full liquor list, table row 760 (category column = Bourbon and American Whiskey)",2026-08-11,verified_against_current_official_source
CRC-row761,cRc,Bourbon and American Whiskey,Giant,Giant Wheated Bourbon,Certified,Ideal Kosher,True,false,no_evidence,False,True,False,False,,cRc lists this as Certified under Ideal Kosher. Per cRc's legend a symbol is not required on the bottle. This does NOT prove the bottle is printed with a symbol.,https://consumer.crckosher.org/liquor/full-liquor-list/,"cRc full liquor list, table row 761 (category column = Bourbon and American Whiskey)",2026-08-11,verified_against_current_official_source
CRC-row762,cRc,Bourbon and American Whiskey,Hickory Hill,Hickory Hill Cask Strength Bourbon,Certified,Ideal Kosher,True,false,no_evidence,False,True,False,False,,cRc lists this as Certified under Ideal Kosher. Per cRc's legend a symbol is not required on the bottle. This does NOT prove the bottle is printed with a symbol.,https://consumer.crckosher.org/liquor/full-liquor-list/,"cRc full liquor list, table row 762 (category column = Bourbon and American Whiskey)",2026-08-11,verified_against_current_official_source
CRC-row763,cRc,Bourbon and American Whiskey,Longhorn,Longhorn Straight Corn Whiskey,Certified,Ideal Kosher,True,false,no_evidence,False,True,False,False,,cRc lists this as Certified under Ideal Kosher. Per cRc's legend a symbol is not required on the bottle. This does NOT prove the bottle is printed with a symbol.,https://consumer.crckosher.org/liquor/full-liquor-list/,"cRc full liquor list, table row 763 (category column = Bourbon and American Whiskey)",2026-08-11,verified_against_current_official_source
CRC-row764,cRc,Bourbon and American Whiskey,Bookers,Unflavored,Acceptable (not certified),,False,false,no_evidence,False,True,False,False,,cRc lists this as acceptable without certification.,https://consumer.crckosher.org/liquor/full-liquor-list/,"cRc full liquor list, table row 764 (category column = Bourbon and American Whiskey)",2026-08-11,verified_against_current_official_source
CRC-row765,cRc,Bourbon and American Whiskey,Basil Hayden's,Unflavored,Acceptable (not certified),,False,false,no_evidence,False,True,False,False,,cRc lists this as acceptable without certification.,https://consumer.crckosher.org/liquor/full-liquor-list/,"cRc full liquor list, table row 765 (category column = Bourbon and American Whiskey)",2026-08-11,verified_against_current_official_source
CRC-row766,cRc,Bourbon and American Whiskey,Baker's,Unflavored,Acceptable (not certified),,False,false,no_evidence,False,True,False,False,,cRc lists this as acceptable without certification.,https://consumer.crckosher.org/liquor/full-liquor-list/,"cRc full liquor list, table row 766 (category column = Bourbon and American Whiskey)",2026-08-11,verified_against_current_official_source
CRC-row767,cRc,Bourbon and American Whiskey,Righteous Road,Straight Bourbon Whiskey,Certified,OU,True,true,no_evidence,True,False,True,False,Certified when bearing the OU logo,cRc certifies this ONLY when the bottle bears the OU logo.,https://consumer.crckosher.org/liquor/full-liquor-list/,"cRc full liquor list, table row 767 (category column = Bourbon and American Whiskey)",2026-08-11,verified_against_current_official_source
CRC-row768,cRc,Bourbon and American Whiskey,Knob Creek,Unflavored,Acceptable (not certified),,False,false,no_evidence,False,True,False,False,,cRc lists this as acceptable without certification.,https://consumer.crckosher.org/liquor/full-liquor-list/,"cRc full liquor list, table row 768 (category column = Bourbon and American Whiskey)",2026-08-11,verified_against_current_official_source
CRC-row769,cRc,Bourbon and American Whiskey,Jim Beam,Unflavored,Acceptable (not certified),,False,false,no_evidence,False,True,False,False,,cRc lists this as acceptable without certification.,https://consumer.crckosher.org/liquor/full-liquor-list/,"cRc full liquor list, table row 769 (category column = Bourbon and American Whiskey)",2026-08-11,verified_against_current_official_source
CRC-row770,cRc,Bourbon and American Whiskey,Old Pogue,Unflavored,Acceptable (not certified),,False,false,no_evidence,False,True,False,False,,cRc lists this as acceptable without certification.,https://consumer.crckosher.org/liquor/full-liquor-list/,"cRc full liquor list, table row 770 (category column = Bourbon and American Whiskey)",2026-08-11,verified_against_current_official_source
CRC-row771,cRc,Bourbon and American Whiskey,Woodford Reserve,Unflavored,Acceptable (not certified),,False,false,no_evidence,False,True,False,False,,cRc lists this as acceptable without certification.,https://consumer.crckosher.org/liquor/full-liquor-list/,"cRc full liquor list, table row 771 (category column = Bourbon and American Whiskey)",2026-08-11,verified_against_current_official_source
CRC-row772,cRc,Bourbon and American Whiskey,Zachlawi,Peach Whiskey,Certified,OU,True,true,no_evidence,True,False,True,False,Certified when bearing the OU logo,cRc certifies this ONLY when the bottle bears the OU logo.,https://consumer.crckosher.org/liquor/full-liquor-list/,"cRc full liquor list, table row 772 (category column = Bourbon and American Whiskey)",2026-08-11,verified_against_current_official_source
CRC-row773,cRc,Bourbon and American Whiskey,Boone County Jail Distillery,All Varieties,Not Recommended unless purchased before Pesach 2014/5774,,False,,no_evidence,False,False,False,True,,"cRc lists this as ""Not Recommended unless purchased before Pesach 2014/5774"". Do not use it.",https://consumer.crckosher.org/liquor/full-liquor-list/,"cRc full liquor list, table row 773 (category column = Bourbon and American Whiskey)",2026-08-11,verified_against_current_official_source
CRC-row774,cRc,Bourbon and American Whiskey,Zachlawi,Honey Pepper Whiskey,Certified,OU,True,true,no_evidence,True,False,True,False,Certified when bearing the OU logo,cRc certifies this ONLY when the bottle bears the OU logo.,https://consumer.crckosher.org/liquor/full-liquor-list/,"cRc full liquor list, table row 774 (category column = Bourbon and American Whiskey)",2026-08-11,verified_against_current_official_source
CRC-row775,cRc,Bourbon and American Whiskey,Widow Jane,Assorted Varieties,Certified,OU,True,true,no_evidence,True,False,True,False,Certified when bearing the OU logo,cRc certifies this ONLY when the bottle bears the OU logo.,https://consumer.crckosher.org/liquor/full-liquor-list/,"cRc full liquor list, table row 775 (category column = Bourbon and American Whiskey)",2026-08-11,verified_against_current_official_source
CRC-row776,cRc,Bourbon and American Whiskey,Bondstone,Kentucky Straight Bourbon Whiskey Double Oak Cask Strength,Certified,cRc,True,true,no_evidence,True,False,True,False,Certified when bearing the cRc logo,cRc certifies this ONLY when the bottle bears the cRc logo.,https://consumer.crckosher.org/liquor/full-liquor-list/,"cRc full liquor list, table row 776 (category column = Bourbon and American Whiskey)",2026-08-11,verified_against_current_official_source
CRC-row777,cRc,Bourbon and American Whiskey,Kentucky Rambler,Kentucky Straight Bourbon Whiskey,Certified,cRc,True,true,no_evidence,True,False,True,False,Certified when bearing the cRc logo,cRc certifies this ONLY when the bottle bears the cRc logo.,https://consumer.crckosher.org/liquor/full-liquor-list/,"cRc full liquor list, table row 777 (category column = Bourbon and American Whiskey)",2026-08-11,verified_against_current_official_source
CRC-row778,cRc,Bourbon and American Whiskey,Old Emmer,Double Toasted Oak Bourbon Whiskey,Certified,cRc,True,true,no_evidence,True,False,True,False,Certified when bearing the cRc logo,cRc certifies this ONLY when the bottle bears the cRc logo.,https://consumer.crckosher.org/liquor/full-liquor-list/,"cRc full liquor list, table row 778 (category column = Bourbon and American Whiskey)",2026-08-11,verified_against_current_official_source
CRC-row779,cRc,Bourbon and American Whiskey,Old Emmer,Calvados Cask Finish Bourbon Whiskey,Certified,cRc,True,true,no_evidence,True,False,True,False,Certified when bearing the cRc logo,cRc certifies this ONLY when the bottle bears the cRc logo.,https://consumer.crckosher.org/liquor/full-liquor-list/,"cRc full liquor list, table row 779 (category column = Bourbon and American Whiskey)",2026-08-11,verified_against_current_official_source
CRC-row780,cRc,Bourbon and American Whiskey,Michter's,Unflavored,Acceptable (not certified),,False,false,no_evidence,False,True,False,False,,cRc lists this as acceptable without certification.,https://consumer.crckosher.org/liquor/full-liquor-list/,"cRc full liquor list, table row 780 (category column = Bourbon and American Whiskey)",2026-08-11,verified_against_current_official_source
CRC-row781,cRc,Bourbon and American Whiskey,Willett,Unflavored,Acceptable (not certified),,False,false,no_evidence,False,True,False,False,,cRc lists this as acceptable without certification.,https://consumer.crckosher.org/liquor/full-liquor-list/,"cRc full liquor list, table row 781 (category column = Bourbon and American Whiskey)",2026-08-11,verified_against_current_official_source
CRC-row782,cRc,Bourbon and American Whiskey,Maker's Mark,Unflavored,Acceptable (not certified),,False,false,no_evidence,False,True,False,False,,cRc lists this as acceptable without certification.,https://consumer.crckosher.org/liquor/full-liquor-list/,"cRc full liquor list, table row 782 (category column = Bourbon and American Whiskey)",2026-08-11,verified_against_current_official_source
CRC-row783,cRc,Bourbon and American Whiskey,Old Grand-Dad,Unflavored,Acceptable (not certified),,False,false,no_evidence,False,True,False,False,,cRc lists this as acceptable without certification.,https://consumer.crckosher.org/liquor/full-liquor-list/,"cRc full liquor list, table row 783 (category column = Bourbon and American Whiskey)",2026-08-11,verified_against_current_official_source
CRC-row784,cRc,Bourbon and American Whiskey,Wild Turkey Bourbon,Unflavored,Acceptable (not certified),,False,false,no_evidence,False,True,False,False,,cRc lists this as acceptable without certification.,https://consumer.crckosher.org/liquor/full-liquor-list/,"cRc full liquor list, table row 784 (category column = Bourbon and American Whiskey)",2026-08-11,verified_against_current_official_source
CRC-row785,cRc,Bourbon and American Whiskey,Four Roses,Unflavored,Acceptable (not certified),,False,false,no_evidence,False,True,False,False,,cRc lists this as acceptable without certification.,https://consumer.crckosher.org/liquor/full-liquor-list/,"cRc full liquor list, table row 785 (category column = Bourbon and American Whiskey)",2026-08-11,verified_against_current_official_source
CRC-row786,cRc,Bourbon and American Whiskey,Rowan`s Creek,Unflavored,Acceptable (not certified),,False,false,no_evidence,False,True,False,False,,cRc lists this as acceptable without certification.,https://consumer.crckosher.org/liquor/full-liquor-list/,"cRc full liquor list, table row 786 (category column = Bourbon and American Whiskey)",2026-08-11,verified_against_current_official_source
CRC-row787,cRc,Bourbon and American Whiskey,1792 Bourbon,All Varieties,Not Recommended unless purchased before Pesach 2009/5769,,False,,no_evidence,False,False,False,True,,"cRc lists this as ""Not Recommended unless purchased before Pesach 2009/5769"". Do not use it.",https://consumer.crckosher.org/liquor/full-liquor-list/,"cRc full liquor list, table row 787 (category column = Bourbon and American Whiskey)",2026-08-11,verified_against_current_official_source
CRC-row788,cRc,Bourbon and American Whiskey,A. Smith Bowman,All Varieties,Not Recommended unless purchased before Pesach 1992/5752,,False,,no_evidence,False,False,False,True,,"cRc lists this as ""Not Recommended unless purchased before Pesach 1992/5752"". Do not use it.",https://consumer.crckosher.org/liquor/full-liquor-list/,"cRc full liquor list, table row 788 (category column = Bourbon and American Whiskey)",2026-08-11,verified_against_current_official_source
CRC-row789,cRc,Bourbon and American Whiskey,Ancient Age,All Varieties,Not Recommended unless purchased before Pesach 1992/5752,,False,,no_evidence,False,False,False,True,,"cRc lists this as ""Not Recommended unless purchased before Pesach 1992/5752"". Do not use it.",https://consumer.crckosher.org/liquor/full-liquor-list/,"cRc full liquor list, table row 789 (category column = Bourbon and American Whiskey)",2026-08-11,verified_against_current_official_source
CRC-row790,cRc,Bourbon and American Whiskey,Antique Collection,All Varieties,Not Recommended unless purchased before Pesach 1992/5752,,False,,no_evidence,False,False,False,True,,"cRc lists this as ""Not Recommended unless purchased before Pesach 1992/5752"". Do not use it.",https://consumer.crckosher.org/liquor/full-liquor-list/,"cRc full liquor list, table row 790 (category column = Bourbon and American Whiskey)",2026-08-11,verified_against_current_official_source
CRC-row791,cRc,Bourbon and American Whiskey,Blanton's,All Varieties,Not Recommended unless purchased before Pesach 1992/5752,,False,,no_evidence,False,False,False,True,,"cRc lists this as ""Not Recommended unless purchased before Pesach 1992/5752"". Do not use it.",https://consumer.crckosher.org/liquor/full-liquor-list/,"cRc full liquor list, table row 791 (category column = Bourbon and American Whiskey)",2026-08-11,verified_against_current_official_source
CRC-row792,cRc,Bourbon and American Whiskey,Bowman Brothers,All Varieties,Not Recommended unless purchased before Pesach 1992/5752,,False,,no_evidence,False,False,False,True,,"cRc lists this as ""Not Recommended unless purchased before Pesach 1992/5752"". Do not use it.",https://consumer.crckosher.org/liquor/full-liquor-list/,"cRc full liquor list, table row 792 (category column = Bourbon and American Whiskey)",2026-08-11,verified_against_current_official_source
CRC-row793,cRc,Bourbon and American Whiskey,Buffalo Trace,All Varieties,Not Recommended unless purchased before Pesach 1992/5752,,False,,no_evidence,False,False,False,True,NOTE: Some products are certified when bearing the cRc logo.,"cRc lists this as ""Not Recommended unless purchased before Pesach 1992/5752"". Do not use it. Note from cRc: NOTE: Some products are certified when bearing the cRc logo.",https://consumer.crckosher.org/liquor/full-liquor-list/,"cRc full liquor list, table row 793 (category column = Bourbon and American Whiskey)",2026-08-11,verified_against_current_official_source
CRC-row794,cRc,Bourbon and American Whiskey,Colonel Lee,All Varieties,Not Recommended unless purchased before Pesach 2009/5769,,False,,no_evidence,False,False,False,True,,"cRc lists this as ""Not Recommended unless purchased before Pesach 2009/5769"". Do not use it.",https://consumer.crckosher.org/liquor/full-liquor-list/,"cRc full liquor list, table row 794 (category column = Bourbon and American Whiskey)",2026-08-11,verified_against_current_official_source
CRC-row795,cRc,Bourbon and American Whiskey,Eagle Rare,All Varieties,Not Recommended unless purchased before Pesach 1992/5752,,False,,no_evidence,False,False,False,True,,"cRc lists this as ""Not Recommended unless purchased before Pesach 1992/5752"". Do not use it.",https://consumer.crckosher.org/liquor/full-liquor-list/,"cRc full liquor list, table row 795 (category column = Bourbon and American Whiskey)",2026-08-11,verified_against_current_official_source
CRC-row796,cRc,Bourbon and American Whiskey,Elmer T Lee,All Varieties,Not Recommended unless purchased before Pesach 1992/5752,,False,,no_evidence,False,False,False,True,,"cRc lists this as ""Not Recommended unless purchased before Pesach 1992/5752"". Do not use it.",https://consumer.crckosher.org/liquor/full-liquor-list/,"cRc full liquor list, table row 796 (category column = Bourbon and American Whiskey)",2026-08-11,verified_against_current_official_source
CRC-row797,cRc,Bourbon and American Whiskey,Buffalo Trace,Experimental Collection,Not Recommended unless purchased before Pesach 1992/5752,,False,,no_evidence,False,False,False,True,,"cRc lists this as ""Not Recommended unless purchased before Pesach 1992/5752"". Do not use it.",https://consumer.crckosher.org/liquor/full-liquor-list/,"cRc full liquor list, table row 797 (category column = Bourbon and American Whiskey)",2026-08-11,verified_against_current_official_source
CRC-row798,cRc,Bourbon and American Whiskey,Fleischmann's,All Varieties,Not Recommended unless purchased before Pesach 2009/5769,,False,,no_evidence,False,False,False,True,,"cRc lists this as ""Not Recommended unless purchased before Pesach 2009/5769"". Do not use it.",https://consumer.crckosher.org/liquor/full-liquor-list/,"cRc full liquor list, table row 798 (category column = Bourbon and American Whiskey)",2026-08-11,verified_against_current_official_source
CRC-row799,cRc,Bourbon and American Whiskey,Hancock's President's Reserve,All Varieties,Not Recommended unless purchased before Pesach 1992/5752,,False,,no_evidence,False,False,False,True,,"cRc lists this as ""Not Recommended unless purchased before Pesach 1992/5752"". Do not use it.",https://consumer.crckosher.org/liquor/full-liquor-list/,"cRc full liquor list, table row 799 (category column = Bourbon and American Whiskey)",2026-08-11,verified_against_current_official_source
CRC-row800,cRc,Bourbon and American Whiskey,Kentucky Gentleman,All Varieties,Not Recommended unless purchased before Pesach 2009/5769,,False,,no_evidence,False,False,False,True,,"cRc lists this as ""Not Recommended unless purchased before Pesach 2009/5769"". Do not use it.",https://consumer.crckosher.org/liquor/full-liquor-list/,"cRc full liquor list, table row 800 (category column = Bourbon and American Whiskey)",2026-08-11,verified_against_current_official_source
CRC-row801,cRc,Bourbon and American Whiskey,Kentucky Tavern,All Varieties,Not Recommended unless purchased before Pesach 2009/5769,,False,,no_evidence,False,False,False,True,,"cRc lists this as ""Not Recommended unless purchased before Pesach 2009/5769"". Do not use it.",https://consumer.crckosher.org/liquor/full-liquor-list/,"cRc full liquor list, table row 801 (category column = Bourbon and American Whiskey)",2026-08-11,verified_against_current_official_source
CRC-row802,cRc,Bourbon and American Whiskey,McAfee's Benchmark,All Varieties,Not Recommended unless purchased before Pesach 1992/5752,,False,,no_evidence,False,False,False,True,,"cRc lists this as ""Not Recommended unless purchased before Pesach 1992/5752"". Do not use it.",https://consumer.crckosher.org/liquor/full-liquor-list/,"cRc full liquor list, table row 802 (category column = Bourbon and American Whiskey)",2026-08-11,verified_against_current_official_source
CRC-row803,cRc,Bourbon and American Whiskey,Old Charter,All Varieties,Not Recommended unless purchased before Pesach 1992/5752,,False,,no_evidence,False,False,False,True,,"cRc lists this as ""Not Recommended unless purchased before Pesach 1992/5752"". Do not use it.",https://consumer.crckosher.org/liquor/full-liquor-list/,"cRc full liquor list, table row 803 (category column = Bourbon and American Whiskey)",2026-08-11,verified_against_current_official_source
CRC-row804,cRc,Bourbon and American Whiskey,Old Thompson,All Varieties,Not Recommended unless purchased before Pesach 2009/5769,,False,,no_evidence,False,False,False,True,,"cRc lists this as ""Not Recommended unless purchased before Pesach 2009/5769"". Do not use it.",https://consumer.crckosher.org/liquor/full-liquor-list/,"cRc full liquor list, table row 804 (category column = Bourbon and American Whiskey)",2026-08-11,verified_against_current_official_source
CRC-row805,cRc,Bourbon and American Whiskey,Old Rip Van Winkle,All Varieties,Not Recommended unless purchased before Pesach 2003/5763,,False,,no_evidence,False,False,False,True,,"cRc lists this as ""Not Recommended unless purchased before Pesach 2003/5763"". Do not use it.",https://consumer.crckosher.org/liquor/full-liquor-list/,"cRc full liquor list, table row 805 (category column = Bourbon and American Whiskey)",2026-08-11,verified_against_current_official_source
CRC-row806,cRc,Bourbon and American Whiskey,Pappy Van Winkle,All Varieties,Not Recommended unless purchased before Pesach 2003/5763,,False,,no_evidence,False,False,False,True,,"cRc lists this as ""Not Recommended unless purchased before Pesach 2003/5763"". Do not use it.",https://consumer.crckosher.org/liquor/full-liquor-list/,"cRc full liquor list, table row 806 (category column = Bourbon and American Whiskey)",2026-08-11,verified_against_current_official_source
CRC-row807,cRc,Bourbon and American Whiskey,Rock Hill Farms,All Varieties,Not Recommended unless purchased before Pesach 1992/5752,,False,,no_evidence,False,False,False,True,,"cRc lists this as ""Not Recommended unless purchased before Pesach 1992/5752"". Do not use it.",https://consumer.crckosher.org/liquor/full-liquor-list/,"cRc full liquor list, table row 807 (category column = Bourbon and American Whiskey)",2026-08-11,verified_against_current_official_source
CRC-row808,cRc,Bourbon and American Whiskey,Ten High,All Varieties,Not Recommended unless purchased before Pesach 2009/5769,,False,,no_evidence,False,False,False,True,,"cRc lists this as ""Not Recommended unless purchased before Pesach 2009/5769"". Do not use it.",https://consumer.crckosher.org/liquor/full-liquor-list/,"cRc full liquor list, table row 808 (category column = Bourbon and American Whiskey)",2026-08-11,verified_against_current_official_source
CRC-row809,cRc,Bourbon and American Whiskey,Tom Moore,All Varieties,Not Recommended unless purchased before Pesach 2009/5769,,False,,no_evidence,False,False,False,True,,"cRc lists this as ""Not Recommended unless purchased before Pesach 2009/5769"". Do not use it.",https://consumer.crckosher.org/liquor/full-liquor-list/,"cRc full liquor list, table row 809 (category column = Bourbon and American Whiskey)",2026-08-11,verified_against_current_official_source
CRC-row810,cRc,Bourbon and American Whiskey,Van Winkle,All Varieties,Not Recommended unless purchased before Pesach 2003/5763,,False,,no_evidence,False,False,False,True,,"cRc lists this as ""Not Recommended unless purchased before Pesach 2003/5763"". Do not use it.",https://consumer.crckosher.org/liquor/full-liquor-list/,"cRc full liquor list, table row 810 (category column = Bourbon and American Whiskey)",2026-08-11,verified_against_current_official_source
CRC-row811,cRc,Bourbon and American Whiskey,Very Old Barton,All Varieties,Not Recommended unless purchased before Pesach 2009/5769,,False,,no_evidence,False,False,False,True,,"cRc lists this as ""Not Recommended unless purchased before Pesach 2009/5769"". Do not use it.",https://consumer.crckosher.org/liquor/full-liquor-list/,"cRc full liquor list, table row 811 (category column = Bourbon and American Whiskey)",2026-08-11,verified_against_current_official_source
CRC-row812,cRc,Bourbon and American Whiskey,Virginia Gentleman,All Varieties,Not Recommended unless purchased before Pesach 1992/5752,,False,,no_evidence,False,False,False,True,,"cRc lists this as ""Not Recommended unless purchased before Pesach 1992/5752"". Do not use it.",https://consumer.crckosher.org/liquor/full-liquor-list/,"cRc full liquor list, table row 812 (category column = Bourbon and American Whiskey)",2026-08-11,verified_against_current_official_source
CRC-row813,cRc,Bourbon and American Whiskey,W L Weller,All Varieties,Not Recommended unless purchased before Pesach 1992/5752,,False,,no_evidence,False,False,False,True,,"cRc lists this as ""Not Recommended unless purchased before Pesach 1992/5752"". Do not use it.",https://consumer.crckosher.org/liquor/full-liquor-list/,"cRc full liquor list, table row 813 (category column = Bourbon and American Whiskey)",2026-08-11,verified_against_current_official_source
CRC-row814,cRc,Bourbon and American Whiskey,Beaverkill,Bourbon Cream (DAIRY),Certified,OU-D,True,true,no_evidence,True,False,True,False,Certified when bearing the OU-D logo | DAIRY,cRc certifies this ONLY when the bottle bears the OU-D logo. Note from cRc: DAIRY,https://consumer.crckosher.org/liquor/full-liquor-list/,"cRc full liquor list, table row 814 (category column = Bourbon and American Whiskey)",2026-08-11,verified_against_current_official_source
CRC-row815,cRc,Bourbon and American Whiskey,Stillhouse,Black Bourbon,Not Recommended,,False,,no_evidence,False,False,False,True,,"cRc lists this as ""Not Recommended"". Do not use it.",https://consumer.crckosher.org/liquor/full-liquor-list/,"cRc full liquor list, table row 815 (category column = Bourbon and American Whiskey)",2026-08-11,verified_against_current_official_source
CRC-row816,cRc,Bourbon and American Whiskey,Kentucky Owl,All Varieties,Not Recommended unless purchased before Pesach 2017/5777,,False,,no_evidence,False,False,False,True, ,"cRc lists this as ""Not Recommended unless purchased before Pesach 2017/5777"". Do not use it. Note from cRc:  ",https://consumer.crckosher.org/liquor/full-liquor-list/,"cRc full liquor list, table row 816 (category column = Bourbon and American Whiskey)",2026-08-11,verified_against_current_official_source
CRC-row817,cRc,Bourbon and American Whiskey,Song Dog Farm Distillery,Straight Bourbon Whiskey,Certified,cRc,True,true,no_evidence,True,False,True,False,Certified when bearing the cRc logo |  ,cRc certifies this ONLY when the bottle bears the cRc logo. Note from cRc:  ,https://consumer.crckosher.org/liquor/full-liquor-list/,"cRc full liquor list, table row 817 (category column = Bourbon and American Whiskey)",2026-08-11,verified_against_current_official_source
CRC-row819,cRc,Bourbon and American Whiskey,Bootlegger New York Craft,Whiskey,Certified,OU,True,true,no_evidence,True,False,True,False,Certified when bearing the OU logo,cRc certifies this ONLY when the bottle bears the OU logo.,https://consumer.crckosher.org/liquor/full-liquor-list/,"cRc full liquor list, table row 819 (category column = Bourbon and American Whiskey)",2026-08-11,verified_against_current_official_source
CRC-row820,cRc,Bourbon and American Whiskey,Weldon Mills,Wheated Straight Bourbon Whiskey,Certified,OK,True,false,no_evidence,False,True,False,False, ,cRc lists this as Certified under OK. Per cRc's legend a symbol is not required on the bottle. This does NOT prove the bottle is printed with a symbol. Note from cRc:  ,https://consumer.crckosher.org/liquor/full-liquor-list/,"cRc full liquor list, table row 820 (category column = Bourbon and American Whiskey)",2026-08-11,verified_against_current_official_source
CRC-row821,cRc,Bourbon and American Whiskey,Norman's 53,Single Barrel Straight Bourbon Whiskey,Certified,OK,True,false,no_evidence,False,True,False,False, ,cRc lists this as Certified under OK. Per cRc's legend a symbol is not required on the bottle. This does NOT prove the bottle is printed with a symbol. Note from cRc:  ,https://consumer.crckosher.org/liquor/full-liquor-list/,"cRc full liquor list, table row 821 (category column = Bourbon and American Whiskey)",2026-08-11,verified_against_current_official_source
CRC-row822,cRc,Bourbon and American Whiskey,Soldier's Cut,Bourbon Whiskey,Certified,OK,True,false,no_evidence,False,True,False,False, ,cRc lists this as Certified under OK. Per cRc's legend a symbol is not required on the bottle. This does NOT prove the bottle is printed with a symbol. Note from cRc:  ,https://consumer.crckosher.org/liquor/full-liquor-list/,"cRc full liquor list, table row 822 (category column = Bourbon and American Whiskey)",2026-08-11,verified_against_current_official_source
CRC-row823,cRc,Bourbon and American Whiskey,Weldon Mills,Select Bourbon Whiskey,Certified,OK,True,false,no_evidence,False,True,False,False, ,cRc lists this as Certified under OK. Per cRc's legend a symbol is not required on the bottle. This does NOT prove the bottle is printed with a symbol. Note from cRc:  ,https://consumer.crckosher.org/liquor/full-liquor-list/,"cRc full liquor list, table row 823 (category column = Bourbon and American Whiskey)",2026-08-11,verified_against_current_official_source
CRC-row824,cRc,Bourbon and American Whiskey,Weldon Mills,Reserve Bourbon Whiskey,Certified,OK,True,false,no_evidence,False,True,False,False, ,cRc lists this as Certified under OK. Per cRc's legend a symbol is not required on the bottle. This does NOT prove the bottle is printed with a symbol. Note from cRc:  ,https://consumer.crckosher.org/liquor/full-liquor-list/,"cRc full liquor list, table row 824 (category column = Bourbon and American Whiskey)",2026-08-11,verified_against_current_official_source
CRC-row825,cRc,Bourbon and American Whiskey,Weldon Mills,All Malt Bourbon Whiskey,Certified,OK,True,false,no_evidence,False,True,False,False, ,cRc lists this as Certified under OK. Per cRc's legend a symbol is not required on the bottle. This does NOT prove the bottle is printed with a symbol. Note from cRc:  ,https://consumer.crckosher.org/liquor/full-liquor-list/,"cRc full liquor list, table row 825 (category column = Bourbon and American Whiskey)",2026-08-11,verified_against_current_official_source
CRC-row826,cRc,Bourbon and American Whiskey,Weldon Mills,The Snorting Bull Bourbon Whiskey,Certified,OK,True,false,no_evidence,False,True,False,False, ,cRc lists this as Certified under OK. Per cRc's legend a symbol is not required on the bottle. This does NOT prove the bottle is printed with a symbol. Note from cRc:  ,https://consumer.crckosher.org/liquor/full-liquor-list/,"cRc full liquor list, table row 826 (category column = Bourbon and American Whiskey)",2026-08-11,verified_against_current_official_source
CRC-row827,cRc,Bourbon and American Whiskey,Weldon Orchards,Caramel Green Apple Whiskey,Certified,OK,True,false,no_evidence,False,True,False,False, ,cRc lists this as Certified under OK. Per cRc's legend a symbol is not required on the bottle. This does NOT prove the bottle is printed with a symbol. Note from cRc:  ,https://consumer.crckosher.org/liquor/full-liquor-list/,"cRc full liquor list, table row 827 (category column = Bourbon and American Whiskey)",2026-08-11,verified_against_current_official_source
CRC-row828,cRc,Bourbon and American Whiskey,Weldon Orchards,Peach Elderflower Whiskey,Certified,OK,True,false,no_evidence,False,True,False,False, ,cRc lists this as Certified under OK. Per cRc's legend a symbol is not required on the bottle. This does NOT prove the bottle is printed with a symbol. Note from cRc:  ,https://consumer.crckosher.org/liquor/full-liquor-list/,"cRc full liquor list, table row 828 (category column = Bourbon and American Whiskey)",2026-08-11,verified_against_current_official_source
CRC-row829,cRc,Bourbon and American Whiskey,Bondstone,Double Oak Reserve Chinkapin Oak Kentucky Straight Bourbon Whiskey,Certified,cRc,True,true,no_evidence,True,False,True,False,Certified when bearing the cRc logo |  ,cRc certifies this ONLY when the bottle bears the cRc logo. Note from cRc:  ,https://consumer.crckosher.org/liquor/full-liquor-list/,"cRc full liquor list, table row 829 (category column = Bourbon and American Whiskey)",2026-08-11,verified_against_current_official_source
CRC-row830,cRc,Bourbon and American Whiskey,Bondstone,Maplewood Finish Kentucky Straight Bourbon Whiskey,Certified,cRc,True,true,no_evidence,True,False,True,False,Certified when bearing the cRc logo |  ,cRc certifies this ONLY when the bottle bears the cRc logo. Note from cRc:  ,https://consumer.crckosher.org/liquor/full-liquor-list/,"cRc full liquor list, table row 830 (category column = Bourbon and American Whiskey)",2026-08-11,verified_against_current_official_source
CRC-row831,cRc,Bourbon and American Whiskey,Bondstone,Sour Mash Whiskey,Certified,cRc,True,true,no_evidence,True,False,True,False,Certified when bearing the cRc logo |  ,cRc certifies this ONLY when the bottle bears the cRc logo. Note from cRc:  ,https://consumer.crckosher.org/liquor/full-liquor-list/,"cRc full liquor list, table row 831 (category column = Bourbon and American Whiskey)",2026-08-11,verified_against_current_official_source
CRC-row832,cRc,Bourbon and American Whiskey,First Call,American Rocket Pop,Certified,cRc,True,true,no_evidence,True,False,True,False,Certified when bearing the cRc logo |  ,cRc certifies this ONLY when the bottle bears the cRc logo. Note from cRc:  ,https://consumer.crckosher.org/liquor/full-liquor-list/,"cRc full liquor list, table row 832 (category column = Bourbon and American Whiskey)",2026-08-11,verified_against_current_official_source
CRC-row833,cRc,Bourbon and American Whiskey,First Call,Blackberry Sour Gummy,Certified,cRc,True,true,no_evidence,True,False,True,False,Certified when bearing the cRc logo |  ,cRc certifies this ONLY when the bottle bears the cRc logo. Note from cRc:  ,https://consumer.crckosher.org/liquor/full-liquor-list/,"cRc full liquor list, table row 833 (category column = Bourbon and American Whiskey)",2026-08-11,verified_against_current_official_source
CRC-row834,cRc,Bourbon and American Whiskey,First Call,Hot Honey Peach,Certified,cRc,True,true,no_evidence,True,False,True,False,Certified when bearing the cRc logo |  ,cRc certifies this ONLY when the bottle bears the cRc logo. Note from cRc:  ,https://consumer.crckosher.org/liquor/full-liquor-list/,"cRc full liquor list, table row 834 (category column = Bourbon and American Whiskey)",2026-08-11,verified_against_current_official_source
CRC-row835,cRc,Bourbon and American Whiskey,First Call,Kentucky Honey,Certified,cRc,True,true,no_evidence,True,False,True,False,Certified when bearing the cRc logo |  ,cRc certifies this ONLY when the bottle bears the cRc logo. Note from cRc:  ,https://consumer.crckosher.org/liquor/full-liquor-list/,"cRc full liquor list, table row 835 (category column = Bourbon and American Whiskey)",2026-08-11,verified_against_current_official_source
CRC-row836,cRc,Bourbon and American Whiskey,First Call,Sweet Orange Pandan,Certified,cRc,True,true,no_evidence,True,False,True,False,Certified when bearing the cRc logo |  ,cRc certifies this ONLY when the bottle bears the cRc logo. Note from cRc:  ,https://consumer.crckosher.org/liquor/full-liquor-list/,"cRc full liquor list, table row 836 (category column = Bourbon and American Whiskey)",2026-08-11,verified_against_current_official_source
CRC-row837,cRc,Bourbon and American Whiskey,Kentucky Credential,Cask Strength Kentucky Straight Bourbon Whiskey,Certified,cRc,True,true,no_evidence,True,False,True,False,Certified when bearing the cRc logo |  ,cRc certifies this ONLY when the bottle bears the cRc logo. Note from cRc:  ,https://consumer.crckosher.org/liquor/full-liquor-list/,"cRc full liquor list, table row 837 (category column = Bourbon and American Whiskey)",2026-08-11,verified_against_current_official_source
CRC-row838,cRc,Bourbon and American Whiskey,Kentucky Credential,Double Oak Kentucky Straight Bourbon Whiskey,Certified,cRc,True,true,no_evidence,True,False,True,False,Certified when bearing the cRc logo |  ,cRc certifies this ONLY when the bottle bears the cRc logo. Note from cRc:  ,https://consumer.crckosher.org/liquor/full-liquor-list/,"cRc full liquor list, table row 838 (category column = Bourbon and American Whiskey)",2026-08-11,verified_against_current_official_source
CRC-row839,cRc,Bourbon and American Whiskey,Kentucky Credential,Kentucky Straight Bourbon Whiskey,Certified,cRc,True,true,no_evidence,True,False,True,False,Certified when bearing the cRc logo |  ,cRc certifies this ONLY when the bottle bears the cRc logo. Note from cRc:  ,https://consumer.crckosher.org/liquor/full-liquor-list/,"cRc full liquor list, table row 839 (category column = Bourbon and American Whiskey)",2026-08-11,verified_against_current_official_source
CRC-row841,cRc,Bourbon and American Whiskey,Kentucky Legend,Cask Strength Kentucky Straight Bourbon Whiskey,Certified,cRc,True,true,no_evidence,True,False,True,False,Certified when bearing the cRc logo |  ,cRc certifies this ONLY when the bottle bears the cRc logo. Note from cRc:  ,https://consumer.crckosher.org/liquor/full-liquor-list/,"cRc full liquor list, table row 841 (category column = Bourbon and American Whiskey)",2026-08-11,verified_against_current_official_source
CRC-row842,cRc,Bourbon and American Whiskey,Kentucky Legend,Double Oak Kentucky Straight Bourbon Whiskey,Certified,cRc,True,true,no_evidence,True,False,True,False,Certified when bearing the cRc logo |  ,cRc certifies this ONLY when the bottle bears the cRc logo. Note from cRc:  ,https://consumer.crckosher.org/liquor/full-liquor-list/,"cRc full liquor list, table row 842 (category column = Bourbon and American Whiskey)",2026-08-11,verified_against_current_official_source
CRC-row843,cRc,Bourbon and American Whiskey,Kentucky Legend,Kentucky Straight Bourbon Whiskey,Certified,cRc,True,true,no_evidence,True,False,True,False,Certified when bearing the cRc logo |  ,cRc certifies this ONLY when the bottle bears the cRc logo. Note from cRc:  ,https://consumer.crckosher.org/liquor/full-liquor-list/,"cRc full liquor list, table row 843 (category column = Bourbon and American Whiskey)",2026-08-11,verified_against_current_official_source
CRC-row845,cRc,Bourbon and American Whiskey,Kentucky Rambler,Honey Barrel Finished,Certified,cRc,True,true,no_evidence,True,False,True,False,Certified when bearing the cRc logo |  ,cRc certifies this ONLY when the bottle bears the cRc logo. Note from cRc:  ,https://consumer.crckosher.org/liquor/full-liquor-list/,"cRc full liquor list, table row 845 (category column = Bourbon and American Whiskey)",2026-08-11,verified_against_current_official_source
CRC-row846,cRc,Bourbon and American Whiskey,Aces High,Bourbon Whiskey,Certified,Star-K,True,true,no_evidence,True,False,True,False,Certified when bearing the Star-K logo |  ,cRc certifies this ONLY when the bottle bears the Star-K logo. Note from cRc:  ,https://consumer.crckosher.org/liquor/full-liquor-list/,"cRc full liquor list, table row 846 (category column = Bourbon and American Whiskey)",2026-08-11,verified_against_current_official_source
CRC-row847,cRc,Bourbon and American Whiskey,CALI,Black Gold Bourbon,Certified,Star-K,True,true,no_evidence,True,False,True,False,Certified when bearing the Star-K logo |  ,cRc certifies this ONLY when the bottle bears the Star-K logo. Note from cRc:  ,https://consumer.crckosher.org/liquor/full-liquor-list/,"cRc full liquor list, table row 847 (category column = Bourbon and American Whiskey)",2026-08-11,verified_against_current_official_source
CRC-row848,cRc,Bourbon and American Whiskey,CALI,CALI Special Reserve Bourbon Whiskey,Certified,Star-K,True,true,no_evidence,True,False,True,False,Certified when bearing the Star-K logo |  ,cRc certifies this ONLY when the bottle bears the Star-K logo. Note from cRc:  ,https://consumer.crckosher.org/liquor/full-liquor-list/,"cRc full liquor list, table row 848 (category column = Bourbon and American Whiskey)",2026-08-11,verified_against_current_official_source
CRC-row849,cRc,Bourbon and American Whiskey,CALI,Crimson Blue Reserve Bourbon Whiskey,Certified,Star-K,True,true,no_evidence,True,False,True,False,Certified when bearing the Star-K logo |  ,cRc certifies this ONLY when the bottle bears the Star-K logo. Note from cRc:  ,https://consumer.crckosher.org/liquor/full-liquor-list/,"cRc full liquor list, table row 849 (category column = Bourbon and American Whiskey)",2026-08-11,verified_against_current_official_source
CRC-row851,cRc,Bourbon and American Whiskey,CALI,Mavericks French Oak Bourbon Whiskey,Certified,Star-K,True,true,no_evidence,True,False,True,False,Certified when bearing the Star-K logo |  ,cRc certifies this ONLY when the bottle bears the Star-K logo. Note from cRc:  ,https://consumer.crckosher.org/liquor/full-liquor-list/,"cRc full liquor list, table row 851 (category column = Bourbon and American Whiskey)",2026-08-11,verified_against_current_official_source
CRC-row853,cRc,Bourbon and American Whiskey,CALI,Steel String Bourbon Whiskey,Certified,Star-K,True,true,no_evidence,True,False,True,False,Certified when bearing the Star-K logo |  ,cRc certifies this ONLY when the bottle bears the Star-K logo. Note from cRc:  ,https://consumer.crckosher.org/liquor/full-liquor-list/,"cRc full liquor list, table row 853 (category column = Bourbon and American Whiskey)",2026-08-11,verified_against_current_official_source
CRC-row856,cRc,Bourbon and American Whiskey,CALI,Thunder Mesquite Finished Bourbon Whiskey,Certified,Star-K,True,true,no_evidence,True,False,True,False,Certified when bearing the Star-K logo |  ,cRc certifies this ONLY when the bottle bears the Star-K logo. Note from cRc:  ,https://consumer.crckosher.org/liquor/full-liquor-list/,"cRc full liquor list, table row 856 (category column = Bourbon and American Whiskey)",2026-08-11,verified_against_current_official_source
CRC-row857,cRc,Bourbon and American Whiskey,CALI,Tower 11 Bourbon Whiskey,Certified,Star-K,True,true,no_evidence,True,False,True,False,Certified when bearing the Star-K logo |  ,cRc certifies this ONLY when the bottle bears the Star-K logo. Note from cRc:  ,https://consumer.crckosher.org/liquor/full-liquor-list/,"cRc full liquor list, table row 857 (category column = Bourbon and American Whiskey)",2026-08-11,verified_against_current_official_source
CRC-row858,cRc,Bourbon and American Whiskey,CALI,Twelve Tribes Bourbon Whiskey,Certified,Star-K,True,true,no_evidence,True,False,True,False,Certified when bearing the Star-K logo |  ,cRc certifies this ONLY when the bottle bears the Star-K logo. Note from cRc:  ,https://consumer.crckosher.org/liquor/full-liquor-list/,"cRc full liquor list, table row 858 (category column = Bourbon and American Whiskey)",2026-08-11,verified_against_current_official_source
CRC-row859,cRc,Bourbon and American Whiskey,CALI,Westwood Reserve Bourbon Whiskey,Certified,Star-K,True,true,no_evidence,True,False,True,False,Certified when bearing the Star-K logo |  ,cRc certifies this ONLY when the bottle bears the Star-K logo. Note from cRc:  ,https://consumer.crckosher.org/liquor/full-liquor-list/,"cRc full liquor list, table row 859 (category column = Bourbon and American Whiskey)",2026-08-11,verified_against_current_official_source
CRC-row860,cRc,Bourbon and American Whiskey,Woodford Reserve,Baccarat,Not Recommended,,False,,no_evidence,False,False,False,True, ,"cRc lists this as ""Not Recommended"". Do not use it. Note from cRc:  ",https://consumer.crckosher.org/liquor/full-liquor-list/,"cRc full liquor list, table row 860 (category column = Bourbon and American Whiskey)",2026-08-11,verified_against_current_official_source
CRC-row861,cRc,Bourbon and American Whiskey,Sparrowfield,Kentucky Straight Bourbon Whiskey,Certified,cRc,True,true,no_evidence,True,False,True,False,Certified when bearing the cRc logo |  ,cRc certifies this ONLY when the bottle bears the cRc logo. Note from cRc:  ,https://consumer.crckosher.org/liquor/full-liquor-list/,"cRc full liquor list, table row 861 (category column = Bourbon and American Whiskey)",2026-08-11,verified_against_current_official_source
CRC-row862,cRc,Bourbon and American Whiskey,Cast Iron,Kentucky Straight Bourbon Whiskey,Certified,cRc,True,true,no_evidence,True,False,True,False,Certified when bearing the cRc logo |  ,cRc certifies this ONLY when the bottle bears the cRc logo. Note from cRc:  ,https://consumer.crckosher.org/liquor/full-liquor-list/,"cRc full liquor list, table row 862 (category column = Bourbon and American Whiskey)",2026-08-11,verified_against_current_official_source
STARK-item-4KB24VIA,STAR-K,Bourbon and American Whiskey,Evan Williams,Evan Williams,Approved,,False,false,no_evidence,False,True,False,False,"Not acceptable when labeled with the words ""Sherry, Port, Cognac, Madeira, Oloroso, Sauterne, Shiraz, Dual-Cask Finish, or Double-Matured.""",STAR-K approves this American whiskey without requiring a kosher symbol on the bottle.,https://www.star-k.org/resource/list/W56J90P5/all_liquor#item-4KB24VIA,"STAR-K all_liquor listing, item block item-4KB24VIA (imported row index 952)",2026-08-11,verified_against_current_official_source
CRC-row729,cRc,Bourbon and American Whiskey,Buffalo Trace,Kosher Bourbon Rye Recipe,Certified,cRc,True,true,no_evidence,True,False,True,False,Certified when bearing the cRc logo,"cRc certifies this ONLY when the bottle bears the cRc logo. 'Rye Recipe' names the BOURBON mash bill - this is a bourbon, not a rye whiskey.",https://consumer.crckosher.org/liquor/full-liquor-list/,"cRc full liquor list, table row 729 (category column = Bourbon and American Whiskey)",2026-08-11,verified_against_current_official_source
CRC-row649,cRc,Bourbon and American Whiskey,Colonel E.H. Taylor,All Varieties,Not Recommended unless purchased before Pesach 2009/5769,,False,,no_evidence,False,False,False,True,Not Recommended unless purchased before Pesach 2009/5769,"cRc lists this as ""Not Recommended unless purchased before Pesach 2009/5769"". Do not use it.",https://consumer.crckosher.org/liquor/full-liquor-list/,"cRc full liquor list, table row 649 (category column = Bourbon and American Whiskey)",2026-08-11,verified_against_current_official_source
