record_id,agency,category,brand_exact,product_exact,agency_status_exact,certification_or_symbol,certification_recorded,symbol_required_for_approval,physical_symbol_independently_observed,in_list_1_approved_only_when_bearing_symbol,in_list_2,in_list_3,in_list_4,conditions_exact,plain_language_explanation,official_source_url,source_location,checked_date,verification_status
STARK-item-Y2VRY3HY,STAR-K,Liqueur,American Fruits,Apple Liqueur (when bearing STAR-K),Approved,STAR-K,True,true,no_evidence,True,False,True,False,,STAR-K approves this ONLY if the bottle bears the STAR-K certification.,https://www.star-k.org/resource/list/W56J90P5/all_liquor#item-Y2VRY3HY,"STAR-K all_liquor listing, item block item-Y2VRY3HY (imported row index 74)",2026-08-11,verified_against_current_official_source
STARK-item-ZBTKD4BQ,STAR-K,Liqueur,American Fruits,Black Currant Cordial (when bearing STAR-K),Approved,STAR-K,True,true,no_evidence,True,False,True,False,,STAR-K approves this ONLY if the bottle bears the STAR-K certification.,https://www.star-k.org/resource/list/W56J90P5/all_liquor#item-ZBTKD4BQ,"STAR-K all_liquor listing, item block item-ZBTKD4BQ (imported row index 75)",2026-08-11,verified_against_current_official_source
STARK-item-2LRES66I,STAR-K,Liqueur,American Fruits,Pear Liqueur (when bearing STAR-K),Approved,STAR-K,True,true,no_evidence,True,False,True,False,,STAR-K approves this ONLY if the bottle bears the STAR-K certification.,https://www.star-k.org/resource/list/W56J90P5/all_liquor#item-2LRES66I,"STAR-K all_liquor listing, item block item-2LRES66I (imported row index 76)",2026-08-11,verified_against_current_official_source
STARK-item-3VO888YA,STAR-K,Liqueur,American Fruits,Sour Cherry Cordial (when bearing STAR-K),Approved,STAR-K,True,true,no_evidence,True,False,True,False,,STAR-K approves this ONLY if the bottle bears the STAR-K certification.,https://www.star-k.org/resource/list/W56J90P5/all_liquor#item-3VO888YA,"STAR-K all_liquor listing, item block item-3VO888YA (imported row index 77)",2026-08-11,verified_against_current_official_source
STARK-item-RIT98GW3,STAR-K,Liqueur,American Fruits,Strawberry Liqueur (when bearing STAR-K),Approved,STAR-K,True,true,no_evidence,True,False,True,False,,STAR-K approves this ONLY if the bottle bears the STAR-K certification.,https://www.star-k.org/resource/list/W56J90P5/all_liquor#item-RIT98GW3,"STAR-K all_liquor listing, item block item-RIT98GW3 (imported row index 78)",2026-08-11,verified_against_current_official_source
STARK-item-4RN00ROM,STAR-K,Liqueur,Arak,Alouf-Extra Fine (when bearing OU),Approved,OU,True,true,no_evidence,True,False,True,False,Only when bearing Kosher symbol,STAR-K approves this ONLY if the bottle bears the OU certification. Condition recorded by STAR-K: Only when bearing Kosher symbol,https://www.star-k.org/resource/list/W56J90P5/all_liquor#item-4RN00ROM,"STAR-K all_liquor listing, item block item-4RN00ROM (imported row index 107)",2026-08-11,verified_against_current_official_source
STARK-item-SESA91ME,STAR-K,Liqueur,Arak,Ashkelon (when bearing OU),Approved,OU,True,true,no_evidence,True,False,True,False,Only when bearing Kosher symbol,STAR-K approves this ONLY if the bottle bears the OU certification. Condition recorded by STAR-K: Only when bearing Kosher symbol,https://www.star-k.org/resource/list/W56J90P5/all_liquor#item-SESA91ME,"STAR-K all_liquor listing, item block item-SESA91ME (imported row index 108)",2026-08-11,verified_against_current_official_source
STARK-item-TOQ5N3F7,STAR-K,Liqueur,Bartenura,Liqueurs (when bearing OU),Approved,OU,True,true,no_evidence,True,False,True,False,Only when bearing Kosher symbol,STAR-K approves this ONLY if the bottle bears the OU certification. Condition recorded by STAR-K: Only when bearing Kosher symbol,https://www.star-k.org/resource/list/W56J90P5/all_liquor#item-TOQ5N3F7,"STAR-K all_liquor listing, item block item-TOQ5N3F7 (imported row index 228)",2026-08-11,verified_against_current_official_source
STARK-item-RRXPL7O3,STAR-K,Liqueur,Bicerin,Dark Chocolate (when bearing OU),Approved,OU,True,true,no_evidence,True,False,True,False,,STAR-K approves this ONLY if the bottle bears the OU certification.,https://www.star-k.org/resource/list/W56J90P5/all_liquor#item-RRXPL7O3,"STAR-K all_liquor listing, item block item-RRXPL7O3 (imported row index 306)",2026-08-11,verified_against_current_official_source
STARK-item-S2VI19IU,STAR-K,Liqueur,Bicerin,White Chocolate (when bearing OU),Approved,OU,True,true,no_evidence,True,False,True,False,,STAR-K approves this ONLY if the bottle bears the OU certification.,https://www.star-k.org/resource/list/W56J90P5/all_liquor#item-S2VI19IU,"STAR-K all_liquor listing, item block item-S2VI19IU (imported row index 307)",2026-08-11,verified_against_current_official_source
STARK-item-RMANB5TI,STAR-K,Liqueur,Binyamina,Binyamina (when bearing OU),Approved,OU,True,true,no_evidence,True,False,True,False,,STAR-K approves this ONLY if the bottle bears the OU certification.,https://www.star-k.org/resource/list/W56J90P5/all_liquor#item-RMANB5TI,"STAR-K all_liquor listing, item block item-RMANB5TI (imported row index 313)",2026-08-11,verified_against_current_official_source
STARK-item-3LBULE9M,STAR-K,Liqueur,DeKuyper,Assorted Liqueurs (when bearing OU Pareve),Approved,OU Pareve,True,true,no_evidence,True,False,True,False,Only when bearing Kosher symbol,STAR-K approves this ONLY if the bottle bears the OU Pareve certification. Condition recorded by STAR-K: Only when bearing Kosher symbol,https://www.star-k.org/resource/list/W56J90P5/all_liquor#item-3LBULE9M,"STAR-K all_liquor listing, item block item-3LBULE9M (imported row index 825)",2026-08-11,verified_against_current_official_source
STARK-item-RR3N887E,STAR-K,Liqueur,DeKuyper,Root Beer 40°,Approved,OU,True,,no_evidence,False,True,False,False,Certified By OU,STAR-K approves this liqueur without requiring a kosher symbol on the bottle. Condition recorded by STAR-K: Certified By OU,https://www.star-k.org/resource/list/W56J90P5/all_liquor#item-RR3N887E,"STAR-K all_liquor listing, item block item-RR3N887E (imported row index 826)",2026-08-11,verified_against_current_official_source
STARK-item-TEQLIESM,STAR-K,Liqueur,Dettling,Honey Cherry Liquer (Honigkirschlikor) (when bearing OU),Approved,OU,True,true,no_evidence,True,False,True,False,,STAR-K approves this ONLY if the bottle bears the OU certification.,https://www.star-k.org/resource/list/W56J90P5/all_liquor#item-TEQLIESM,"STAR-K all_liquor listing, item block item-TEQLIESM (imported row index 864)",2026-08-11,verified_against_current_official_source
STARK-item-W9J2RJ0Y,STAR-K,Liqueur,Dettling,Kirschliker (when bearing OU),Approved,OU,True,true,no_evidence,True,False,True,False,,STAR-K approves this ONLY if the bottle bears the OU certification.,https://www.star-k.org/resource/list/W56J90P5/all_liquor#item-W9J2RJ0Y,"STAR-K all_liquor listing, item block item-W9J2RJ0Y (imported row index 867)",2026-08-11,verified_against_current_official_source
STARK-item-3HQGUPUU,STAR-K,Liqueur,Disaronno,Amaretto (when bearing OU),Approved,OU,True,true,no_evidence,True,False,True,False,Only when bearing Kosher symbol,STAR-K approves this ONLY if the bottle bears the OU certification. Condition recorded by STAR-K: Only when bearing Kosher symbol,https://www.star-k.org/resource/list/W56J90P5/all_liquor#item-3HQGUPUU,"STAR-K all_liquor listing, item block item-3HQGUPUU (imported row index 887)",2026-08-11,verified_against_current_official_source
STARK-item-YSJ2VL93,STAR-K,Liqueur,Disaronno,Disaronno (when bearing OU),Approved,OU,True,true,no_evidence,True,False,True,False,,STAR-K approves this ONLY if the bottle bears the OU certification.,https://www.star-k.org/resource/list/W56J90P5/all_liquor#item-YSJ2VL93,"STAR-K all_liquor listing, item block item-YSJ2VL93 (imported row index 888)",2026-08-11,verified_against_current_official_source
STARK-item-4V0N1G3E,STAR-K,Liqueur,Drambuie,Drambuie (when bearing MK Manchester),Approved,MK Manchester,True,true,no_evidence,True,False,True,False,,STAR-K approves this ONLY if the bottle bears the MK Manchester certification.,https://www.star-k.org/resource/list/W56J90P5/all_liquor#item-4V0N1G3E,"STAR-K all_liquor listing, item block item-4V0N1G3E (imported row index 909)",2026-08-11,verified_against_current_official_source
STARK-item-SDCC8MUE,STAR-K,Liqueur,Godiva Liqueurs,Dark Chocolate Liquor (when bearing OU),Approved,OU,True,true,no_evidence,True,False,True,False,,STAR-K approves this ONLY if the bottle bears the OU certification.,https://www.star-k.org/resource/list/W56J90P5/all_liquor#item-SDCC8MUE,"STAR-K all_liquor listing, item block item-SDCC8MUE (imported row index 1093)",2026-08-11,verified_against_current_official_source
STARK-item-YW736N5M,STAR-K,Liqueur,Jim Beam,Honey Bourbon Whiskey (when bearing OU),Approved,OU,True,true,no_evidence,True,False,True,False,,STAR-K approves this ONLY if the bottle bears the OU certification.,https://www.star-k.org/resource/list/W56J90P5/all_liquor#item-YW736N5M,"STAR-K all_liquor listing, item block item-YW736N5M (imported row index 1354)",2026-08-11,verified_against_current_official_source
STARK-item-1KW2ST4Q,STAR-K,Liqueur,Jim Beam,Red Stag Black Cherry (when bearing OU),Approved,OU,True,true,no_evidence,True,False,True,False,,STAR-K approves this ONLY if the bottle bears the OU certification.,https://www.star-k.org/resource/list/W56J90P5/all_liquor#item-1KW2ST4Q,"STAR-K all_liquor listing, item block item-1KW2ST4Q (imported row index 1358)",2026-08-11,verified_against_current_official_source
STARK-item-SW05AI53,STAR-K,Liqueur,Jim Beam,Red Stag Black Cherry (when bearing OU),Approved,OU,True,true,no_evidence,True,False,True,False,,STAR-K approves this ONLY if the bottle bears the OU certification.,https://www.star-k.org/resource/list/W56J90P5/all_liquor#item-SW05AI53,"STAR-K all_liquor listing, item block item-SW05AI53 (imported row index 1359)",2026-08-11,verified_against_current_official_source
STARK-item-2UUU8VXI,STAR-K,Liqueur,Jim Beam,Red Stag Black Cherry - New Zealand (when bearing OU),Approved,OU,True,true,no_evidence,True,False,True,False,,STAR-K approves this ONLY if the bottle bears the OU certification.,https://www.star-k.org/resource/list/W56J90P5/all_liquor#item-2UUU8VXI,"STAR-K all_liquor listing, item block item-2UUU8VXI (imported row index 1360)",2026-08-11,verified_against_current_official_source
STARK-item-XEFQJZHI,STAR-K,Liqueur,Jim Beam,Red Stag Black Cherry- New Zealand (when bearing OU),Approved,OU,True,true,no_evidence,True,False,True,False,,STAR-K approves this ONLY if the bottle bears the OU certification.,https://www.star-k.org/resource/list/W56J90P5/all_liquor#item-XEFQJZHI,"STAR-K all_liquor listing, item block item-XEFQJZHI (imported row index 1361)",2026-08-11,verified_against_current_official_source
STARK-item-35SOMXQA,STAR-K,Liqueur,Jim Beam,Red Stag Honey Tea (when bearing OU),Approved,OU,True,true,no_evidence,True,False,True,False,,STAR-K approves this ONLY if the bottle bears the OU certification.,https://www.star-k.org/resource/list/W56J90P5/all_liquor#item-35SOMXQA,"STAR-K all_liquor listing, item block item-35SOMXQA (imported row index 1362)",2026-08-11,verified_against_current_official_source
STARK-item-4PXFUKW3,STAR-K,Liqueur,Jim Beam,Red Stag Honey Tea (when bearing OU),Approved,OU,True,true,no_evidence,True,False,True,False,,STAR-K approves this ONLY if the bottle bears the OU certification.,https://www.star-k.org/resource/list/W56J90P5/all_liquor#item-4PXFUKW3,"STAR-K all_liquor listing, item block item-4PXFUKW3 (imported row index 1363)",2026-08-11,verified_against_current_official_source
STARK-item-3Q1JETLY,STAR-K,Liqueur,Jim Beam,Red Stag Spiced (when bearing OU),Approved,OU,True,true,no_evidence,True,False,True,False,,STAR-K approves this ONLY if the bottle bears the OU certification.,https://www.star-k.org/resource/list/W56J90P5/all_liquor#item-3Q1JETLY,"STAR-K all_liquor listing, item block item-3Q1JETLY (imported row index 1364)",2026-08-11,verified_against_current_official_source
STARK-item-VHI1FEQU,STAR-K,Liqueur,Jumbie,Rum Liqueur (When bearing OU),Approved,OU,True,true,no_evidence,True,False,True,False,Only when bearing Kosher symbol,STAR-K approves this ONLY if the bottle bears the OU certification. Condition recorded by STAR-K: Only when bearing Kosher symbol,https://www.star-k.org/resource/list/W56J90P5/all_liquor#item-VHI1FEQU,"STAR-K all_liquor listing, item block item-VHI1FEQU (imported row index 1390)",2026-08-11,verified_against_current_official_source
STARK-item-2HFXAJQE,STAR-K,Liqueur,Leroux,Assorted Liqueurs (Pareve | when bearing OU),Approved,OU,True,true,no_evidence,True,False,True,False,Only when bearing Kosher symbol,STAR-K approves this ONLY if the bottle bears the OU certification. Condition recorded by STAR-K: Only when bearing Kosher symbol,https://www.star-k.org/resource/list/W56J90P5/all_liquor#item-2HFXAJQE,"STAR-K all_liquor listing, item block item-2HFXAJQE (imported row index 1578)",2026-08-11,verified_against_current_official_source
STARK-item-TJ8EGPJ7,STAR-K,Liqueur,Lucid,Absinthe Superiure (when bearing OU),Approved,OU,True,true,no_evidence,True,False,True,False,,STAR-K approves this ONLY if the bottle bears the OU certification.,https://www.star-k.org/resource/list/W56J90P5/all_liquor#item-TJ8EGPJ7,"STAR-K all_liquor listing, item block item-TJ8EGPJ7 (imported row index 1617)",2026-08-11,verified_against_current_official_source
STARK-item-V4N6GORQ,STAR-K,Liqueur,Lucid,Absinthe Supériure (when bearing OU),Approved,OU,True,true,no_evidence,True,False,True,False,,STAR-K approves this ONLY if the bottle bears the OU certification.,https://www.star-k.org/resource/list/W56J90P5/all_liquor#item-V4N6GORQ,"STAR-K all_liquor listing, item block item-V4N6GORQ (imported row index 1618)",2026-08-11,verified_against_current_official_source
STARK-item-3QDRPLJ7,STAR-K,Liqueur,Luxardo,Assorted Liqueurs (when bearing KLBD),Approved,KLBD,True,true,no_evidence,True,False,True,False,,STAR-K approves this ONLY if the bottle bears the KLBD certification.,https://www.star-k.org/resource/list/W56J90P5/all_liquor#item-3QDRPLJ7,"STAR-K all_liquor listing, item block item-3QDRPLJ7 (imported row index 1622)",2026-08-11,verified_against_current_official_source
STARK-item-SOGL4VBQ,STAR-K,Liqueur,Peter Heering,Cherry (when bearing OU),Approved,OU,True,true,no_evidence,True,False,True,False,,STAR-K approves this ONLY if the bottle bears the OU certification.,https://www.star-k.org/resource/list/W56J90P5/all_liquor#item-SOGL4VBQ,"STAR-K all_liquor listing, item block item-SOGL4VBQ (imported row index 1834)",2026-08-11,verified_against_current_official_source
STARK-item-REKF87ZQ,STAR-K,Liqueur,Peter Heering,Coffee (when bearing OU),Approved,OU,True,true,no_evidence,True,False,True,False,,STAR-K approves this ONLY if the bottle bears the OU certification.,https://www.star-k.org/resource/list/W56J90P5/all_liquor#item-REKF87ZQ,"STAR-K all_liquor listing, item block item-REKF87ZQ (imported row index 1835)",2026-08-11,verified_against_current_official_source
STARK-item-U8DWGCG3,STAR-K,Liqueur,R. Jelinek,Pear Williams (when bearing STAR-K or OU),Approved,STAR-K; OU,True,true,no_evidence,True,False,True,False,,"STAR-K approves this ONLY if the bottle bears the STAR-K, OU certification.",https://www.star-k.org/resource/list/W56J90P5/all_liquor#item-U8DWGCG3,"STAR-K all_liquor listing, item block item-U8DWGCG3 (imported row index 1858)",2026-08-11,verified_against_current_official_source
STARK-item-TYEFIX6I,STAR-K,Liqueur,R. Jelinek,Slivovitz (when bearing STAR-K or OU),Approved,STAR-K; OU,True,true,no_evidence,True,False,True,False,,"STAR-K approves this ONLY if the bottle bears the STAR-K, OU certification.",https://www.star-k.org/resource/list/W56J90P5/all_liquor#item-TYEFIX6I,"STAR-K all_liquor listing, item block item-TYEFIX6I (imported row index 1859)",2026-08-11,verified_against_current_official_source
STARK-item-WH02C2S3,STAR-K,Liqueur,Sabra,Coffee Liqueur (Pareve | when bearing OU),Approved,OU,True,true,no_evidence,True,False,True,False,,STAR-K approves this ONLY if the bottle bears the OU certification.,https://www.star-k.org/resource/list/W56J90P5/all_liquor#item-WH02C2S3,"STAR-K all_liquor listing, item block item-WH02C2S3 (imported row index 1922)",2026-08-11,verified_against_current_official_source
STARK-item-U8B9XZYA,STAR-K,Liqueur,Sabra,Orange Chocolate Liqueur (Pareve | when bearing OU),Approved,OU,True,true,no_evidence,True,False,True,False,,STAR-K approves this ONLY if the bottle bears the OU certification.,https://www.star-k.org/resource/list/W56J90P5/all_liquor#item-U8B9XZYA,"STAR-K all_liquor listing, item block item-U8B9XZYA (imported row index 1923)",2026-08-11,verified_against_current_official_source
STARK-item-XR0IBF5M,STAR-K,Liqueur,Sabra,Orange Liqueur (when bearing OU),Approved,OU,True,true,no_evidence,True,False,True,False,,STAR-K approves this ONLY if the bottle bears the OU certification.,https://www.star-k.org/resource/list/W56J90P5/all_liquor#item-XR0IBF5M,"STAR-K all_liquor listing, item block item-XR0IBF5M (imported row index 1924)",2026-08-11,verified_against_current_official_source
STARK-item-SYSP1ZFQ,STAR-K,Liqueur,Sauza Agave Cocktails,Assorted Cocktail Varieties (when bearing STAR-K),Approved,STAR-K,True,true,no_evidence,True,False,True,False,,STAR-K approves this ONLY if the bottle bears the STAR-K certification.,https://www.star-k.org/resource/list/W56J90P5/all_liquor#item-SYSP1ZFQ,"STAR-K all_liquor listing, item block item-SYSP1ZFQ (imported row index 2045)",2026-08-11,verified_against_current_official_source
STARK-item-XR8VR4MU,STAR-K,Liqueur,Senior & Co Curacao Liqueurs,Blue Curacao of Curacao (when bearing Star-K),Approved,Star-K,True,true,no_evidence,True,False,True,False,,STAR-K approves this ONLY if the bottle bears the Star-K certification.,https://www.star-k.org/resource/list/W56J90P5/all_liquor#item-XR8VR4MU,"STAR-K all_liquor listing, item block item-XR8VR4MU (imported row index 2066)",2026-08-11,verified_against_current_official_source
STARK-item-Y26O76GM,STAR-K,Liqueur,Senior & Co Curacao Liqueurs,Chocolate Curacao of Curacao (when bearing Star-K),Approved,Star-K,True,true,no_evidence,True,False,True,False,,STAR-K approves this ONLY if the bottle bears the Star-K certification.,https://www.star-k.org/resource/list/W56J90P5/all_liquor#item-Y26O76GM,"STAR-K all_liquor listing, item block item-Y26O76GM (imported row index 2067)",2026-08-11,verified_against_current_official_source
STARK-item-ZB4IL7AE,STAR-K,Liqueur,Senior & Co Curacao Liqueurs,Clear Curacao of Curacao (when bearing Star-K),Approved,Star-K,True,true,no_evidence,True,False,True,False,,STAR-K approves this ONLY if the bottle bears the Star-K certification.,https://www.star-k.org/resource/list/W56J90P5/all_liquor#item-ZB4IL7AE,"STAR-K all_liquor listing, item block item-ZB4IL7AE (imported row index 2068)",2026-08-11,verified_against_current_official_source
STARK-item-2L1B1947,STAR-K,Liqueur,Senior & Co Curacao Liqueurs,Coffee Curacao of Curacao (when bearing Star-K),Approved,Star-K,True,true,no_evidence,True,False,True,False,,STAR-K approves this ONLY if the bottle bears the Star-K certification.,https://www.star-k.org/resource/list/W56J90P5/all_liquor#item-2L1B1947,"STAR-K all_liquor listing, item block item-2L1B1947 (imported row index 2069)",2026-08-11,verified_against_current_official_source
STARK-item-3VY6FAXY,STAR-K,Liqueur,Senior & Co Curacao Liqueurs,Green Curacao of Curacao (when bearing Star-K),Approved,Star-K,True,true,no_evidence,True,False,True,False,,STAR-K approves this ONLY if the bottle bears the Star-K certification.,https://www.star-k.org/resource/list/W56J90P5/all_liquor#item-3VY6FAXY,"STAR-K all_liquor listing, item block item-3VY6FAXY (imported row index 2070)",2026-08-11,verified_against_current_official_source
STARK-item-RI47FJVQ,STAR-K,Liqueur,Senior & Co Curacao Liqueurs,Orange Curacao of Curacao (when bearing Star-K),Approved,Star-K,True,true,no_evidence,True,False,True,False,,STAR-K approves this ONLY if the bottle bears the Star-K certification.,https://www.star-k.org/resource/list/W56J90P5/all_liquor#item-RI47FJVQ,"STAR-K all_liquor listing, item block item-RI47FJVQ (imported row index 2071)",2026-08-11,verified_against_current_official_source
STARK-item-SS2ZULPI,STAR-K,Liqueur,Senior & Co Curacao Liqueurs,Red Curacao of Curacao (when bearing Star-K),Approved,Star-K,True,true,no_evidence,True,False,True,False,,STAR-K approves this ONLY if the bottle bears the Star-K certification.,https://www.star-k.org/resource/list/W56J90P5/all_liquor#item-SS2ZULPI,"STAR-K all_liquor listing, item block item-SS2ZULPI (imported row index 2072)",2026-08-11,verified_against_current_official_source
STARK-item-T3ZS0NIA,STAR-K,Liqueur,Senior & Co Curacao Liqueurs,Rum Raisin Curacao of Curacao (when bearing Star-K),Approved,Star-K,True,true,no_evidence,True,False,True,False,,STAR-K approves this ONLY if the bottle bears the Star-K certification.,https://www.star-k.org/resource/list/W56J90P5/all_liquor#item-T3ZS0NIA,"STAR-K all_liquor listing, item block item-T3ZS0NIA (imported row index 2073)",2026-08-11,verified_against_current_official_source
STARK-item-SC2EMKIU,STAR-K,Liqueur,Slingers,Assorted Cocktail Varieties (when bearing STAR-K),Approved,STAR-K,True,true,no_evidence,True,False,True,False,,STAR-K approves this ONLY if the bottle bears the STAR-K certification.,https://www.star-k.org/resource/list/W56J90P5/all_liquor#item-SC2EMKIU,"STAR-K all_liquor listing, item block item-SC2EMKIU (imported row index 2086)",2026-08-11,verified_against_current_official_source
STARK-item-WMVF4Q7U,STAR-K,Liqueur,Spirit of Solomon,Assorted Liqueur Varieties (when bearing CRC Hisachdus),Approved,CRC Hisachdus,True,true,no_evidence,True,False,True,False,,STAR-K approves this ONLY if the bottle bears the CRC Hisachdus certification.,https://www.star-k.org/resource/list/W56J90P5/all_liquor#item-WMVF4Q7U,"STAR-K all_liquor listing, item block item-WMVF4Q7U (imported row index 2109)",2026-08-11,verified_against_current_official_source
STARK-item-WMW4M4OM,STAR-K,Liqueur,Starbucks Coffee Liqueur,Starbucks Coffee Liqueur (when bearing OU Pareve),Approved,OU Pareve,True,true,no_evidence,True,False,True,False,,STAR-K approves this ONLY if the bottle bears the OU Pareve certification.,https://www.star-k.org/resource/list/W56J90P5/all_liquor#item-WMW4M4OM,"STAR-K all_liquor listing, item block item-WMW4M4OM (imported row index 2114)",2026-08-11,verified_against_current_official_source
STARK-item-UCXMOOC3,STAR-K,Liqueur,Sukkah Hill,Sukkah Hill (when bearing Star-K),Approved,Star-K,True,true,no_evidence,True,False,True,False,,STAR-K approves this ONLY if the bottle bears the Star-K certification.,https://www.star-k.org/resource/list/W56J90P5/all_liquor#item-UCXMOOC3,"STAR-K all_liquor listing, item block item-UCXMOOC3 (imported row index 2128)",2026-08-11,verified_against_current_official_source
STARK-item-3C2CDEMA,STAR-K,Liqueur,Traverse City,Cherry Infused (when bearing cRc),Approved,cRc,True,true,no_evidence,True,False,True,False,,STAR-K approves this ONLY if the bottle bears the cRc certification.,https://www.star-k.org/resource/list/W56J90P5/all_liquor#item-3C2CDEMA,"STAR-K all_liquor listing, item block item-3C2CDEMA (imported row index 2242)",2026-08-11,verified_against_current_official_source
STARK-item-Y7Q3XUUE,STAR-K,Liqueur,Zachlawi,Arak (when bearing OU),Approved,OU,True,true,no_evidence,True,False,True,False,Only when bearing Kosher symbol,STAR-K approves this ONLY if the bottle bears the OU certification. Condition recorded by STAR-K: Only when bearing Kosher symbol,https://www.star-k.org/resource/list/W56J90P5/all_liquor#item-Y7Q3XUUE,"STAR-K all_liquor listing, item block item-Y7Q3XUUE (imported row index 2382)",2026-08-11,verified_against_current_official_source
STARK-item-3GWO7GYU,STAR-K,Liqueur,Zwack,Kosher Silvovitz (when bearing OU),Approved,OU,True,true,no_evidence,True,False,True,False,,STAR-K approves this ONLY if the bottle bears the OU certification.,https://www.star-k.org/resource/list/W56J90P5/all_liquor#item-3GWO7GYU,"STAR-K all_liquor listing, item block item-3GWO7GYU (imported row index 2391)",2026-08-11,verified_against_current_official_source
STARK-item-4QUILISM,STAR-K,Liqueur,Zwack,Kosher Slivovitz Reserve (when bearing OU),Approved,OU,True,true,no_evidence,True,False,True,False,,STAR-K approves this ONLY if the bottle bears the OU certification.,https://www.star-k.org/resource/list/W56J90P5/all_liquor#item-4QUILISM,"STAR-K all_liquor listing, item block item-4QUILISM (imported row index 2392)",2026-08-11,verified_against_current_official_source
STARK-item-Z0KJ245M,STAR-K,Liqueur,broVo,+C2 Chocolate Liqueur (when bearing KVH),Approved,KVH,True,true,no_evidence,True,False,True,False,,STAR-K approves this ONLY if the bottle bears the KVH certification.,https://www.star-k.org/resource/list/W56J90P5/all_liquor#item-Z0KJ245M,"STAR-K all_liquor listing, item block item-Z0KJ245M (imported row index 2393)",2026-08-11,verified_against_current_official_source
STARK-item-2JHDG6YE,STAR-K,Liqueur,broVo,+DF2 Douglas Fir Liqueur (when bearing KVH),Approved,KVH,True,true,no_evidence,True,False,True,False,,STAR-K approves this ONLY if the bottle bears the KVH certification.,https://www.star-k.org/resource/list/W56J90P5/all_liquor#item-2JHDG6YE,"STAR-K all_liquor listing, item block item-2JHDG6YE (imported row index 2394)",2026-08-11,verified_against_current_official_source
STARK-item-3TF7V8R7,STAR-K,Liqueur,broVo,+G2 Ginger Liqueur (when bearing KVH),Approved,KVH,True,true,no_evidence,True,False,True,False,,STAR-K approves this ONLY if the bottle bears the KVH certification.,https://www.star-k.org/resource/list/W56J90P5/all_liquor#item-3TF7V8R7,"STAR-K all_liquor listing, item block item-3TF7V8R7 (imported row index 2395)",2026-08-11,verified_against_current_official_source
STARK-item-U6S0DWTI,STAR-K,Liqueur,broVo,Amaro #1 (when bearing KVH),Approved,KVH,True,true,no_evidence,True,False,True,False,,STAR-K approves this ONLY if the bottle bears the KVH certification.,https://www.star-k.org/resource/list/W56J90P5/all_liquor#item-U6S0DWTI,"STAR-K all_liquor listing, item block item-U6S0DWTI (imported row index 2396)",2026-08-11,verified_against_current_official_source
STARK-item-WFQ4SYMA,STAR-K,Liqueur,broVo,Amaro #4 (when bearing KVH),Approved,KVH,True,true,no_evidence,True,False,True,False,,STAR-K approves this ONLY if the bottle bears the KVH certification.,https://www.star-k.org/resource/list/W56J90P5/all_liquor#item-WFQ4SYMA,"STAR-K all_liquor listing, item block item-WFQ4SYMA (imported row index 2397)",2026-08-11,verified_against_current_official_source
STARK-item-XPOW81G3,STAR-K,Liqueur,broVo,Amaro #14 (when bearing KVH),Approved,KVH,True,true,no_evidence,True,False,True,False,,STAR-K approves this ONLY if the bottle bears the KVH certification.,https://www.star-k.org/resource/list/W56J90P5/all_liquor#item-XPOW81G3,"STAR-K all_liquor listing, item block item-XPOW81G3 (imported row index 2398)",2026-08-11,verified_against_current_official_source
STARK-item-YZMQM2AU,STAR-K,Liqueur,broVo,Boomerang Liqueur (when bearing KVH),Approved,KVH,True,true,no_evidence,True,False,True,False,,STAR-K approves this ONLY if the bottle bears the KVH certification.,https://www.star-k.org/resource/list/W56J90P5/all_liquor#item-YZMQM2AU,"STAR-K all_liquor listing, item block item-YZMQM2AU (imported row index 2399)",2026-08-11,verified_against_current_official_source
STARK-item-RGK8VGPY,STAR-K,Liqueur,broVo,Lucky Falernum (when bearing KVH),Approved,KVH,True,true,no_evidence,True,False,True,False,,STAR-K approves this ONLY if the bottle bears the KVH certification.,https://www.star-k.org/resource/list/W56J90P5/all_liquor#item-RGK8VGPY,"STAR-K all_liquor listing, item block item-RGK8VGPY (imported row index 2400)",2026-08-11,verified_against_current_official_source
STARK-item-SQI1AIJQ,STAR-K,Liqueur,broVo,Uncharted Rhapsody (when bearing KVH),Approved,KVH,True,true,no_evidence,True,False,True,False,,STAR-K approves this ONLY if the bottle bears the KVH certification.,https://www.star-k.org/resource/list/W56J90P5/all_liquor#item-SQI1AIJQ,"STAR-K all_liquor listing, item block item-SQI1AIJQ (imported row index 2401)",2026-08-11,verified_against_current_official_source
CRC-row1190,cRc,Liqueur,Luxardo,Amaretto di Saschira,Certified,KLBD,True,true,no_evidence,True,False,True,False,Certified when bearing the KLBD logo,cRc certifies this ONLY when the bottle bears the KLBD logo.,https://consumer.crckosher.org/liquor/full-liquor-list/,"cRc full liquor list, table row 1190 (category column = Liqueur)",2026-08-11,verified_against_current_official_source
CRC-row1191,cRc,Liqueur,Luxardo,Aperitivo,Certified,KLBD,True,true,no_evidence,True,False,True,False,Certified when bearing the KLBD logo,cRc certifies this ONLY when the bottle bears the KLBD logo.,https://consumer.crckosher.org/liquor/full-liquor-list/,"cRc full liquor list, table row 1191 (category column = Liqueur)",2026-08-11,verified_against_current_official_source
CRC-row1192,cRc,Liqueur,Luxardo,Limoncello,Certified,KLBD,True,true,no_evidence,True,False,True,False,Certified when bearing the KLBD logo,cRc certifies this ONLY when the bottle bears the KLBD logo.,https://consumer.crckosher.org/liquor/full-liquor-list/,"cRc full liquor list, table row 1192 (category column = Liqueur)",2026-08-11,verified_against_current_official_source
CRC-row1193,cRc,Liqueur,Luxardo,Maraschino,Certified,KLBD,True,true,no_evidence,True,False,True,False,Certified when bearing the KLBD logo,cRc certifies this ONLY when the bottle bears the KLBD logo.,https://consumer.crckosher.org/liquor/full-liquor-list/,"cRc full liquor list, table row 1193 (category column = Liqueur)",2026-08-11,verified_against_current_official_source
CRC-row1194,cRc,Liqueur,Luxardo,Sambuca Chili & Spices,Certified,KLBD,True,true,no_evidence,True,False,True,False,Certified when bearing the KLBD logo,cRc certifies this ONLY when the bottle bears the KLBD logo.,https://consumer.crckosher.org/liquor/full-liquor-list/,"cRc full liquor list, table row 1194 (category column = Liqueur)",2026-08-11,verified_against_current_official_source
CRC-row1195,cRc,Liqueur,Luxardo,Bitter,Certified,KLBD,True,true,no_evidence,True,False,True,False,Certified when bearing the KLBD logo,cRc certifies this ONLY when the bottle bears the KLBD logo.,https://consumer.crckosher.org/liquor/full-liquor-list/,"cRc full liquor list, table row 1195 (category column = Liqueur)",2026-08-11,verified_against_current_official_source
CRC-row1196,cRc,Liqueur,Luxardo,Sambuca dei Cesari,Certified,KLBD,True,true,no_evidence,True,False,True,False,Certified when bearing the KLBD logo,cRc certifies this ONLY when the bottle bears the KLBD logo.,https://consumer.crckosher.org/liquor/full-liquor-list/,"cRc full liquor list, table row 1196 (category column = Liqueur)",2026-08-11,verified_against_current_official_source
CRC-row1197,cRc,Liqueur,Luxardo,Sambuca Passione Nera,Certified,KLBD,True,true,no_evidence,True,False,True,False,Certified when bearing the KLBD logo,cRc certifies this ONLY when the bottle bears the KLBD logo.,https://consumer.crckosher.org/liquor/full-liquor-list/,"cRc full liquor list, table row 1197 (category column = Liqueur)",2026-08-11,verified_against_current_official_source
CRC-row1198,cRc,Liqueur,Luxardo,Sambuca Raspberry,Certified,KLBD,True,true,no_evidence,True,False,True,False,Certified when bearing the KLBD logo,cRc certifies this ONLY when the bottle bears the KLBD logo.,https://consumer.crckosher.org/liquor/full-liquor-list/,"cRc full liquor list, table row 1198 (category column = Liqueur)",2026-08-11,verified_against_current_official_source
CRC-row1199,cRc,Liqueur,Luxardo,Sambuca Spiced Apple,Certified,KLBD,True,true,no_evidence,True,False,True,False,Certified when bearing the KLBD logo,cRc certifies this ONLY when the bottle bears the KLBD logo.,https://consumer.crckosher.org/liquor/full-liquor-list/,"cRc full liquor list, table row 1199 (category column = Liqueur)",2026-08-11,verified_against_current_official_source
CRC-row1200,cRc,Liqueur,DeKuyper,Cranberry,Certified,OU,True,true,no_evidence,True,False,True,False,Certified when bearing the OU logo,cRc certifies this ONLY when the bottle bears the OU logo.,https://consumer.crckosher.org/liquor/full-liquor-list/,"cRc full liquor list, table row 1200 (category column = Liqueur)",2026-08-11,verified_against_current_official_source
CRC-row1201,cRc,Liqueur,Morad Wines,Wild Berries Wine,Certified,OK-P,True,true,no_evidence,True,False,True,False,Certified when bearing the OK-P logo | Kosher for Passover,cRc certifies this ONLY when the bottle bears the OK-P logo.,https://consumer.crckosher.org/liquor/full-liquor-list/,"cRc full liquor list, table row 1201 (category column = Liqueur)",2026-08-11,verified_against_current_official_source
CRC-row1202,cRc,Liqueur,Cenote,Green Orange,Certified,OU,True,true,no_evidence,True,False,True,False,Certified when bearing the OU logo,cRc certifies this ONLY when the bottle bears the OU logo.,https://consumer.crckosher.org/liquor/full-liquor-list/,"cRc full liquor list, table row 1202 (category column = Liqueur)",2026-08-11,verified_against_current_official_source
CRC-row1203,cRc,Liqueur,Sauza Agave Cocktails,Black Cherry Smash,Certified,Star-K,True,true,no_evidence,True,False,True,False,Certified when bearing the Star-K logo,cRc certifies this ONLY when the bottle bears the Star-K logo.,https://consumer.crckosher.org/liquor/full-liquor-list/,"cRc full liquor list, table row 1203 (category column = Liqueur)",2026-08-11,verified_against_current_official_source
CRC-row1205,cRc,Liqueur,Sauza Agave Cocktails,Lime Crush,Certified,Star-K,True,true,no_evidence,True,False,True,False,Certified when bearing the Star-K logo,cRc certifies this ONLY when the bottle bears the Star-K logo.,https://consumer.crckosher.org/liquor/full-liquor-list/,"cRc full liquor list, table row 1205 (category column = Liqueur)",2026-08-11,verified_against_current_official_source
CRC-row1206,cRc,Liqueur,Sauza Agave Cocktails,Strawberry Breeze,Certified,Star-K,True,true,no_evidence,True,False,True,False,Certified when bearing the Star-K logo,cRc certifies this ONLY when the bottle bears the Star-K logo.,https://consumer.crckosher.org/liquor/full-liquor-list/,"cRc full liquor list, table row 1206 (category column = Liqueur)",2026-08-11,verified_against_current_official_source
CRC-row1207,cRc,Liqueur,Sauza Agave Cocktails,Tropical Twist,Certified,Star-K,True,true,no_evidence,True,False,True,False,Certified when bearing the Star-K logo,cRc certifies this ONLY when the bottle bears the Star-K logo.,https://consumer.crckosher.org/liquor/full-liquor-list/,"cRc full liquor list, table row 1207 (category column = Liqueur)",2026-08-11,verified_against_current_official_source
CRC-row1208,cRc,Liqueur,Slingers,Bahama Mama,Certified,Star-K,True,true,no_evidence,True,False,True,False,Certified when bearing the Star-K logo,cRc certifies this ONLY when the bottle bears the Star-K logo.,https://consumer.crckosher.org/liquor/full-liquor-list/,"cRc full liquor list, table row 1208 (category column = Liqueur)",2026-08-11,verified_against_current_official_source
CRC-row1209,cRc,Liqueur,Slingers,Peach Screwdriver,Certified,Star-K,True,true,no_evidence,True,False,True,False,Certified when bearing the Star-K logo,cRc certifies this ONLY when the bottle bears the Star-K logo.,https://consumer.crckosher.org/liquor/full-liquor-list/,"cRc full liquor list, table row 1209 (category column = Liqueur)",2026-08-11,verified_against_current_official_source
CRC-row1210,cRc,Liqueur,Senior & Co.,Blue Curacao of Curacao,Certified,Star-K,True,true,no_evidence,True,False,True,False,Certified when bearing the Star-K logo,cRc certifies this ONLY when the bottle bears the Star-K logo.,https://consumer.crckosher.org/liquor/full-liquor-list/,"cRc full liquor list, table row 1210 (category column = Liqueur)",2026-08-11,verified_against_current_official_source
CRC-row1211,cRc,Liqueur,Senior & Co.,Chocolate Curacao of Curacao,Certified,Star-K,True,true,no_evidence,True,False,True,False,Certified when bearing the Star-K logo,cRc certifies this ONLY when the bottle bears the Star-K logo.,https://consumer.crckosher.org/liquor/full-liquor-list/,"cRc full liquor list, table row 1211 (category column = Liqueur)",2026-08-11,verified_against_current_official_source
CRC-row1212,cRc,Liqueur,Senior & Co.,Clear Curacao of Curacao,Certified,Star-K,True,true,no_evidence,True,False,True,False,Certified when bearing the Star-K logo,cRc certifies this ONLY when the bottle bears the Star-K logo.,https://consumer.crckosher.org/liquor/full-liquor-list/,"cRc full liquor list, table row 1212 (category column = Liqueur)",2026-08-11,verified_against_current_official_source
CRC-row1213,cRc,Liqueur,Senior & Co.,Coffee Curacao of Curacao,Certified,Star-K,True,true,no_evidence,True,False,True,False,Certified when bearing the Star-K logo,cRc certifies this ONLY when the bottle bears the Star-K logo.,https://consumer.crckosher.org/liquor/full-liquor-list/,"cRc full liquor list, table row 1213 (category column = Liqueur)",2026-08-11,verified_against_current_official_source
CRC-row1214,cRc,Liqueur,Senior & Co.,Green Curacao of Curacao,Certified,Star-K,True,true,no_evidence,True,False,True,False,Certified when bearing the Star-K logo,cRc certifies this ONLY when the bottle bears the Star-K logo.,https://consumer.crckosher.org/liquor/full-liquor-list/,"cRc full liquor list, table row 1214 (category column = Liqueur)",2026-08-11,verified_against_current_official_source
CRC-row1215,cRc,Liqueur,Slingers,Pineapple Punch,Certified,Star-K,True,true,no_evidence,True,False,True,False,Certified when bearing the Star-K logo,cRc certifies this ONLY when the bottle bears the Star-K logo.,https://consumer.crckosher.org/liquor/full-liquor-list/,"cRc full liquor list, table row 1215 (category column = Liqueur)",2026-08-11,verified_against_current_official_source
CRC-row1216,cRc,Liqueur,Senior & Co.,Orange Curacao of Curacao,Certified,Star-K,True,true,no_evidence,True,False,True,False,Certified when bearing the Star-K logo,cRc certifies this ONLY when the bottle bears the Star-K logo.,https://consumer.crckosher.org/liquor/full-liquor-list/,"cRc full liquor list, table row 1216 (category column = Liqueur)",2026-08-11,verified_against_current_official_source
CRC-row1217,cRc,Liqueur,Senior & Co.,Red Curacao of Curacao,Certified,Star-K,True,true,no_evidence,True,False,True,False,Certified when bearing the Star-K logo,cRc certifies this ONLY when the bottle bears the Star-K logo.,https://consumer.crckosher.org/liquor/full-liquor-list/,"cRc full liquor list, table row 1217 (category column = Liqueur)",2026-08-11,verified_against_current_official_source
CRC-row1218,cRc,Liqueur,Senior & Co.,Rum Raisin Curacao of Curacao,Certified,Star-K,True,true,no_evidence,True,False,True,False,Certified when bearing the Star-K logo,cRc certifies this ONLY when the bottle bears the Star-K logo.,https://consumer.crckosher.org/liquor/full-liquor-list/,"cRc full liquor list, table row 1218 (category column = Liqueur)",2026-08-11,verified_against_current_official_source
CRC-row1219,cRc,Liqueur,Sun Cruiser,Classic,Certified,Star-K,True,true,no_evidence,True,False,True,False,Certified when bearing the Star-K logo,cRc certifies this ONLY when the bottle bears the Star-K logo.,https://consumer.crckosher.org/liquor/full-liquor-list/,"cRc full liquor list, table row 1219 (category column = Liqueur)",2026-08-11,verified_against_current_official_source
CRC-row1220,cRc,Liqueur,Sun Cruiser,Peach,Certified,Star-K,True,true,no_evidence,True,False,True,False,Certified when bearing the Star-K logo,cRc certifies this ONLY when the bottle bears the Star-K logo.,https://consumer.crckosher.org/liquor/full-liquor-list/,"cRc full liquor list, table row 1220 (category column = Liqueur)",2026-08-11,verified_against_current_official_source
CRC-row1221,cRc,Liqueur,Sun Cruiser,Raspberry,Certified,Star-K,True,true,no_evidence,True,False,True,False,Certified when bearing the Star-K logo,cRc certifies this ONLY when the bottle bears the Star-K logo.,https://consumer.crckosher.org/liquor/full-liquor-list/,"cRc full liquor list, table row 1221 (category column = Liqueur)",2026-08-11,verified_against_current_official_source
CRC-row1222,cRc,Liqueur,Sun Cruiser,Tea+Lemonade,Certified,Star-K,True,true,no_evidence,True,False,True,False,Certified when bearing the Star-K logo,cRc certifies this ONLY when the bottle bears the Star-K logo.,https://consumer.crckosher.org/liquor/full-liquor-list/,"cRc full liquor list, table row 1222 (category column = Liqueur)",2026-08-11,verified_against_current_official_source
CRC-row1223,cRc,Liqueur,Dead Drop,Louchifer Absinthe Blanche,Certified,OU,True,true,no_evidence,True,False,True,False,Certified when bearing the OU logo,cRc certifies this ONLY when the bottle bears the OU logo.,https://consumer.crckosher.org/liquor/full-liquor-list/,"cRc full liquor list, table row 1223 (category column = Liqueur)",2026-08-11,verified_against_current_official_source
CRC-row1224,cRc,Liqueur,DeKuyper,Alabama Slammer,Certified,OU,True,true,no_evidence,True,False,True,False,Certified when bearing the OU logo,cRc certifies this ONLY when the bottle bears the OU logo.,https://consumer.crckosher.org/liquor/full-liquor-list/,"cRc full liquor list, table row 1224 (category column = Liqueur)",2026-08-11,verified_against_current_official_source
CRC-row1225,cRc,Liqueur,DeKuyper,Blood Orange,Certified,OU,True,true,no_evidence,True,False,True,False,Certified when bearing the OU logo,cRc certifies this ONLY when the bottle bears the OU logo.,https://consumer.crckosher.org/liquor/full-liquor-list/,"cRc full liquor list, table row 1225 (category column = Liqueur)",2026-08-11,verified_against_current_official_source
CRC-row1226,cRc,Liqueur,DeKuyper,Blueberry,Certified,OU,True,true,no_evidence,True,False,True,False,Certified when bearing the OU logo,cRc certifies this ONLY when the bottle bears the OU logo.,https://consumer.crckosher.org/liquor/full-liquor-list/,"cRc full liquor list, table row 1226 (category column = Liqueur)",2026-08-11,verified_against_current_official_source
CRC-row1227,cRc,Liqueur,DeKuyper,Buttershots,Certified,OU,True,true,no_evidence,True,False,True,False,Certified when bearing the OU logo,cRc certifies this ONLY when the bottle bears the OU logo.,https://consumer.crckosher.org/liquor/full-liquor-list/,"cRc full liquor list, table row 1227 (category column = Liqueur)",2026-08-11,verified_against_current_official_source
CRC-row1228,cRc,Liqueur,DeKuyper,Cactus Juice,Certified,OU,True,true,no_evidence,True,False,True,False,Certified when bearing the OU logo,cRc certifies this ONLY when the bottle bears the OU logo.,https://consumer.crckosher.org/liquor/full-liquor-list/,"cRc full liquor list, table row 1228 (category column = Liqueur)",2026-08-11,verified_against_current_official_source
CRC-row1229,cRc,Liqueur,DeKuyper,Cherry Pucker,Certified,OU,True,true,no_evidence,True,False,True,False,Certified when bearing the OU logo,cRc certifies this ONLY when the bottle bears the OU logo.,https://consumer.crckosher.org/liquor/full-liquor-list/,"cRc full liquor list, table row 1229 (category column = Liqueur)",2026-08-11,verified_against_current_official_source
CRC-row1230,cRc,Liqueur,DeKuyper,Coffee Liqueur,Certified,OU,True,true,no_evidence,True,False,True,False,Certified when bearing the OU logo,cRc certifies this ONLY when the bottle bears the OU logo.,https://consumer.crckosher.org/liquor/full-liquor-list/,"cRc full liquor list, table row 1230 (category column = Liqueur)",2026-08-11,verified_against_current_official_source
CRC-row1231,cRc,Liqueur,DeKuyper,Crème de Almond,Certified,OU,True,true,no_evidence,True,False,True,False,Certified when bearing the OU logo,cRc certifies this ONLY when the bottle bears the OU logo.,https://consumer.crckosher.org/liquor/full-liquor-list/,"cRc full liquor list, table row 1231 (category column = Liqueur)",2026-08-11,verified_against_current_official_source
CRC-row1232,cRc,Liqueur,DeKuyper,Grape Pucker,Certified,OU,True,true,no_evidence,True,False,True,False,Certified when bearing the OU logo,cRc certifies this ONLY when the bottle bears the OU logo.,https://consumer.crckosher.org/liquor/full-liquor-list/,"cRc full liquor list, table row 1232 (category column = Liqueur)",2026-08-11,verified_against_current_official_source
CRC-row1233,cRc,Liqueur,DeKuyper,Hazelnut Schnapps,Certified,OU,True,true,no_evidence,True,False,True,False,Certified when bearing the OU logo,cRc certifies this ONLY when the bottle bears the OU logo.,https://consumer.crckosher.org/liquor/full-liquor-list/,"cRc full liquor list, table row 1233 (category column = Liqueur)",2026-08-11,verified_against_current_official_source
CRC-row1234,cRc,Liqueur,Black Dirt Distillery,Applejack,Certified,Star-K,True,true,no_evidence,True,False,True,False,Certified when bearing the Star-K logo,cRc certifies this ONLY when the bottle bears the Star-K logo.,https://consumer.crckosher.org/liquor/full-liquor-list/,"cRc full liquor list, table row 1234 (category column = Liqueur)",2026-08-11,verified_against_current_official_source
CRC-row1235,cRc,Liqueur,DeKuyper,Island Punch Pucker,Certified,OU,True,true,no_evidence,True,False,True,False,Certified when bearing the OU logo,cRc certifies this ONLY when the bottle bears the OU logo.,https://consumer.crckosher.org/liquor/full-liquor-list/,"cRc full liquor list, table row 1235 (category column = Liqueur)",2026-08-11,verified_against_current_official_source
CRC-row1236,cRc,Liqueur,DeKuyper,Michigan Cherry,Certified,OU,True,true,no_evidence,True,False,True,False,Certified when bearing the OU logo,cRc certifies this ONLY when the bottle bears the OU logo.,https://consumer.crckosher.org/liquor/full-liquor-list/,"cRc full liquor list, table row 1236 (category column = Liqueur)",2026-08-11,verified_against_current_official_source
CRC-row1237,cRc,Liqueur,DeKuyper,Mixed Berry Medley,Certified,OU,True,true,no_evidence,True,False,True,False,Certified when bearing the OU logo,cRc certifies this ONLY when the bottle bears the OU logo.,https://consumer.crckosher.org/liquor/full-liquor-list/,"cRc full liquor list, table row 1237 (category column = Liqueur)",2026-08-11,verified_against_current_official_source
CRC-row1238,cRc,Liqueur,DeKuyper,Peach Pucker,Certified,OU,True,true,no_evidence,True,False,True,False,Certified when bearing the OU logo,cRc certifies this ONLY when the bottle bears the OU logo.,https://consumer.crckosher.org/liquor/full-liquor-list/,"cRc full liquor list, table row 1238 (category column = Liqueur)",2026-08-11,verified_against_current_official_source
CRC-row1239,cRc,Liqueur,DeKuyper,Pomegranate,Certified,OU,True,true,no_evidence,True,False,True,False,Certified when bearing the OU logo,cRc certifies this ONLY when the bottle bears the OU logo.,https://consumer.crckosher.org/liquor/full-liquor-list/,"cRc full liquor list, table row 1239 (category column = Liqueur)",2026-08-11,verified_against_current_official_source
CRC-row1240,cRc,Liqueur,DeKuyper,Razzmatazz,Certified,OU,True,true,no_evidence,True,False,True,False,Certified when bearing the OU logo,cRc certifies this ONLY when the bottle bears the OU logo.,https://consumer.crckosher.org/liquor/full-liquor-list/,"cRc full liquor list, table row 1240 (category column = Liqueur)",2026-08-11,verified_against_current_official_source
CRC-row1241,cRc,Liqueur,DeKuyper,Red Apple,Certified,OU,True,true,no_evidence,True,False,True,False,Certified when bearing the OU logo,cRc certifies this ONLY when the bottle bears the OU logo.,https://consumer.crckosher.org/liquor/full-liquor-list/,"cRc full liquor list, table row 1241 (category column = Liqueur)",2026-08-11,verified_against_current_official_source
CRC-row1242,cRc,Liqueur,DeKuyper,Sour Apple Pucker,Certified,OU,True,true,no_evidence,True,False,True,False,Certified when bearing the OU logo,cRc certifies this ONLY when the bottle bears the OU logo.,https://consumer.crckosher.org/liquor/full-liquor-list/,"cRc full liquor list, table row 1242 (category column = Liqueur)",2026-08-11,verified_against_current_official_source
CRC-row1243,cRc,Liqueur,DeKuyper,Spearmint,Certified,OU,True,true,no_evidence,True,False,True,False,Certified when bearing the OU logo,cRc certifies this ONLY when the bottle bears the OU logo.,https://consumer.crckosher.org/liquor/full-liquor-list/,"cRc full liquor list, table row 1243 (category column = Liqueur)",2026-08-11,verified_against_current_official_source
CRC-row1244,cRc,Liqueur,DeKuyper,Strawberry Passion,Certified,OU,True,true,no_evidence,True,False,True,False,Certified when bearing the OU logo,cRc certifies this ONLY when the bottle bears the OU logo.,https://consumer.crckosher.org/liquor/full-liquor-list/,"cRc full liquor list, table row 1244 (category column = Liqueur)",2026-08-11,verified_against_current_official_source
CRC-row1245,cRc,Liqueur,DeKuyper,Strawberry Patch,Certified,OU,True,true,no_evidence,True,False,True,False,Certified when bearing the OU logo,cRc certifies this ONLY when the bottle bears the OU logo.,https://consumer.crckosher.org/liquor/full-liquor-list/,"cRc full liquor list, table row 1245 (category column = Liqueur)",2026-08-11,verified_against_current_official_source
CRC-row1246,cRc,Liqueur,DeKuyper,Tropical Pineapple,Certified,OU,True,true,no_evidence,True,False,True,False,Certified when bearing the OU logo,cRc certifies this ONLY when the bottle bears the OU logo.,https://consumer.crckosher.org/liquor/full-liquor-list/,"cRc full liquor list, table row 1246 (category column = Liqueur)",2026-08-11,verified_against_current_official_source
CRC-row1247,cRc,Liqueur,DeKuyper,Washington Apple,Certified,OU,True,true,no_evidence,True,False,True,False,Certified when bearing the OU logo,cRc certifies this ONLY when the bottle bears the OU logo.,https://consumer.crckosher.org/liquor/full-liquor-list/,"cRc full liquor list, table row 1247 (category column = Liqueur)",2026-08-11,verified_against_current_official_source
CRC-row1248,cRc,Liqueur,DeKuyper,Watermelon Pucker,Certified,OU,True,true,no_evidence,True,False,True,False,Certified when bearing the OU logo,cRc certifies this ONLY when the bottle bears the OU logo.,https://consumer.crckosher.org/liquor/full-liquor-list/,"cRc full liquor list, table row 1248 (category column = Liqueur)",2026-08-11,verified_against_current_official_source
CRC-row1249,cRc,Liqueur,Ouzo,Anise Flavored Liquor,Certified,Star-K,True,true,no_evidence,True,False,True,False,Certified when bearing the Star-K logo,cRc certifies this ONLY when the bottle bears the Star-K logo.,https://consumer.crckosher.org/liquor/full-liquor-list/,"cRc full liquor list, table row 1249 (category column = Liqueur)",2026-08-11,verified_against_current_official_source
CRC-row1255,cRc,Liqueur,Sabra Liqueurs,Sabra Orange Chocolate,Certified,OU-P,True,true,no_evidence,True,False,True,False,Certified when bearing the OU-P logo | Kosher for Passover,cRc certifies this ONLY when the bottle bears the OU-P logo.,https://consumer.crckosher.org/liquor/full-liquor-list/,"cRc full liquor list, table row 1255 (category column = Liqueur)",2026-08-11,verified_against_current_official_source
CRC-row1256,cRc,Liqueur,Peter Heering,Cherry Liqueur,Certified,OU,True,true,no_evidence,True,False,True,False,Certified when bearing the OU logo,cRc certifies this ONLY when the bottle bears the OU logo.,https://consumer.crckosher.org/liquor/full-liquor-list/,"cRc full liquor list, table row 1256 (category column = Liqueur)",2026-08-11,verified_against_current_official_source
CRC-row1257,cRc,Liqueur,Luxardo,Amaro Abano,Certified,KLBD,True,true,no_evidence,True,False,True,False,Certified when bearing the KLBD logo,cRc certifies this ONLY when the bottle bears the KLBD logo.,https://consumer.crckosher.org/liquor/full-liquor-list/,"cRc full liquor list, table row 1257 (category column = Liqueur)",2026-08-11,verified_against_current_official_source
CRC-row1258,cRc,Liqueur,Luxardo,Angioletto,Certified,KLBD,True,true,no_evidence,True,False,True,False,Certified when bearing the KLBD logo,cRc certifies this ONLY when the bottle bears the KLBD logo.,https://consumer.crckosher.org/liquor/full-liquor-list/,"cRc full liquor list, table row 1258 (category column = Liqueur)",2026-08-11,verified_against_current_official_source
CRC-row1259,cRc,Liqueur,Luxardo,Bitter Bianco,Certified,KLBD,True,true,no_evidence,True,False,True,False,Certified when bearing the KLBD logo,cRc certifies this ONLY when the bottle bears the KLBD logo.,https://consumer.crckosher.org/liquor/full-liquor-list/,"cRc full liquor list, table row 1259 (category column = Liqueur)",2026-08-11,verified_against_current_official_source
CRC-row1260,cRc,Liqueur,Luxardo,Bitter Orange,Certified,KLBD,True,true,no_evidence,True,False,True,False,Certified when bearing the KLBD logo,cRc certifies this ONLY when the bottle bears the KLBD logo.,https://consumer.crckosher.org/liquor/full-liquor-list/,"cRc full liquor list, table row 1260 (category column = Liqueur)",2026-08-11,verified_against_current_official_source
CRC-row1261,cRc,Liqueur,Luxardo,Triple Sec,Certified,KLBD,True,true,no_evidence,True,False,True,False,Certified when bearing the KLBD logo,cRc certifies this ONLY when the bottle bears the KLBD logo.,https://consumer.crckosher.org/liquor/full-liquor-list/,"cRc full liquor list, table row 1261 (category column = Liqueur)",2026-08-11,verified_against_current_official_source
CRC-row1262,cRc,Liqueur,Luxardo,Fernet,Certified,KLBD,True,true,no_evidence,True,False,True,False,Certified when bearing the KLBD logo,cRc certifies this ONLY when the bottle bears the KLBD logo.,https://consumer.crckosher.org/liquor/full-liquor-list/,"cRc full liquor list, table row 1262 (category column = Liqueur)",2026-08-11,verified_against_current_official_source
CRC-row1263,cRc,Liqueur,Luxardo,Sambuca Cinnamon,Certified,KLBD,True,true,no_evidence,True,False,True,False,Certified when bearing the KLBD logo,cRc certifies this ONLY when the bottle bears the KLBD logo.,https://consumer.crckosher.org/liquor/full-liquor-list/,"cRc full liquor list, table row 1263 (category column = Liqueur)",2026-08-11,verified_against_current_official_source
CRC-row1264,cRc,Liqueur,Luxardo,Sambuca Coffee,Certified,KLBD,True,true,no_evidence,True,False,True,False,Certified when bearing the KLBD logo,cRc certifies this ONLY when the bottle bears the KLBD logo.,https://consumer.crckosher.org/liquor/full-liquor-list/,"cRc full liquor list, table row 1264 (category column = Liqueur)",2026-08-11,verified_against_current_official_source
CRC-row1265,cRc,Liqueur,Luxardo,Sambuca Cola,Certified,KLBD,True,true,no_evidence,True,False,True,False,Certified when bearing the KLBD logo,cRc certifies this ONLY when the bottle bears the KLBD logo.,https://consumer.crckosher.org/liquor/full-liquor-list/,"cRc full liquor list, table row 1265 (category column = Liqueur)",2026-08-11,verified_against_current_official_source
CRC-row1267,cRc,Liqueur,Luxardo,Sambuca Cranberry,Certified,KLBD,True,true,no_evidence,True,False,True,False,Certified when bearing the KLBD logo,cRc certifies this ONLY when the bottle bears the KLBD logo.,https://consumer.crckosher.org/liquor/full-liquor-list/,"cRc full liquor list, table row 1267 (category column = Liqueur)",2026-08-11,verified_against_current_official_source
CRC-row1268,cRc,Liqueur,Luxardo,Sambuca Pear,Certified,KLBD,True,true,no_evidence,True,False,True,False,Certified when bearing the KLBD logo,cRc certifies this ONLY when the bottle bears the KLBD logo.,https://consumer.crckosher.org/liquor/full-liquor-list/,"cRc full liquor list, table row 1268 (category column = Liqueur)",2026-08-11,verified_against_current_official_source
CRC-row1269,cRc,Liqueur,Luxardo,Sambuca Pomegranate,Certified,KLBD,True,true,no_evidence,True,False,True,False,Certified when bearing the KLBD logo,cRc certifies this ONLY when the bottle bears the KLBD logo.,https://consumer.crckosher.org/liquor/full-liquor-list/,"cRc full liquor list, table row 1269 (category column = Liqueur)",2026-08-11,verified_against_current_official_source
CRC-row1270,cRc,Liqueur,Luxardo,Triplum Triple Sec,Certified,KLBD,True,true,no_evidence,True,False,True,False,Certified when bearing the KLBD logo,cRc certifies this ONLY when the bottle bears the KLBD logo.,https://consumer.crckosher.org/liquor/full-liquor-list/,"cRc full liquor list, table row 1270 (category column = Liqueur)",2026-08-11,verified_against_current_official_source
CRC-row1271,cRc,Liqueur,Dettling,Kirsche Reserve,Certified,OU,True,true,no_evidence,True,False,True,False,Certified when bearing the OU logo,cRc certifies this ONLY when the bottle bears the OU logo.,https://consumer.crckosher.org/liquor/full-liquor-list/,"cRc full liquor list, table row 1271 (category column = Liqueur)",2026-08-11,verified_against_current_official_source
CRC-row1272,cRc,Liqueur,Koval,Assorted Varieties,Certified,OU,True,true,no_evidence,True,False,True,False,Certified when bearing the OU logo,cRc certifies this ONLY when the bottle bears the OU logo.,https://consumer.crckosher.org/liquor/full-liquor-list/,"cRc full liquor list, table row 1272 (category column = Liqueur)",2026-08-11,verified_against_current_official_source
CRC-row1273,cRc,Liqueur,Pallini,Limoncello,Certified,Star-K,True,true,no_evidence,True,False,True,False,Certified when bearing the Star-K logo,cRc certifies this ONLY when the bottle bears the Star-K logo.,https://consumer.crckosher.org/liquor/full-liquor-list/,"cRc full liquor list, table row 1273 (category column = Liqueur)",2026-08-11,verified_against_current_official_source
CRC-row1274,cRc,Liqueur,DeKuyper,Ginger,Certified,OU,True,true,no_evidence,True,False,True,False,Certified when bearing the OU logo,cRc certifies this ONLY when the bottle bears the OU logo.,https://consumer.crckosher.org/liquor/full-liquor-list/,"cRc full liquor list, table row 1274 (category column = Liqueur)",2026-08-11,verified_against_current_official_source
CRC-row1275,cRc,Liqueur,DeKuyper,Peche Liqueur,Certified,OU,True,true,no_evidence,True,False,True,False,Certified when bearing the OU logo,cRc certifies this ONLY when the bottle bears the OU logo.,https://consumer.crckosher.org/liquor/full-liquor-list/,"cRc full liquor list, table row 1275 (category column = Liqueur)",2026-08-11,verified_against_current_official_source
CRC-row1276,cRc,Liqueur,DeKuyper,Triple Sec,Certified,OU,True,true,no_evidence,True,False,True,False,Certified when bearing the OU logo,cRc certifies this ONLY when the bottle bears the OU logo.,https://consumer.crckosher.org/liquor/full-liquor-list/,"cRc full liquor list, table row 1276 (category column = Liqueur)",2026-08-11,verified_against_current_official_source
CRC-row1277,cRc,Liqueur,Luxardo,Sangue Morlacco,Certified,KLBD,True,true,no_evidence,True,False,True,False,Certified when bearing the KLBD logo,cRc certifies this ONLY when the bottle bears the KLBD logo.,https://consumer.crckosher.org/liquor/full-liquor-list/,"cRc full liquor list, table row 1277 (category column = Liqueur)",2026-08-11,verified_against_current_official_source
CRC-row1278,cRc,Liqueur,Luxardo,Sour Apple,Certified,KLBD,True,true,no_evidence,True,False,True,False,Certified when bearing the KLBD logo,cRc certifies this ONLY when the bottle bears the KLBD logo.,https://consumer.crckosher.org/liquor/full-liquor-list/,"cRc full liquor list, table row 1278 (category column = Liqueur)",2026-08-11,verified_against_current_official_source
CRC-row1280,cRc,Liqueur,R.Jelinek,Assorted Varieties,Certified,OU,True,true,no_evidence,True,False,True,False,Certified when bearing the OU logo,cRc certifies this ONLY when the bottle bears the OU logo.,https://consumer.crckosher.org/liquor/full-liquor-list/,"cRc full liquor list, table row 1280 (category column = Liqueur)",2026-08-11,verified_against_current_official_source
CRC-row1281,cRc,Liqueur,Senior& Co.,Tamarind Curacao of Curacao,Certified,Star-K,True,true,no_evidence,True,False,True,False,Certified when bearing the Star-K logo,cRc certifies this ONLY when the bottle bears the Star-K logo.,https://consumer.crckosher.org/liquor/full-liquor-list/,"cRc full liquor list, table row 1281 (category column = Liqueur)",2026-08-11,verified_against_current_official_source
CRC-row1282,cRc,Liqueur,Zachlawi,Spiced Arak,Certified,OU,True,true,no_evidence,True,False,True,False,Certified when bearing the OU logo,cRc certifies this ONLY when the bottle bears the OU logo.,https://consumer.crckosher.org/liquor/full-liquor-list/,"cRc full liquor list, table row 1282 (category column = Liqueur)",2026-08-11,verified_against_current_official_source
CRC-row1283,cRc,Liqueur,DeKuyper,03 Orange Liqueur 80°,Certified,OU,True,true,no_evidence,True,False,True,False,Certified when bearing the OU logo,cRc certifies this ONLY when the bottle bears the OU logo.,https://consumer.crckosher.org/liquor/full-liquor-list/,"cRc full liquor list, table row 1283 (category column = Liqueur)",2026-08-11,verified_against_current_official_source
CRC-row1284,cRc,Liqueur,DeKuyper,Amaretto,Certified,OU,True,true,no_evidence,True,False,True,False,Certified when bearing the OU logo,cRc certifies this ONLY when the bottle bears the OU logo.,https://consumer.crckosher.org/liquor/full-liquor-list/,"cRc full liquor list, table row 1284 (category column = Liqueur)",2026-08-11,verified_against_current_official_source
CRC-row1285,cRc,Liqueur,DeKuyper,Anisette 60°,Certified,OU,True,true,no_evidence,True,False,True,False,Certified when bearing the OU logo,cRc certifies this ONLY when the bottle bears the OU logo.,https://consumer.crckosher.org/liquor/full-liquor-list/,"cRc full liquor list, table row 1285 (category column = Liqueur)",2026-08-11,verified_against_current_official_source
CRC-row1286,cRc,Liqueur,DeKuyper,Blue Curacao 48°,Certified,OU,True,true,no_evidence,True,False,True,False,Certified when bearing the OU logo,cRc certifies this ONLY when the bottle bears the OU logo.,https://consumer.crckosher.org/liquor/full-liquor-list/,"cRc full liquor list, table row 1286 (category column = Liqueur)",2026-08-11,verified_against_current_official_source
CRC-row1287,cRc,Liqueur,DeKuyper,Crème de Banana 48°,Certified,OU,True,true,no_evidence,True,False,True,False,Certified when bearing the OU logo,cRc certifies this ONLY when the bottle bears the OU logo.,https://consumer.crckosher.org/liquor/full-liquor-list/,"cRc full liquor list, table row 1287 (category column = Liqueur)",2026-08-11,verified_against_current_official_source
CRC-row1288,cRc,Liqueur,DeKuyper,"Crème de Cacao, Brown 48°",Certified,OU,True,true,no_evidence,True,False,True,False,Certified when bearing the OU logo,cRc certifies this ONLY when the bottle bears the OU logo.,https://consumer.crckosher.org/liquor/full-liquor-list/,"cRc full liquor list, table row 1288 (category column = Liqueur)",2026-08-11,verified_against_current_official_source
CRC-row1289,cRc,Liqueur,DeKuyper,Crème de Cassis 30°,Certified,OU,True,true,no_evidence,True,False,True,False,Certified when bearing the OU logo,cRc certifies this ONLY when the bottle bears the OU logo.,https://consumer.crckosher.org/liquor/full-liquor-list/,"cRc full liquor list, table row 1289 (category column = Liqueur)",2026-08-11,verified_against_current_official_source
CRC-row1290,cRc,Liqueur,DeKuyper,Crème de Menthe White,Certified,OU,True,true,no_evidence,True,False,True,False,Certified when bearing the OU logo,cRc certifies this ONLY when the bottle bears the OU logo.,https://consumer.crckosher.org/liquor/full-liquor-list/,"cRc full liquor list, table row 1290 (category column = Liqueur)",2026-08-11,verified_against_current_official_source
CRC-row1291,cRc,Liqueur,DeKuyper,Melon,Certified,OU,True,true,no_evidence,True,False,True,False,Certified when bearing the OU logo,cRc certifies this ONLY when the bottle bears the OU logo.,https://consumer.crckosher.org/liquor/full-liquor-list/,"cRc full liquor list, table row 1291 (category column = Liqueur)",2026-08-11,verified_against_current_official_source
CRC-row1292,cRc,Liqueur,DeKuyper,Orange Curacao 60°,Certified,OU,True,true,no_evidence,True,False,True,False,Certified when bearing the OU logo,cRc certifies this ONLY when the bottle bears the OU logo.,https://consumer.crckosher.org/liquor/full-liquor-list/,"cRc full liquor list, table row 1292 (category column = Liqueur)",2026-08-11,verified_against_current_official_source
CRC-row1293,cRc,Liqueur,DeKuyper,Peachtree 30°,Certified,OU,True,true,no_evidence,True,False,True,False,Certified when bearing the OU logo,cRc certifies this ONLY when the bottle bears the OU logo.,https://consumer.crckosher.org/liquor/full-liquor-list/,"cRc full liquor list, table row 1293 (category column = Liqueur)",2026-08-11,verified_against_current_official_source
CRC-row1294,cRc,Liqueur,DeKuyper,Peachtree 43°,Certified,OU,True,true,no_evidence,True,False,True,False,Certified when bearing the OU logo,cRc certifies this ONLY when the bottle bears the OU logo.,https://consumer.crckosher.org/liquor/full-liquor-list/,"cRc full liquor list, table row 1294 (category column = Liqueur)",2026-08-11,verified_against_current_official_source
CRC-row1295,cRc,Liqueur,DeKuyper,Peppermint 100°,Certified,OU,True,true,no_evidence,True,False,True,False,Certified when bearing the OU logo,cRc certifies this ONLY when the bottle bears the OU logo.,https://consumer.crckosher.org/liquor/full-liquor-list/,"cRc full liquor list, table row 1295 (category column = Liqueur)",2026-08-11,verified_against_current_official_source
CRC-row1296,cRc,Liqueur,DeKuyper,Peppermint 60°,Certified,OU,True,true,no_evidence,True,False,True,False,Certified when bearing the OU logo,cRc certifies this ONLY when the bottle bears the OU logo.,https://consumer.crckosher.org/liquor/full-liquor-list/,"cRc full liquor list, table row 1296 (category column = Liqueur)",2026-08-11,verified_against_current_official_source
CRC-row1297,cRc,Liqueur,DeKuyper,Raspberry Pucker 30°,Certified,OU,True,true,no_evidence,True,False,True,False,Certified when bearing the OU logo,cRc certifies this ONLY when the bottle bears the OU logo.,https://consumer.crckosher.org/liquor/full-liquor-list/,"cRc full liquor list, table row 1297 (category column = Liqueur)",2026-08-11,verified_against_current_official_source
CRC-row1298,cRc,Liqueur,DeKuyper,Root Beer 40°,Certified,OU,True,true,no_evidence,True,False,True,False,Certified when bearing the OU logo,cRc certifies this ONLY when the bottle bears the OU logo.,https://consumer.crckosher.org/liquor/full-liquor-list/,"cRc full liquor list, table row 1298 (category column = Liqueur)",2026-08-11,verified_against_current_official_source
CRC-row1299,cRc,Liqueur,Righteous Road,Righteous Seven Liqueur,Certified,OU,True,true,no_evidence,True,False,True,False,Certified when bearing the OU logo | Yoshon,cRc certifies this ONLY when the bottle bears the OU logo.,https://consumer.crckosher.org/liquor/full-liquor-list/,"cRc full liquor list, table row 1299 (category column = Liqueur)",2026-08-11,verified_against_current_official_source
CRC-row1300,cRc,Liqueur,Bicerin,Assorted Varieties,Certified,OU,True,true,no_evidence,True,False,True,False,Certified when bearing the OU logo,cRc certifies this ONLY when the bottle bears the OU logo.,https://consumer.crckosher.org/liquor/full-liquor-list/,"cRc full liquor list, table row 1300 (category column = Liqueur)",2026-08-11,verified_against_current_official_source
CRC-row1301,cRc,Liqueur,Jagermeister,Original,Certified,KF,True,false,no_evidence,False,True,False,False,,cRc lists this as Certified under KF. Per cRc's legend a symbol is not required on the bottle; this does NOT prove the bottle is printed with one.,https://consumer.crckosher.org/liquor/full-liquor-list/,"cRc full liquor list, table row 1301 (category column = Liqueur)",2026-08-11,verified_against_current_official_source
CRC-row1302,cRc,Liqueur,American Fruits,Apple Liqueur,Certified,Star-K,True,true,no_evidence,True,False,True,False,Certified when bearing the Star-K logo,cRc certifies this ONLY when the bottle bears the Star-K logo.,https://consumer.crckosher.org/liquor/full-liquor-list/,"cRc full liquor list, table row 1302 (category column = Liqueur)",2026-08-11,verified_against_current_official_source
CRC-row1303,cRc,Liqueur,American Fruits,Black Currant Cordial,Certified,Star-K,True,true,no_evidence,True,False,True,False,Certified when bearing the Star-K logo,cRc certifies this ONLY when the bottle bears the Star-K logo.,https://consumer.crckosher.org/liquor/full-liquor-list/,"cRc full liquor list, table row 1303 (category column = Liqueur)",2026-08-11,verified_against_current_official_source
CRC-row1304,cRc,Liqueur,American Fruits,Pear Liqueur,Certified,Star-K,True,true,no_evidence,True,False,True,False,Certified when bearing the Star-K logo,cRc certifies this ONLY when the bottle bears the Star-K logo.,https://consumer.crckosher.org/liquor/full-liquor-list/,"cRc full liquor list, table row 1304 (category column = Liqueur)",2026-08-11,verified_against_current_official_source
CRC-row1305,cRc,Liqueur,American Fruits,Sour Cherry Cordial,Certified,Star-K,True,true,no_evidence,True,False,True,False,Certified when bearing the Star-K logo,cRc certifies this ONLY when the bottle bears the Star-K logo.,https://consumer.crckosher.org/liquor/full-liquor-list/,"cRc full liquor list, table row 1305 (category column = Liqueur)",2026-08-11,verified_against_current_official_source
CRC-row1306,cRc,Liqueur,American Fruits,Strawberry Liqueur,Certified,Star-K,True,true,no_evidence,True,False,True,False,Certified when bearing the Star-K logo,cRc certifies this ONLY when the bottle bears the Star-K logo.,https://consumer.crckosher.org/liquor/full-liquor-list/,"cRc full liquor list, table row 1306 (category column = Liqueur)",2026-08-11,verified_against_current_official_source
CRC-row1307,cRc,Liqueur,Jagermeister,Charakter Scharf,Certified,KF,True,false,no_evidence,False,True,False,False,,cRc lists this as Certified under KF. Per cRc's legend a symbol is not required on the bottle; this does NOT prove the bottle is printed with one.,https://consumer.crckosher.org/liquor/full-liquor-list/,"cRc full liquor list, table row 1307 (category column = Liqueur)",2026-08-11,verified_against_current_official_source
CRC-row1308,cRc,Liqueur,Jagermeister,Cold Brew Coffee,Certified,KF,True,false,no_evidence,False,True,False,False,,cRc lists this as Certified under KF. Per cRc's legend a symbol is not required on the bottle; this does NOT prove the bottle is printed with one.,https://consumer.crckosher.org/liquor/full-liquor-list/,"cRc full liquor list, table row 1308 (category column = Liqueur)",2026-08-11,verified_against_current_official_source
CRC-row1309,cRc,Liqueur,Jagermeister,Manifest,Certified,KF,True,false,no_evidence,False,True,False,False,,cRc lists this as Certified under KF. Per cRc's legend a symbol is not required on the bottle; this does NOT prove the bottle is printed with one.,https://consumer.crckosher.org/liquor/full-liquor-list/,"cRc full liquor list, table row 1309 (category column = Liqueur)",2026-08-11,verified_against_current_official_source
CRC-row1310,cRc,Liqueur,Dead Drop,Old Fashioned,Certified,OU,True,true,no_evidence,True,False,True,False,Certified when bearing the OU logo,cRc certifies this ONLY when the bottle bears the OU logo.,https://consumer.crckosher.org/liquor/full-liquor-list/,"cRc full liquor list, table row 1310 (category column = Liqueur)",2026-08-11,verified_against_current_official_source
CRC-row1311,cRc,Liqueur,Apologue,Aronia Liqueur,Certified,OU,True,true,no_evidence,True,False,True,False,Certified when bearing the OU logo,cRc certifies this ONLY when the bottle bears the OU logo.,https://consumer.crckosher.org/liquor/full-liquor-list/,"cRc full liquor list, table row 1311 (category column = Liqueur)",2026-08-11,verified_against_current_official_source
CRC-row1312,cRc,Liqueur,Apologue,Celery Root Liqueur,Certified,OU,True,true,no_evidence,True,False,True,False,Certified when bearing the OU logo,cRc certifies this ONLY when the bottle bears the OU logo.,https://consumer.crckosher.org/liquor/full-liquor-list/,"cRc full liquor list, table row 1312 (category column = Liqueur)",2026-08-11,verified_against_current_official_source
CRC-row1313,cRc,Liqueur,Apologue,Paw Paw Liqueur,Certified,OU,True,true,no_evidence,True,False,True,False,Certified when bearing the OU logo,cRc certifies this ONLY when the bottle bears the OU logo.,https://consumer.crckosher.org/liquor/full-liquor-list/,"cRc full liquor list, table row 1313 (category column = Liqueur)",2026-08-11,verified_against_current_official_source
CRC-row1314,cRc,Liqueur,Apologue,Persimmon Liqueur,Certified,OU,True,true,no_evidence,True,False,True,False,Certified when bearing the OU logo,cRc certifies this ONLY when the bottle bears the OU logo.,https://consumer.crckosher.org/liquor/full-liquor-list/,"cRc full liquor list, table row 1314 (category column = Liqueur)",2026-08-11,verified_against_current_official_source
CRC-row1315,cRc,Liqueur,Righteous Road,Righteous Seven Liqueur Barrel Reserve,Certified,OU,True,true,no_evidence,True,False,True,False,Certified when bearing the OU logo | Yoshon,cRc certifies this ONLY when the bottle bears the OU logo.,https://consumer.crckosher.org/liquor/full-liquor-list/,"cRc full liquor list, table row 1315 (category column = Liqueur)",2026-08-11,verified_against_current_official_source
CRC-row1316,cRc,Liqueur,Righteous Road,The Fifth Cup,Certified,OU-P,True,true,no_evidence,True,False,True,False,Certified when bearing the OU-P logo | Kosher for Passover,cRc certifies this ONLY when the bottle bears the OU-P logo.,https://consumer.crckosher.org/liquor/full-liquor-list/,"cRc full liquor list, table row 1316 (category column = Liqueur)",2026-08-11,verified_against_current_official_source
CRC-row1317,cRc,Liqueur,Vinprom-Troyan,Apple Brandy,Certified,Star-K-P,True,true,no_evidence,True,False,True,False,Certified when bearing the Star-K-P logo | Kosher for Passover,cRc certifies this ONLY when the bottle bears the Star-K-P logo.,https://consumer.crckosher.org/liquor/full-liquor-list/,"cRc full liquor list, table row 1317 (category column = Liqueur)",2026-08-11,verified_against_current_official_source
CRC-row1318,cRc,Liqueur,Vinprom-Troyan,Apricot Brandy,Certified,Star-K-P,True,true,no_evidence,True,False,True,False,Certified when bearing the Star-K-P logo | Kosher for Passover,cRc certifies this ONLY when the bottle bears the Star-K-P logo.,https://consumer.crckosher.org/liquor/full-liquor-list/,"cRc full liquor list, table row 1318 (category column = Liqueur)",2026-08-11,verified_against_current_official_source
CRC-row1319,cRc,Liqueur,Vinprom-Troyan,Plum Brandy (Slivovitz),Certified,Star-K-P,True,true,no_evidence,True,False,True,False,Certified when bearing the Star-K-P logo | Kosher for Passover,cRc certifies this ONLY when the bottle bears the Star-K-P logo.,https://consumer.crckosher.org/liquor/full-liquor-list/,"cRc full liquor list, table row 1319 (category column = Liqueur)",2026-08-11,verified_against_current_official_source
CRC-row1320,cRc,Liqueur,Righteous Road,Whiskey Liqueur,Certified,OU,True,true,no_evidence,True,False,True,False,Certified when bearing the OU logo | Yoshon,cRc certifies this ONLY when the bottle bears the OU logo.,https://consumer.crckosher.org/liquor/full-liquor-list/,"cRc full liquor list, table row 1320 (category column = Liqueur)",2026-08-11,verified_against_current_official_source
CRC-row1321,cRc,Liqueur,Kordials,Peach,Certified,OU,True,true,no_evidence,True,False,True,False,Certified when bearing the OU logo,cRc certifies this ONLY when the bottle bears the OU logo.,https://consumer.crckosher.org/liquor/full-liquor-list/,"cRc full liquor list, table row 1321 (category column = Liqueur)",2026-08-11,verified_against_current_official_source
CRC-row1322,cRc,Liqueur,Kordials,Triple Sec,Certified,OU,True,true,no_evidence,True,False,True,False,Certified when bearing the OU logo,cRc certifies this ONLY when the bottle bears the OU logo.,https://consumer.crckosher.org/liquor/full-liquor-list/,"cRc full liquor list, table row 1322 (category column = Liqueur)",2026-08-11,verified_against_current_official_source
CRC-row1323,cRc,Liqueur,Kordials,Sweet Liquor,Certified,OU,True,true,no_evidence,True,False,True,False,Certified when bearing the OU logo,cRc certifies this ONLY when the bottle bears the OU logo.,https://consumer.crckosher.org/liquor/full-liquor-list/,"cRc full liquor list, table row 1323 (category column = Liqueur)",2026-08-11,verified_against_current_official_source
CRC-row1324,cRc,Liqueur,Kordials,Sour Apple,Certified,OU,True,true,no_evidence,True,False,True,False,Certified when bearing the OU logo,cRc certifies this ONLY when the bottle bears the OU logo.,https://consumer.crckosher.org/liquor/full-liquor-list/,"cRc full liquor list, table row 1324 (category column = Liqueur)",2026-08-11,verified_against_current_official_source
CRC-row1325,cRc,Liqueur,Righteous Road,The Fifth Cup Barrel Reserve,Certified,OU-P,True,true,no_evidence,True,False,True,False,Certified when bearing the OU-P logo | Kosher for Passover,cRc certifies this ONLY when the bottle bears the OU-P logo.,https://consumer.crckosher.org/liquor/full-liquor-list/,"cRc full liquor list, table row 1325 (category column = Liqueur)",2026-08-11,verified_against_current_official_source
CRC-row1326,cRc,Liqueur,Jagermeister,#savethenight,Certified,KF,True,false,no_evidence,False,True,False,False,,cRc lists this as Certified under KF. Per cRc's legend a symbol is not required on the bottle; this does NOT prove the bottle is printed with one.,https://consumer.crckosher.org/liquor/full-liquor-list/,"cRc full liquor list, table row 1326 (category column = Liqueur)",2026-08-11,verified_against_current_official_source
CRC-row1327,cRc,Liqueur,Boukha Bokobsa,Fig Alcohol- Silver,Certified,OU-P,True,true,no_evidence,True,False,True,False,Certified when bearing the OU-P logo | Kosher for Passover,cRc certifies this ONLY when the bottle bears the OU-P logo.,https://consumer.crckosher.org/liquor/full-liquor-list/,"cRc full liquor list, table row 1327 (category column = Liqueur)",2026-08-11,verified_against_current_official_source
CRC-row1328,cRc,Liqueur,Boukha Bokobsa,Fig Alcohol- Black Cuvee Prestige,Certified,OU-P,True,true,no_evidence,True,False,True,False,Certified when bearing the OU-P logo | Kosher for Passover,cRc certifies this ONLY when the bottle bears the OU-P logo.,https://consumer.crckosher.org/liquor/full-liquor-list/,"cRc full liquor list, table row 1328 (category column = Liqueur)",2026-08-11,verified_against_current_official_source
CRC-row1329,cRc,Liqueur,Jelinek,Williams Pear Brandy,Certified,OU-P,True,true,no_evidence,True,False,True,False,Certified when bearing the OU-P logo | Kosher for Passover,cRc certifies this ONLY when the bottle bears the OU-P logo.,https://consumer.crckosher.org/liquor/full-liquor-list/,"cRc full liquor list, table row 1329 (category column = Liqueur)",2026-08-11,verified_against_current_official_source
CRC-row1330,cRc,Liqueur,Gold Shot,Slivovitz Plum Brandy,Certified,OU-P,True,true,no_evidence,True,False,True,False,Certified when bearing the OU-P logo | Kosher for Passover,cRc certifies this ONLY when the bottle bears the OU-P logo.,https://consumer.crckosher.org/liquor/full-liquor-list/,"cRc full liquor list, table row 1330 (category column = Liqueur)",2026-08-11,verified_against_current_official_source
CRC-row1331,cRc,Liqueur,Blue Mountain,Caribbean Coffee Liqueur,Certified,OU,True,true,no_evidence,True,False,True,False,Certified when bearing the OU logo,cRc certifies this ONLY when the bottle bears the OU logo.,https://consumer.crckosher.org/liquor/full-liquor-list/,"cRc full liquor list, table row 1331 (category column = Liqueur)",2026-08-11,verified_against_current_official_source
CRC-row1332,cRc,Liqueur,Psagot,Cherry Liqueur (Mevushal),Certified,OU-P,True,true,no_evidence,True,False,True,False,Certified when bearing the OU-P logo | Kosher for Passover,cRc certifies this ONLY when the bottle bears the OU-P logo.,https://consumer.crckosher.org/liquor/full-liquor-list/,"cRc full liquor list, table row 1332 (category column = Liqueur)",2026-08-11,verified_against_current_official_source
CRC-row1333,cRc,Liqueur,Gush Etzion Winery,Sour Cherry Liqueur (2006),Certified,OU-P,True,true,no_evidence,True,False,True,False,Certified when bearing the OU-P logo | Kosher for Passover,cRc certifies this ONLY when the bottle bears the OU-P logo.,https://consumer.crckosher.org/liquor/full-liquor-list/,"cRc full liquor list, table row 1333 (category column = Liqueur)",2026-08-11,verified_against_current_official_source
CRC-row1334,cRc,Liqueur,Binyamina Liqueur,Chocolate,Certified,OU-P,True,true,no_evidence,True,False,True,False,Certified when bearing the OU-P logo | Kosher for Passover,cRc certifies this ONLY when the bottle bears the OU-P logo.,https://consumer.crckosher.org/liquor/full-liquor-list/,"cRc full liquor list, table row 1334 (category column = Liqueur)",2026-08-11,verified_against_current_official_source
CRC-row1335,cRc,Liqueur,Binyamina Liqueur,Limonchello,Certified,OU-P,True,true,no_evidence,True,False,True,False,Certified when bearing the OU-P logo | Kosher for Passover,cRc certifies this ONLY when the bottle bears the OU-P logo.,https://consumer.crckosher.org/liquor/full-liquor-list/,"cRc full liquor list, table row 1335 (category column = Liqueur)",2026-08-11,verified_against_current_official_source
CRC-row1336,cRc,Liqueur,Binyamina Liqueur,Wishniak,Certified,OU-P,True,true,no_evidence,True,False,True,False,Certified when bearing the OU-P logo | Kosher for Passover,cRc certifies this ONLY when the bottle bears the OU-P logo.,https://consumer.crckosher.org/liquor/full-liquor-list/,"cRc full liquor list, table row 1336 (category column = Liqueur)",2026-08-11,verified_against_current_official_source
CRC-row1337,cRc,Liqueur,Binyamina Liqueur,Banana,Certified,OU-P,True,true,no_evidence,True,False,True,False,Certified when bearing the OU-P logo | Kosher for Passover,cRc certifies this ONLY when the bottle bears the OU-P logo.,https://consumer.crckosher.org/liquor/full-liquor-list/,"cRc full liquor list, table row 1337 (category column = Liqueur)",2026-08-11,verified_against_current_official_source
CRC-row1338,cRc,Liqueur,Binyamina Liqueur,Amaretto,Certified,OU-P,True,true,no_evidence,True,False,True,False,Certified when bearing the OU-P logo | Kosher for Passover,cRc certifies this ONLY when the bottle bears the OU-P logo.,https://consumer.crckosher.org/liquor/full-liquor-list/,"cRc full liquor list, table row 1338 (category column = Liqueur)",2026-08-11,verified_against_current_official_source
CRC-row1339,cRc,Liqueur,Binyamina Liqueur,Crème de Cassis,Certified,OU-P,True,true,no_evidence,True,False,True,False,Certified when bearing the OU-P logo | Kosher for Passover,cRc certifies this ONLY when the bottle bears the OU-P logo.,https://consumer.crckosher.org/liquor/full-liquor-list/,"cRc full liquor list, table row 1339 (category column = Liqueur)",2026-08-11,verified_against_current_official_source
CRC-row1340,cRc,Liqueur,Binyamina Liqueur,Peach,Certified,OU-P,True,true,no_evidence,True,False,True,False,Certified when bearing the OU-P logo | Kosher for Passover,cRc certifies this ONLY when the bottle bears the OU-P logo.,https://consumer.crckosher.org/liquor/full-liquor-list/,"cRc full liquor list, table row 1340 (category column = Liqueur)",2026-08-11,verified_against_current_official_source
CRC-row1341,cRc,Liqueur,Binyamina Liqueur,Triple Sec,Certified,OU-P,True,true,no_evidence,True,False,True,False,Certified when bearing the OU-P logo | Kosher for Passover,cRc certifies this ONLY when the bottle bears the OU-P logo.,https://consumer.crckosher.org/liquor/full-liquor-list/,"cRc full liquor list, table row 1341 (category column = Liqueur)",2026-08-11,verified_against_current_official_source
CRC-row1342,cRc,Liqueur,Morad Wines,Cherry Liqueur,Certified,OK-P,True,true,no_evidence,True,False,True,False,Certified when bearing the OK-P logo | Kosher for Passover,cRc certifies this ONLY when the bottle bears the OK-P logo.,https://consumer.crckosher.org/liquor/full-liquor-list/,"cRc full liquor list, table row 1342 (category column = Liqueur)",2026-08-11,verified_against_current_official_source
CRC-row1343,cRc,Liqueur,Morad Wines,Limoncello Liqueur,Certified,OK-P,True,true,no_evidence,True,False,True,False,Certified when bearing the OK-P logo | Kosher for Passover,cRc certifies this ONLY when the bottle bears the OK-P logo.,https://consumer.crckosher.org/liquor/full-liquor-list/,"cRc full liquor list, table row 1343 (category column = Liqueur)",2026-08-11,verified_against_current_official_source
CRC-row1344,cRc,Liqueur,Morad Wines,Lychee Wine,Certified,OK-P,True,true,no_evidence,True,False,True,False,Certified when bearing the OK-P logo | Kosher for Passover,cRc certifies this ONLY when the bottle bears the OK-P logo.,https://consumer.crckosher.org/liquor/full-liquor-list/,"cRc full liquor list, table row 1344 (category column = Liqueur)",2026-08-11,verified_against_current_official_source
CRC-row1345,cRc,Liqueur,Matar Winery,Brandy Apple,Certified,OK-P,True,true,no_evidence,True,False,True,False,Certified when bearing the OK-P logo | Kosher for Passover,cRc certifies this ONLY when the bottle bears the OK-P logo.,https://consumer.crckosher.org/liquor/full-liquor-list/,"cRc full liquor list, table row 1345 (category column = Liqueur)",2026-08-11,verified_against_current_official_source
CRC-row1346,cRc,Liqueur,Zachlawi,Black Arak,Certified,OU,True,true,no_evidence,True,False,True,False,Certified when bearing the OU logo,cRc certifies this ONLY when the bottle bears the OU logo.,https://consumer.crckosher.org/liquor/full-liquor-list/,"cRc full liquor list, table row 1346 (category column = Liqueur)",2026-08-11,verified_against_current_official_source
CRC-row1347,cRc,Liqueur,Zachlawi,Fig Arak Passover,Certified,OU-P,True,true,no_evidence,True,False,True,False,Certified when bearing the OU-P logo | Kosher for Passover,cRc certifies this ONLY when the bottle bears the OU-P logo.,https://consumer.crckosher.org/liquor/full-liquor-list/,"cRc full liquor list, table row 1347 (category column = Liqueur)",2026-08-11,verified_against_current_official_source
CRC-row1349,cRc,Liqueur,Apologue,Gold Fashioned,Certified,OU,True,true,no_evidence,True,False,True,False,Certified when bearing the OU logo,cRc certifies this ONLY when the bottle bears the OU logo.,https://consumer.crckosher.org/liquor/full-liquor-list/,"cRc full liquor list, table row 1349 (category column = Liqueur)",2026-08-11,verified_against_current_official_source
CRC-row1350,cRc,Liqueur,DeKuyper,Classic Ol' Fashion Liqueur,Certified,OU,True,true,no_evidence,True,False,True,False,Certified when bearing the OU logo,cRc certifies this ONLY when the bottle bears the OU logo.,https://consumer.crckosher.org/liquor/full-liquor-list/,"cRc full liquor list, table row 1350 (category column = Liqueur)",2026-08-11,verified_against_current_official_source
CRC-row1351,cRc,Liqueur,DeKuyper,"Crème de Cacao, White 48°",Certified,OU,True,true,no_evidence,True,False,True,False,Certified when bearing the OU logo,cRc certifies this ONLY when the bottle bears the OU logo.,https://consumer.crckosher.org/liquor/full-liquor-list/,"cRc full liquor list, table row 1351 (category column = Liqueur)",2026-08-11,verified_against_current_official_source
CRC-row1352,cRc,Liqueur,DeKuyper,Crème de Menthe Green,Certified,OU,True,true,no_evidence,True,False,True,False,Certified when bearing the OU logo,cRc certifies this ONLY when the bottle bears the OU logo.,https://consumer.crckosher.org/liquor/full-liquor-list/,"cRc full liquor list, table row 1352 (category column = Liqueur)",2026-08-11,verified_against_current_official_source
CRC-row1353,cRc,Liqueur,DeKuyper,Kirschwasser 90,Certified,OU,True,true,no_evidence,True,False,True,False,Certified when bearing the OU logo,cRc certifies this ONLY when the bottle bears the OU logo.,https://consumer.crckosher.org/liquor/full-liquor-list/,"cRc full liquor list, table row 1353 (category column = Liqueur)",2026-08-11,verified_against_current_official_source
CRC-row1354,cRc,Liqueur,Gold Shot,Brandwien,Certified,OU-P,True,true,no_evidence,True,False,True,False,Certified when bearing the OU-P logo | Kosher for Passover,cRc certifies this ONLY when the bottle bears the OU-P logo.,https://consumer.crckosher.org/liquor/full-liquor-list/,"cRc full liquor list, table row 1354 (category column = Liqueur)",2026-08-11,verified_against_current_official_source
CRC-row1355,cRc,Liqueur,Underberg,Espresso Herbtini,Certified,OU,True,true,no_evidence,True,False,True,False,Certified when bearing the OU logo,cRc certifies this ONLY when the bottle bears the OU logo.,https://consumer.crckosher.org/liquor/full-liquor-list/,"cRc full liquor list, table row 1355 (category column = Liqueur)",2026-08-11,verified_against_current_official_source
CRC-row1356,cRc,Liqueur,Zwack,Golden Pear,Certified,OU,True,true,no_evidence,True,False,True,False,Certified when bearing the OU logo,cRc certifies this ONLY when the bottle bears the OU logo.,https://consumer.crckosher.org/liquor/full-liquor-list/,"cRc full liquor list, table row 1356 (category column = Liqueur)",2026-08-11,verified_against_current_official_source
CRC-row1357,cRc,Liqueur,Senior & Co.,Curacao 40%,Certified,Star-K,True,true,no_evidence,True,False,True,False,Certified when bearing the Star-K logo,cRc certifies this ONLY when the bottle bears the Star-K logo.,https://consumer.crckosher.org/liquor/full-liquor-list/,"cRc full liquor list, table row 1357 (category column = Liqueur)",2026-08-11,verified_against_current_official_source
CRC-row1358,cRc,Liqueur,Senior & Co.,Senior Genuine Curacao Liqueur,Certified,Star-K,True,true,no_evidence,True,False,True,False,Certified when bearing the Star-K logo,cRc certifies this ONLY when the bottle bears the Star-K logo.,https://consumer.crckosher.org/liquor/full-liquor-list/,"cRc full liquor list, table row 1358 (category column = Liqueur)",2026-08-11,verified_against_current_official_source
CRC-row1359,cRc,Liqueur,Zachlawi,Gourmet Grapefruit Arak,Certified,OU,True,true,no_evidence,True,False,True,False,Certified when bearing the OU logo,cRc certifies this ONLY when the bottle bears the OU logo.,https://consumer.crckosher.org/liquor/full-liquor-list/,"cRc full liquor list, table row 1359 (category column = Liqueur)",2026-08-11,verified_against_current_official_source
CRC-row1360,cRc,Liqueur,Crater Lake,Rock and Rye,Certified,Oregon K,True,true,no_evidence,True,False,True,False,Certified when bearing the Oregon K logo,cRc certifies this ONLY when the bottle bears the Oregon K logo.,https://consumer.crckosher.org/liquor/full-liquor-list/,"cRc full liquor list, table row 1360 (category column = Liqueur)",2026-08-11,verified_against_current_official_source
CRC-row1361,cRc,Liqueur,Zachlawi,Classic Arak,Certified,OU-P,True,true,no_evidence,True,False,True,False,Certified when bearing the OU-P logo | Kosher for Passover,cRc certifies this ONLY when the bottle bears the OU-P logo.,https://consumer.crckosher.org/liquor/full-liquor-list/,"cRc full liquor list, table row 1361 (category column = Liqueur)",2026-08-11,verified_against_current_official_source
CRC-row1362,cRc,Liqueur,Yekev Hagalil,Alouf Arak,Certified,OU-P,True,true,no_evidence,True,False,True,False,Certified when bearing the OU-P logo | Kosher for Passover,cRc certifies this ONLY when the bottle bears the OU-P logo.,https://consumer.crckosher.org/liquor/full-liquor-list/,"cRc full liquor list, table row 1362 (category column = Liqueur)",2026-08-11,verified_against_current_official_source
CRC-row1363,cRc,Liqueur,Yekev Hagalil,Elite Arak,Certified,OU-P,True,true,no_evidence,True,False,True,False,Certified when bearing the OU-P logo | Kosher for Passover,cRc certifies this ONLY when the bottle bears the OU-P logo.,https://consumer.crckosher.org/liquor/full-liquor-list/,"cRc full liquor list, table row 1363 (category column = Liqueur)",2026-08-11,verified_against_current_official_source
CRC-row1364,cRc,Liqueur,Yikvei Zion,New Arak 40%,Certified,OU-P,True,true,no_evidence,True,False,True,False,Certified when bearing the OU-P logo | Kosher for Passover,cRc certifies this ONLY when the bottle bears the OU-P logo.,https://consumer.crckosher.org/liquor/full-liquor-list/,"cRc full liquor list, table row 1364 (category column = Liqueur)",2026-08-11,verified_against_current_official_source
CRC-row1365,cRc,Liqueur,Matar Winery,Arak,Certified,OK-P,True,true,no_evidence,True,False,True,False,Certified when bearing the OK-P logo | Kosher for Passover,cRc certifies this ONLY when the bottle bears the OK-P logo.,https://consumer.crckosher.org/liquor/full-liquor-list/,"cRc full liquor list, table row 1365 (category column = Liqueur)",2026-08-11,verified_against_current_official_source
CRC-row1366,cRc,Liqueur,Jelinek,Silver Slivovitz,Certified,OU-P,True,true,no_evidence,True,False,True,False,Certified when bearing the OU-P logo | Kosher for Passover,cRc certifies this ONLY when the bottle bears the OU-P logo.,https://consumer.crckosher.org/liquor/full-liquor-list/,"cRc full liquor list, table row 1366 (category column = Liqueur)",2026-08-11,verified_against_current_official_source
CRC-row1367,cRc,Liqueur,Spirit of Solomon,Slivovitz,Certified,OU-P,True,true,no_evidence,True,False,True,False,Certified when bearing the OU-P logo | Kosher for Passover,cRc certifies this ONLY when the bottle bears the OU-P logo.,https://consumer.crckosher.org/liquor/full-liquor-list/,"cRc full liquor list, table row 1367 (category column = Liqueur)",2026-08-11,verified_against_current_official_source
CRC-row1368,cRc,Liqueur,Spirit of Solomon,Sweet Fire,Certified,OU-P,True,true,no_evidence,True,False,True,False,Certified when bearing the OU-P logo | Kosher for Passover,cRc certifies this ONLY when the bottle bears the OU-P logo.,https://consumer.crckosher.org/liquor/full-liquor-list/,"cRc full liquor list, table row 1368 (category column = Liqueur)",2026-08-11,verified_against_current_official_source
CRC-row1369,cRc,Liqueur,Spirit of Solomon,Triple Sec,Certified,OU-P,True,true,no_evidence,True,False,True,False,Certified when bearing the OU-P logo | Kosher for Passover,cRc certifies this ONLY when the bottle bears the OU-P logo.,https://consumer.crckosher.org/liquor/full-liquor-list/,"cRc full liquor list, table row 1369 (category column = Liqueur)",2026-08-11,verified_against_current_official_source
CRC-row1370,cRc,Liqueur,Spirit of Solomon,Kirschwasser,Certified,OU-P,True,true,no_evidence,True,False,True,False,Certified when bearing the OU-P logo | Kosher for Passover,cRc certifies this ONLY when the bottle bears the OU-P logo.,https://consumer.crckosher.org/liquor/full-liquor-list/,"cRc full liquor list, table row 1370 (category column = Liqueur)",2026-08-11,verified_against_current_official_source
CRC-row1371,cRc,Liqueur,Yikvei Zion,Slivovitz,Certified,OU-P,True,true,no_evidence,True,False,True,False,Certified when bearing the OU-P logo | Kosher for Passover,cRc certifies this ONLY when the bottle bears the OU-P logo.,https://consumer.crckosher.org/liquor/full-liquor-list/,"cRc full liquor list, table row 1371 (category column = Liqueur)",2026-08-11,verified_against_current_official_source
CRC-row1372,cRc,Liqueur,Zachlawi,Cherry Arak,Certified,OU-P,True,true,no_evidence,True,False,True,False,Certified when bearing the OU-P logo | Kosher for Passover,cRc certifies this ONLY when the bottle bears the OU-P logo.,https://consumer.crckosher.org/liquor/full-liquor-list/,"cRc full liquor list, table row 1372 (category column = Liqueur)",2026-08-11,verified_against_current_official_source
CRC-row1373,cRc,Liqueur,Zwack,Kosher Slivovitz Reserve,Certified,OU,True,true,no_evidence,True,False,True,False,Certified when bearing the OU logo,cRc certifies this ONLY when the bottle bears the OU logo.,https://consumer.crckosher.org/liquor/full-liquor-list/,"cRc full liquor list, table row 1373 (category column = Liqueur)",2026-08-11,verified_against_current_official_source
CRC-row1374,cRc,Liqueur,Zwack,Kosher Slivovitz,Certified,OU,True,true,no_evidence,True,False,True,False,Certified when bearing the OU logo,cRc certifies this ONLY when the bottle bears the OU logo.,https://consumer.crckosher.org/liquor/full-liquor-list/,"cRc full liquor list, table row 1374 (category column = Liqueur)",2026-08-11,verified_against_current_official_source
CRC-row1375,cRc,Liqueur,Binyamina Liqueur,Coffee,Certified,OU-P,True,true,no_evidence,True,False,True,False,Certified when bearing the OU-P logo | Kosher for Passover,cRc certifies this ONLY when the bottle bears the OU-P logo.,https://consumer.crckosher.org/liquor/full-liquor-list/,"cRc full liquor list, table row 1375 (category column = Liqueur)",2026-08-11,verified_against_current_official_source
CRC-row1376,cRc,Liqueur,Laughing Fox- Song Dog,Coffee Liqueur,Certified,cRc,True,true,no_evidence,True,False,True,False,Certified when bearing the cRc logo,cRc certifies this ONLY when the bottle bears the cRc logo.,https://consumer.crckosher.org/liquor/full-liquor-list/,"cRc full liquor list, table row 1376 (category column = Liqueur)",2026-08-11,verified_against_current_official_source
CRC-row1377,cRc,Liqueur,Disaronno,Disaronno Originale,Certified,OU,True,true,no_evidence,True,False,True,False,Certified when bearing the OU logo,cRc certifies this ONLY when the bottle bears the OU logo.,https://consumer.crckosher.org/liquor/full-liquor-list/,"cRc full liquor list, table row 1377 (category column = Liqueur)",2026-08-11,verified_against_current_official_source
CRC-row1378,cRc,Liqueur,Drambuie,Liqueur,Certified,MBD,True,false,no_evidence,False,True,False,False,,cRc lists this as Certified under MBD. Per cRc's legend a symbol is not required on the bottle; this does NOT prove the bottle is printed with one.,https://consumer.crckosher.org/liquor/full-liquor-list/,"cRc full liquor list, table row 1378 (category column = Liqueur)",2026-08-11,verified_against_current_official_source
CRC-row1379,cRc,Liqueur,Frangelico,Original,Certified,Star-K,True,false,no_evidence,False,True,False,False,,cRc lists this as Certified under Star-K. Per cRc's legend a symbol is not required on the bottle; this does NOT prove the bottle is printed with one.,https://consumer.crckosher.org/liquor/full-liquor-list/,"cRc full liquor list, table row 1379 (category column = Liqueur)",2026-08-11,verified_against_current_official_source
CRC-row1380,cRc,Liqueur,Cointreau,Original,Certified,KF,True,false,no_evidence,False,True,False,False,Note: Noir is not certified,cRc lists this as Certified under KF. Per cRc's legend a symbol is not required on the bottle; this does NOT prove the bottle is printed with one.,https://consumer.crckosher.org/liquor/full-liquor-list/,"cRc full liquor list, table row 1380 (category column = Liqueur)",2026-08-11,verified_against_current_official_source
CRC-row1381,cRc,Liqueur,Sabra Liqueurs,Sabra Coffee,Certified,OU-P,True,true,no_evidence,True,False,True,False,Certified when bearing the OU-P logo | Kosher for Passover,cRc certifies this ONLY when the bottle bears the OU-P logo.,https://consumer.crckosher.org/liquor/full-liquor-list/,"cRc full liquor list, table row 1381 (category column = Liqueur)",2026-08-11,verified_against_current_official_source
CRC-row1382,cRc,Liqueur,Bailey's Irish Cream,Original Version Only (DAIRY),Certified,Star-D,True,false,no_evidence,False,True,False,False,DAIRY. Certified when manufactured by Diageo Bailey's of Dublin.,cRc lists this as Certified under Star-D. Per cRc's legend a symbol is not required on the bottle; this does NOT prove the bottle is printed with one.,https://consumer.crckosher.org/liquor/full-liquor-list/,"cRc full liquor list, table row 1382 (category column = Liqueur)",2026-08-11,verified_against_current_official_source
CRC-row1387,cRc,Liqueur,Laughing Fox- Song Dog,Elderflower Liqueur,Certified,cRc,True,true,no_evidence,True,False,True,False,Certified when bearing the cRc logo,cRc certifies this ONLY when the bottle bears the cRc logo.,https://consumer.crckosher.org/liquor/full-liquor-list/,"cRc full liquor list, table row 1387 (category column = Liqueur)",2026-08-11,verified_against_current_official_source
CRC-row1388,cRc,Liqueur,Laughing Fox- Song Dog,Orange Liqueur,Certified,cRc,True,true,no_evidence,True,False,True,False,Certified when bearing the cRc logo,cRc certifies this ONLY when the bottle bears the cRc logo.,https://consumer.crckosher.org/liquor/full-liquor-list/,"cRc full liquor list, table row 1388 (category column = Liqueur)",2026-08-11,verified_against_current_official_source
CRC-row1389,cRc,Liqueur,Laughing Fox- Song Dog,Amaro #1,Certified,cRc,True,true,no_evidence,True,False,True,False,Certified when bearing the cRc logo,cRc certifies this ONLY when the bottle bears the cRc logo.,https://consumer.crckosher.org/liquor/full-liquor-list/,"cRc full liquor list, table row 1389 (category column = Liqueur)",2026-08-11,verified_against_current_official_source
CRC-row1390,cRc,Liqueur,Laughing Fox- Song Dog,Amaro #4,Certified,cRc,True,true,no_evidence,True,False,True,False,Certified when bearing the cRc logo,cRc certifies this ONLY when the bottle bears the cRc logo.,https://consumer.crckosher.org/liquor/full-liquor-list/,"cRc full liquor list, table row 1390 (category column = Liqueur)",2026-08-11,verified_against_current_official_source
CRC-row1391,cRc,Liqueur,Laughing Fox- Song Dog,Black Amaro,Certified,cRc,True,true,no_evidence,True,False,True,False,Certified when bearing the cRc logo,cRc certifies this ONLY when the bottle bears the cRc logo.,https://consumer.crckosher.org/liquor/full-liquor-list/,"cRc full liquor list, table row 1391 (category column = Liqueur)",2026-08-11,verified_against_current_official_source
CRC-row1392,cRc,Liqueur,Laughing Fox- Song Dog,Blanco,Certified,cRc,True,true,no_evidence,True,False,True,False,Certified when bearing the cRc logo,cRc certifies this ONLY when the bottle bears the cRc logo.,https://consumer.crckosher.org/liquor/full-liquor-list/,"cRc full liquor list, table row 1392 (category column = Liqueur)",2026-08-11,verified_against_current_official_source
CRC-row1393,cRc,Liqueur,Laughing Fox- Song Dog,Rosso,Certified,cRc,True,true,no_evidence,True,False,True,False,Certified when bearing the cRc logo,cRc certifies this ONLY when the bottle bears the cRc logo.,https://consumer.crckosher.org/liquor/full-liquor-list/,"cRc full liquor list, table row 1393 (category column = Liqueur)",2026-08-11,verified_against_current_official_source
CRC-row1394,cRc,Liqueur,Sukkah Hill Spirits,Besamim Liqueur,Certified,Star-K-P,True,true,no_evidence,True,False,True,False,Certified when bearing the Star-K-P logo | Kosher for Passover,cRc certifies this ONLY when the bottle bears the Star-K-P logo.,https://consumer.crckosher.org/liquor/full-liquor-list/,"cRc full liquor list, table row 1394 (category column = Liqueur)",2026-08-11,verified_against_current_official_source
CRC-row1395,cRc,Liqueur,Sukkah Hill Spirits,Desert Trail Oak-Aged Cane Spirits,Certified,Star-K-P,True,true,no_evidence,True,False,True,False,Certified when bearing the Star-K-P logo | Kosher for Passover,cRc certifies this ONLY when the bottle bears the Star-K-P logo.,https://consumer.crckosher.org/liquor/full-liquor-list/,"cRc full liquor list, table row 1395 (category column = Liqueur)",2026-08-11,verified_against_current_official_source
CRC-row1396,cRc,Liqueur,Sukkah Hill Spirits,Etrog Liqueur,Certified,Star-K-P,True,true,no_evidence,True,False,True,False,Certified when bearing the Star-K-P logo | Kosher for Passover,cRc certifies this ONLY when the bottle bears the Star-K-P logo.,https://consumer.crckosher.org/liquor/full-liquor-list/,"cRc full liquor list, table row 1396 (category column = Liqueur)",2026-08-11,verified_against_current_official_source
CRC-row1397,cRc,Liqueur,Mr. Black Spirits,Mr Black Cold Brew Coffee Liqueur,Certified,KSA,True,true,no_evidence,True,False,True,False,Certified when bearing the KSA logo,cRc certifies this ONLY when the bottle bears the KSA logo.,https://consumer.crckosher.org/liquor/full-liquor-list/,"cRc full liquor list, table row 1397 (category column = Liqueur)",2026-08-11,verified_against_current_official_source
