record_id,agency,category,brand_exact,product_exact,agency_status_exact,certification_or_symbol,certification_recorded,symbol_required_for_approval,physical_symbol_independently_observed,in_list_1_approved_only_when_bearing_symbol,in_list_2,in_list_3,in_list_4,conditions_exact,plain_language_explanation,official_source_url,source_location,checked_date,verification_status
STARK-item-W35VCLZ7,STAR-K,Scotch,(Isle of) Arran,21 Year Old Cask #600 Bourbon Barrel,Approved,,False,false,no_evidence,False,True,False,False,,STAR-K approves this Scotch without requiring a kosher symbol on the bottle.,https://www.star-k.org/resource/list/W56J90P5/all_liquor#item-W35VCLZ7,"STAR-K all_liquor listing, item block item-W35VCLZ7 (imported row index 9)",2026-08-11,verified_against_current_official_source
STARK-item-UI90IHCM,STAR-K,Scotch,(Isle of) Arran,1995 Malt & Music Festival 2017 Cask #368,Approved,,False,false,no_evidence,False,True,False,False,,STAR-K approves this Scotch without requiring a kosher symbol on the bottle.,https://www.star-k.org/resource/list/W56J90P5/all_liquor#item-UI90IHCM,"STAR-K all_liquor listing, item block item-UI90IHCM (imported row index 10)",2026-08-11,verified_against_current_official_source
STARK-item-S9BF4GIU,STAR-K,Scotch,(Isle of) Arran,2000 Bourbon Cask TWE Exclusive,Approved,,False,false,no_evidence,False,True,False,False,,STAR-K approves this Scotch without requiring a kosher symbol on the bottle.,https://www.star-k.org/resource/list/W56J90P5/all_liquor#item-S9BF4GIU,"STAR-K all_liquor listing, item block item-S9BF4GIU (imported row index 11)",2026-08-11,verified_against_current_official_source
STARK-item-VS73XJ7E,STAR-K,Scotch,(Isle of) Arran,2007 James MacTaggart 10th Anniversary,Approved,,False,false,no_evidence,False,True,False,False,,STAR-K approves this Scotch without requiring a kosher symbol on the bottle.,https://www.star-k.org/resource/list/W56J90P5/all_liquor#item-VS73XJ7E,"STAR-K all_liquor listing, item block item-VS73XJ7E (imported row index 12)",2026-08-11,verified_against_current_official_source
STARK-item-WUP9Z4MU,STAR-K,Scotch,(Isle of) Arran,Bourbon Cask Finish (2010),Approved,,False,false,no_evidence,False,True,False,False,,STAR-K approves this Scotch without requiring a kosher symbol on the bottle.,https://www.star-k.org/resource/list/W56J90P5/all_liquor#item-WUP9Z4MU,"STAR-K all_liquor listing, item block item-WUP9Z4MU (imported row index 13)",2026-08-11,verified_against_current_official_source
STARK-item-22AR04XI,STAR-K,Scotch,(Isle of) Arran,Machrie Moor (Peated),Approved,,False,false,no_evidence,False,True,False,False,,STAR-K approves this Scotch without requiring a kosher symbol on the bottle.,https://www.star-k.org/resource/list/W56J90P5/all_liquor#item-22AR04XI,"STAR-K all_liquor listing, item block item-22AR04XI (imported row index 14)",2026-08-11,verified_against_current_official_source
STARK-item-VKSFK2S3,STAR-K,Scotch,(Isle of) Arran,Prem Single Cask 1996 Bourbon,Approved,,False,false,no_evidence,False,True,False,False,,STAR-K approves this Scotch without requiring a kosher symbol on the bottle.,https://www.star-k.org/resource/list/W56J90P5/all_liquor#item-VKSFK2S3,"STAR-K all_liquor listing, item block item-VKSFK2S3 (imported row index 15)",2026-08-11,verified_against_current_official_source
STARK-item-RYDMOEO3,STAR-K,Scotch,(Isle of) Arran,Smugglers' Series Vol. 2 The High Seas,Approved,,False,false,no_evidence,False,True,False,False,,STAR-K approves this Scotch without requiring a kosher symbol on the bottle.,https://www.star-k.org/resource/list/W56J90P5/all_liquor#item-RYDMOEO3,"STAR-K all_liquor listing, item block item-RYDMOEO3 (imported row index 16)",2026-08-11,verified_against_current_official_source
STARK-item-3B9LO6QA,STAR-K,Scotch,(Isle of) Arran,The Bothy Quarter Cask Batch 1 & 2,Approved,,False,false,no_evidence,False,True,False,False,,STAR-K approves this Scotch without requiring a kosher symbol on the bottle.,https://www.star-k.org/resource/list/W56J90P5/all_liquor#item-3B9LO6QA,"STAR-K all_liquor listing, item block item-3B9LO6QA (imported row index 17)",2026-08-11,verified_against_current_official_source
STARK-item-Y01H4HWM,STAR-K,Scotch,Aberfeldy,12,Not Approved,,False,,no_evidence,False,False,False,True,,STAR-K lists this Scotch as Not Approved. Do not use it.,https://www.star-k.org/resource/list/W56J90P5/all_liquor#item-Y01H4HWM,"STAR-K all_liquor listing, item block item-Y01H4HWM (imported row index 56)",2026-08-11,verified_against_current_official_source
STARK-item-RNQ8PLQA,STAR-K,Scotch,Aberfeldy,13,Approved,,False,false,no_evidence,False,True,False,False,,STAR-K approves this Scotch without requiring a kosher symbol on the bottle.,https://www.star-k.org/resource/list/W56J90P5/all_liquor#item-RNQ8PLQA,"STAR-K all_liquor listing, item block item-RNQ8PLQA (imported row index 57)",2026-08-11,verified_against_current_official_source
STARK-item-SXO15NK3,STAR-K,Scotch,Aberfeldy,15,Approved,,False,false,no_evidence,False,True,False,False,(EXCEPTION: Aberfeldy 15 Limited Edition in Red Wine Casks are NOT APPROVED.),STAR-K approves this Scotch without requiring a kosher symbol on the bottle. Condition recorded by STAR-K: (EXCEPTION: Aberfeldy 15 Limited Edition in Red Wine Casks are NOT APPROVED.),https://www.star-k.org/resource/list/W56J90P5/all_liquor#item-SXO15NK3,"STAR-K all_liquor listing, item block item-SXO15NK3 (imported row index 58)",2026-08-11,verified_against_current_official_source
STARK-item-4JMU810I,STAR-K,Scotch,Aberfeldy,15 - Limited Edition in Red Wine Casks,Not Approved,,False,,no_evidence,False,False,False,True,,STAR-K lists this Scotch as Not Approved. Do not use it.,https://www.star-k.org/resource/list/W56J90P5/all_liquor#item-4JMU810I,"STAR-K all_liquor listing, item block item-4JMU810I (imported row index 59)",2026-08-11,verified_against_current_official_source
STARK-item-T8MUJPEU,STAR-K,Scotch,Aberfeldy,17,Approved,,False,false,no_evidence,False,True,False,False,,STAR-K approves this Scotch without requiring a kosher symbol on the bottle.,https://www.star-k.org/resource/list/W56J90P5/all_liquor#item-T8MUJPEU,"STAR-K all_liquor listing, item block item-T8MUJPEU (imported row index 60)",2026-08-11,verified_against_current_official_source
STARK-item-1G730P4Q,STAR-K,Scotch,Aberfeldy,21,Not Approved,,False,,no_evidence,False,False,False,True,,STAR-K lists this Scotch as Not Approved. Do not use it.,https://www.star-k.org/resource/list/W56J90P5/all_liquor#item-1G730P4Q,"STAR-K all_liquor listing, item block item-1G730P4Q (imported row index 61)",2026-08-11,verified_against_current_official_source
STARK-item-2Q5WORXI,STAR-K,Scotch,Aberlour,Aberlour,Not Approved,,False,,no_evidence,False,False,False,True,,STAR-K lists this Scotch as Not Approved. Do not use it.,https://www.star-k.org/resource/list/W56J90P5/all_liquor#item-2Q5WORXI,"STAR-K all_liquor listing, item block item-2Q5WORXI (imported row index 62)",2026-08-11,verified_against_current_official_source
STARK-item-VFEXPF13,STAR-K,Scotch,Aberlour,White Oak,Approved,,False,false,no_evidence,False,True,False,False,,STAR-K approves this Scotch without requiring a kosher symbol on the bottle.,https://www.star-k.org/resource/list/W56J90P5/all_liquor#item-VFEXPF13,"STAR-K all_liquor listing, item block item-VFEXPF13 (imported row index 63)",2026-08-11,verified_against_current_official_source
STARK-item-WOCQ5HUU,STAR-K,Scotch,Ailsa Bay,Ailsa Bay,Approved,,False,false,no_evidence,False,True,False,False,,STAR-K approves this Scotch without requiring a kosher symbol on the bottle.,https://www.star-k.org/resource/list/W56J90P5/all_liquor#item-WOCQ5HUU,"STAR-K all_liquor listing, item block item-WOCQ5HUU (imported row index 69)",2026-08-11,verified_against_current_official_source
STARK-item-XYAKJJOM,STAR-K,Scotch,Ailsa Bay,Release 1.2 Sweet Smoke,Approved,,False,false,no_evidence,False,True,False,False,,STAR-K approves this Scotch without requiring a kosher symbol on the bottle.,https://www.star-k.org/resource/list/W56J90P5/all_liquor#item-XYAKJJOM,"STAR-K all_liquor listing, item block item-XYAKJJOM (imported row index 70)",2026-08-11,verified_against_current_official_source
STARK-item-WDINS2LY,STAR-K,Scotch,AnCnoc,12,Approved,,False,false,no_evidence,False,True,False,False,,STAR-K approves this Scotch without requiring a kosher symbol on the bottle.,https://www.star-k.org/resource/list/W56J90P5/all_liquor#item-WDINS2LY,"STAR-K all_liquor listing, item block item-WDINS2LY (imported row index 82)",2026-08-11,verified_against_current_official_source
STARK-item-3G0XG9W3,STAR-K,Scotch,AnCnoc,16,Approved,,False,false,no_evidence,False,True,False,False,,STAR-K approves this Scotch without requiring a kosher symbol on the bottle.,https://www.star-k.org/resource/list/W56J90P5/all_liquor#item-3G0XG9W3,"STAR-K all_liquor listing, item block item-3G0XG9W3 (imported row index 83)",2026-08-11,verified_against_current_official_source
STARK-item-RDCRVJOM,STAR-K,Scotch,AnCnoc,22,Not Approved,,False,,no_evidence,False,False,False,True,,STAR-K lists this Scotch as Not Approved. Do not use it.,https://www.star-k.org/resource/list/W56J90P5/all_liquor#item-RDCRVJOM,"STAR-K all_liquor listing, item block item-RDCRVJOM (imported row index 84)",2026-08-11,verified_against_current_official_source
STARK-item-TNAKALIE,STAR-K,Scotch,AnCnoc,35,Approved,,False,false,no_evidence,False,True,False,False,,STAR-K approves this Scotch without requiring a kosher symbol on the bottle.,https://www.star-k.org/resource/list/W56J90P5/all_liquor#item-TNAKALIE,"STAR-K all_liquor listing, item block item-TNAKALIE (imported row index 85)",2026-08-11,verified_against_current_official_source
STARK-item-RP7U7ZXI,STAR-K,Scotch,AnCnoc,2005 Distillery Bottling Cask #428,Approved,,False,false,no_evidence,False,True,False,False,,STAR-K approves this Scotch without requiring a kosher symbol on the bottle.,https://www.star-k.org/resource/list/W56J90P5/all_liquor#item-RP7U7ZXI,"STAR-K all_liquor listing, item block item-RP7U7ZXI (imported row index 86)",2026-08-11,verified_against_current_official_source
STARK-item-2TV5XLJ7,STAR-K,Scotch,AnCnoc,Cutter (Peated),Approved,,False,false,no_evidence,False,True,False,False,,STAR-K approves this Scotch without requiring a kosher symbol on the bottle.,https://www.star-k.org/resource/list/W56J90P5/all_liquor#item-2TV5XLJ7,"STAR-K all_liquor listing, item block item-2TV5XLJ7 (imported row index 87)",2026-08-11,verified_against_current_official_source
STARK-item-34TXCMDY,STAR-K,Scotch,AnCnoc,Flaughter (Peated),Approved,,False,false,no_evidence,False,True,False,False,,STAR-K approves this Scotch without requiring a kosher symbol on the bottle.,https://www.star-k.org/resource/list/W56J90P5/all_liquor#item-34TXCMDY,"STAR-K all_liquor listing, item block item-34TXCMDY (imported row index 88)",2026-08-11,verified_against_current_official_source
STARK-item-332T8QZQ,STAR-K,Scotch,AnCnoc,Peathearts,Approved,,False,false,no_evidence,False,True,False,False,,STAR-K approves this Scotch without requiring a kosher symbol on the bottle.,https://www.star-k.org/resource/list/W56J90P5/all_liquor#item-332T8QZQ,"STAR-K all_liquor listing, item block item-332T8QZQ (imported row index 89)",2026-08-11,verified_against_current_official_source
STARK-item-2S41SO6Y,STAR-K,Scotch,AnCnoc,Peatlands,Approved,,False,false,no_evidence,False,True,False,False,,STAR-K approves this Scotch without requiring a kosher symbol on the bottle.,https://www.star-k.org/resource/list/W56J90P5/all_liquor#item-2S41SO6Y,"STAR-K all_liquor listing, item block item-2S41SO6Y (imported row index 90)",2026-08-11,verified_against_current_official_source
STARK-item-1JXBIJQE,STAR-K,Scotch,AnCnoc,Peter Arkle Travel Retail,Approved,,False,false,no_evidence,False,True,False,False,,STAR-K approves this Scotch without requiring a kosher symbol on the bottle.,https://www.star-k.org/resource/list/W56J90P5/all_liquor#item-1JXBIJQE,"STAR-K all_liquor listing, item block item-1JXBIJQE (imported row index 91)",2026-08-11,verified_against_current_official_source
STARK-item-Y98DYLIE,STAR-K,Scotch,AnCnoc,Rascan,Approved,,False,false,no_evidence,False,True,False,False,,STAR-K approves this Scotch without requiring a kosher symbol on the bottle.,https://www.star-k.org/resource/list/W56J90P5/all_liquor#item-Y98DYLIE,"STAR-K all_liquor listing, item block item-Y98DYLIE (imported row index 92)",2026-08-11,verified_against_current_official_source
STARK-item-RQYYBVBQ,STAR-K,Scotch,AnCnoc,Rutter (Peated),Approved,,False,false,no_evidence,False,True,False,False,,STAR-K approves this Scotch without requiring a kosher symbol on the bottle.,https://www.star-k.org/resource/list/W56J90P5/all_liquor#item-RQYYBVBQ,"STAR-K all_liquor listing, item block item-RQYYBVBQ (imported row index 93)",2026-08-11,verified_against_current_official_source
STARK-item-1I67DMB7,STAR-K,Scotch,AnCnoc,Tushkar,Approved,,False,false,no_evidence,False,True,False,False,,STAR-K approves this Scotch without requiring a kosher symbol on the bottle.,https://www.star-k.org/resource/list/W56J90P5/all_liquor#item-1I67DMB7,"STAR-K all_liquor listing, item block item-1I67DMB7 (imported row index 94)",2026-08-11,verified_against_current_official_source
STARK-item-UX9EPMB7,STAR-K,Scotch,Ardbeg,10 (when bearing OU),Approved,OU,True,true,no_evidence,True,False,True,False,,STAR-K approves this Scotch ONLY if the bottle actually bears the OU symbol. Without that symbol on the bottle it is not approved.,https://www.star-k.org/resource/list/W56J90P5/all_liquor#item-UX9EPMB7,"STAR-K all_liquor listing, item block item-UX9EPMB7 (imported row index 109)",2026-08-11,verified_against_current_official_source
STARK-item-WTX5U79M,STAR-K,Scotch,Ardbeg,17 Year Old,Approved,,False,false,no_evidence,False,True,False,False,,STAR-K approves this Scotch without requiring a kosher symbol on the bottle.,https://www.star-k.org/resource/list/W56J90P5/all_liquor#item-WTX5U79M,"STAR-K all_liquor listing, item block item-WTX5U79M (imported row index 110)",2026-08-11,verified_against_current_official_source
STARK-item-YDTROAV7,STAR-K,Scotch,Ardbeg,21 Year Old,Approved,,False,false,no_evidence,False,True,False,False,,STAR-K approves this Scotch without requiring a kosher symbol on the bottle.,https://www.star-k.org/resource/list/W56J90P5/all_liquor#item-YDTROAV7,"STAR-K all_liquor listing, item block item-YDTROAV7 (imported row index 111)",2026-08-11,verified_against_current_official_source
STARK-item-X4VX093E,STAR-K,Scotch,Ardbeg,1977 Vintage,Approved,,False,false,no_evidence,False,True,False,False,,STAR-K approves this Scotch without requiring a kosher symbol on the bottle.,https://www.star-k.org/resource/list/W56J90P5/all_liquor#item-X4VX093E,"STAR-K all_liquor listing, item block item-X4VX093E (imported row index 112)",2026-08-11,verified_against_current_official_source
STARK-item-VJZBF6EU,STAR-K,Scotch,Ardbeg,1998 Still Young,Approved,,False,false,no_evidence,False,True,False,False,,STAR-K approves this Scotch without requiring a kosher symbol on the bottle.,https://www.star-k.org/resource/list/W56J90P5/all_liquor#item-VJZBF6EU,"STAR-K all_liquor listing, item block item-VJZBF6EU (imported row index 113)",2026-08-11,verified_against_current_official_source
STARK-item-38M8YFDI,STAR-K,Scotch,Ardbeg,1998 Very Young (2004) 6 YO,Approved,,False,false,no_evidence,False,True,False,False,,STAR-K approves this Scotch without requiring a kosher symbol on the bottle.,https://www.star-k.org/resource/list/W56J90P5/all_liquor#item-38M8YFDI,"STAR-K all_liquor listing, item block item-38M8YFDI (imported row index 114)",2026-08-11,verified_against_current_official_source
STARK-item-T03H14K3,STAR-K,Scotch,Ardbeg,Airigh Nam Beist Vintage 1990 (Arry nam Baysht),Approved,,False,false,no_evidence,False,True,False,False,,STAR-K approves this Scotch without requiring a kosher symbol on the bottle.,https://www.star-k.org/resource/list/W56J90P5/all_liquor#item-T03H14K3,"STAR-K all_liquor listing, item block item-T03H14K3 (imported row index 115)",2026-08-11,verified_against_current_official_source
STARK-item-WRIGDS3E,STAR-K,Scotch,Ardbeg,Alligator,Approved,,False,false,no_evidence,False,True,False,False,,STAR-K approves this Scotch without requiring a kosher symbol on the bottle.,https://www.star-k.org/resource/list/W56J90P5/all_liquor#item-WRIGDS3E,"STAR-K all_liquor listing, item block item-WRIGDS3E (imported row index 116)",2026-08-11,verified_against_current_official_source
STARK-item-S1WSQX6I,STAR-K,Scotch,Ardbeg,Almost There (9 Year Old),Approved,,False,false,no_evidence,False,True,False,False,,STAR-K approves this Scotch without requiring a kosher symbol on the bottle.,https://www.star-k.org/resource/list/W56J90P5/all_liquor#item-S1WSQX6I,"STAR-K all_liquor listing, item block item-S1WSQX6I (imported row index 117)",2026-08-11,verified_against_current_official_source
STARK-item-SZ5OL2QA,STAR-K,Scotch,Ardbeg,Auriverdes,Approved,,False,false,no_evidence,False,True,False,False,,STAR-K approves this Scotch without requiring a kosher symbol on the bottle.,https://www.star-k.org/resource/list/W56J90P5/all_liquor#item-SZ5OL2QA,"STAR-K all_liquor listing, item block item-SZ5OL2QA (imported row index 118)",2026-08-11,verified_against_current_official_source
STARK-item-V8685O6Y,STAR-K,Scotch,Ardbeg,Blasda,Approved,,False,false,no_evidence,False,True,False,False,,STAR-K approves this Scotch without requiring a kosher symbol on the bottle.,https://www.star-k.org/resource/list/W56J90P5/all_liquor#item-V8685O6Y,"STAR-K all_liquor listing, item block item-V8685O6Y (imported row index 119)",2026-08-11,verified_against_current_official_source
STARK-item-XH42JQZQ,STAR-K,Scotch,Ardbeg,Corryvecken,Approved,,False,false,no_evidence,False,True,False,False,,STAR-K approves this Scotch without requiring a kosher symbol on the bottle.,https://www.star-k.org/resource/list/W56J90P5/all_liquor#item-XH42JQZQ,"STAR-K all_liquor listing, item block item-XH42JQZQ (imported row index 120)",2026-08-11,verified_against_current_official_source
STARK-item-2XPEJEJQ,STAR-K,Scotch,Ardbeg,Kelpie (Ardbeg Day),Approved,,False,false,no_evidence,False,True,False,False,,STAR-K approves this Scotch without requiring a kosher symbol on the bottle.,https://www.star-k.org/resource/list/W56J90P5/all_liquor#item-2XPEJEJQ,"STAR-K all_liquor listing, item block item-2XPEJEJQ (imported row index 121)",2026-08-11,verified_against_current_official_source
STARK-item-1NRK4CPY,STAR-K,Scotch,Ardbeg,Kelpie (Committee members),Approved,,False,false,no_evidence,False,True,False,False,,STAR-K approves this Scotch without requiring a kosher symbol on the bottle.,https://www.star-k.org/resource/list/W56J90P5/all_liquor#item-1NRK4CPY,"STAR-K all_liquor listing, item block item-1NRK4CPY (imported row index 122)",2026-08-11,verified_against_current_official_source
STARK-item-YR2UYSTI,STAR-K,Scotch,Ardbeg,Supernova 2010,Approved,,False,false,no_evidence,False,True,False,False,,STAR-K approves this Scotch without requiring a kosher symbol on the bottle.,https://www.star-k.org/resource/list/W56J90P5/all_liquor#item-YR2UYSTI,"STAR-K all_liquor listing, item block item-YR2UYSTI (imported row index 123)",2026-08-11,verified_against_current_official_source
STARK-item-RUR9XOAA,STAR-K,Scotch,Ardbeg,Twenty Something 22 Year Old (1996) 2018,Approved,,False,false,no_evidence,False,True,False,False,,STAR-K approves this Scotch without requiring a kosher symbol on the bottle.,https://www.star-k.org/resource/list/W56J90P5/all_liquor#item-RUR9XOAA,"STAR-K all_liquor listing, item block item-RUR9XOAA (imported row index 124)",2026-08-11,verified_against_current_official_source
STARK-item-313P4TQA,STAR-K,Scotch,Ardbeg,Uigeadail,Not Approved,,False,,no_evidence,False,False,False,True,,STAR-K lists this Scotch as Not Approved. Do not use it.,https://www.star-k.org/resource/list/W56J90P5/all_liquor#item-313P4TQA,"STAR-K all_liquor listing, item block item-313P4TQA (imported row index 125)",2026-08-11,verified_against_current_official_source
STARK-item-VOLO7USM,STAR-K,Scotch,Ardmore,1996 20 Year Old,Approved,,False,false,no_evidence,False,True,False,False,,STAR-K approves this Scotch without requiring a kosher symbol on the bottle.,https://www.star-k.org/resource/list/W56J90P5/all_liquor#item-VOLO7USM,"STAR-K all_liquor listing, item block item-VOLO7USM (imported row index 126)",2026-08-11,verified_against_current_official_source
STARK-item-S5P2CQ53,STAR-K,Scotch,Ardmore,Legacy Scotch,Approved,,False,false,no_evidence,False,True,False,False,,STAR-K approves this Scotch without requiring a kosher symbol on the bottle.,https://www.star-k.org/resource/list/W56J90P5/all_liquor#item-S5P2CQ53,"STAR-K all_liquor listing, item block item-S5P2CQ53 (imported row index 127)",2026-08-11,verified_against_current_official_source
STARK-item-UENVRSYU,STAR-K,Scotch,Ardmore,Tradition (White & Brown can),Approved,,False,false,no_evidence,False,True,False,False,,STAR-K approves this Scotch without requiring a kosher symbol on the bottle.,https://www.star-k.org/resource/list/W56J90P5/all_liquor#item-UENVRSYU,"STAR-K all_liquor listing, item block item-UENVRSYU (imported row index 128)",2026-08-11,verified_against_current_official_source
STARK-item-TAUL6ZYA,STAR-K,Scotch,Ardmore,Traditional Cask,Approved,,False,false,no_evidence,False,True,False,False,,STAR-K approves this Scotch without requiring a kosher symbol on the bottle.,https://www.star-k.org/resource/list/W56J90P5/all_liquor#item-TAUL6ZYA,"STAR-K all_liquor listing, item block item-TAUL6ZYA (imported row index 129)",2026-08-11,verified_against_current_official_source
STARK-item-Z2ZNDUMA,STAR-K,Scotch,Arran,10,Approved,,False,false,no_evidence,False,True,False,False,,STAR-K approves this Scotch without requiring a kosher symbol on the bottle.,https://www.star-k.org/resource/list/W56J90P5/all_liquor#item-Z2ZNDUMA,"STAR-K all_liquor listing, item block item-Z2ZNDUMA (imported row index 131)",2026-08-11,verified_against_current_official_source
STARK-item-X2FASUV7,STAR-K,Scotch,Arran,12,Not Approved,,False,,no_evidence,False,False,False,True,,STAR-K lists this Scotch as Not Approved. Do not use it.,https://www.star-k.org/resource/list/W56J90P5/all_liquor#item-X2FASUV7,"STAR-K all_liquor listing, item block item-X2FASUV7 (imported row index 132)",2026-08-11,verified_against_current_official_source
STARK-item-YAD48WPY,STAR-K,Scotch,Arran,14,Not Approved,,False,,no_evidence,False,False,False,True,,STAR-K lists this Scotch as Not Approved. Do not use it.,https://www.star-k.org/resource/list/W56J90P5/all_liquor#item-YAD48WPY,"STAR-K all_liquor listing, item block item-YAD48WPY (imported row index 133)",2026-08-11,verified_against_current_official_source
STARK-item-1KBXMYJQ,STAR-K,Scotch,Arran,16,Not Approved,,False,,no_evidence,False,False,False,True,,STAR-K lists this Scotch as Not Approved. Do not use it.,https://www.star-k.org/resource/list/W56J90P5/all_liquor#item-1KBXMYJQ,"STAR-K all_liquor listing, item block item-1KBXMYJQ (imported row index 134)",2026-08-11,verified_against_current_official_source
STARK-item-2U0Q2ZDI,STAR-K,Scotch,Arran,Robert Burns,Not Approved,,False,,no_evidence,False,False,False,True,,STAR-K lists this Scotch as Not Approved. Do not use it.,https://www.star-k.org/resource/list/W56J90P5/all_liquor#item-2U0Q2ZDI,"STAR-K all_liquor listing, item block item-2U0Q2ZDI (imported row index 135)",2026-08-11,verified_against_current_official_source
STARK-item-358KG27A,STAR-K,Scotch,Arran,The Arran Malt,Not Approved,,False,,no_evidence,False,False,False,True,,STAR-K lists this Scotch as Not Approved. Do not use it.,https://www.star-k.org/resource/list/W56J90P5/all_liquor#item-358KG27A,"STAR-K all_liquor listing, item block item-358KG27A (imported row index 136)",2026-08-11,verified_against_current_official_source
STARK-item-S7VSL2CM,STAR-K,Scotch,Auchentoshan,11 Bordeaux Cask Matured,Not Approved,,False,,no_evidence,False,False,False,True,,STAR-K lists this Scotch as Not Approved. Do not use it.,https://www.star-k.org/resource/list/W56J90P5/all_liquor#item-S7VSL2CM,"STAR-K all_liquor listing, item block item-S7VSL2CM (imported row index 144)",2026-08-11,verified_against_current_official_source
STARK-item-UGTL147E,STAR-K,Scotch,Auchentoshan,12,Not Approved,,False,,no_evidence,False,False,False,True,,STAR-K lists this Scotch as Not Approved. Do not use it.,https://www.star-k.org/resource/list/W56J90P5/all_liquor#item-UGTL147E,"STAR-K all_liquor listing, item block item-UGTL147E (imported row index 145)",2026-08-11,verified_against_current_official_source
STARK-item-RN8Q33O3,STAR-K,Scotch,Auchentoshan,16 Year Old Bourbon Cask,Approved,,False,false,no_evidence,False,True,False,False,,STAR-K approves this Scotch without requiring a kosher symbol on the bottle.,https://www.star-k.org/resource/list/W56J90P5/all_liquor#item-RN8Q33O3,"STAR-K all_liquor listing, item block item-RN8Q33O3 (imported row index 146)",2026-08-11,verified_against_current_official_source
STARK-item-1BXHSWG3,STAR-K,Scotch,Auchentoshan,18 (when bearing KLBD),Approved,KLBD,True,true,no_evidence,True,False,True,False,,STAR-K approves this Scotch ONLY if the bottle actually bears the KLBD symbol. Without that symbol on the bottle it is not approved.,https://www.star-k.org/resource/list/W56J90P5/all_liquor#item-1BXHSWG3,"STAR-K all_liquor listing, item block item-1BXHSWG3 (imported row index 147)",2026-08-11,verified_against_current_official_source
STARK-item-VQRFF6Z7,STAR-K,Scotch,Auchentoshan,21,Not Approved,,False,,no_evidence,False,False,False,True,,STAR-K lists this Scotch as Not Approved. Do not use it.,https://www.star-k.org/resource/list/W56J90P5/all_liquor#item-VQRFF6Z7,"STAR-K all_liquor listing, item block item-VQRFF6Z7 (imported row index 148)",2026-08-11,verified_against_current_official_source
STARK-item-25GIJE53,STAR-K,Scotch,Auchentoshan,1957,Not Approved,,False,,no_evidence,False,False,False,True,,STAR-K lists this Scotch as Not Approved. Do not use it.,https://www.star-k.org/resource/list/W56J90P5/all_liquor#item-25GIJE53,"STAR-K all_liquor listing, item block item-25GIJE53 (imported row index 149)",2026-08-11,verified_against_current_official_source
STARK-item-1UIO4CAA,STAR-K,Scotch,Auchentoshan,1977,Not Approved,,False,,no_evidence,False,False,False,True,,STAR-K lists this Scotch as Not Approved. Do not use it.,https://www.star-k.org/resource/list/W56J90P5/all_liquor#item-1UIO4CAA,"STAR-K all_liquor listing, item block item-1UIO4CAA (imported row index 150)",2026-08-11,verified_against_current_official_source
STARK-item-RWXY71IU,STAR-K,Scotch,Auchentoshan,1978 (when bearing KLBD),Approved,KLBD,True,true,no_evidence,True,False,True,False,,STAR-K approves this Scotch ONLY if the bottle actually bears the KLBD symbol. Without that symbol on the bottle it is not approved.,https://www.star-k.org/resource/list/W56J90P5/all_liquor#item-RWXY71IU,"STAR-K all_liquor listing, item block item-RWXY71IU (imported row index 151)",2026-08-11,verified_against_current_official_source
STARK-item-W1O9U8TY,STAR-K,Scotch,Auchentoshan,1979,Not Approved,,False,,no_evidence,False,False,False,True,,STAR-K lists this Scotch as Not Approved. Do not use it.,https://www.star-k.org/resource/list/W56J90P5/all_liquor#item-W1O9U8TY,"STAR-K all_liquor listing, item block item-W1O9U8TY (imported row index 152)",2026-08-11,verified_against_current_official_source
STARK-item-ZKKVOBHI,STAR-K,Scotch,Auchentoshan,1988,Not Approved,,False,,no_evidence,False,False,False,True,,STAR-K lists this Scotch as Not Approved. Do not use it.,https://www.star-k.org/resource/list/W56J90P5/all_liquor#item-ZKKVOBHI,"STAR-K all_liquor listing, item block item-ZKKVOBHI (imported row index 153)",2026-08-11,verified_against_current_official_source
STARK-item-XAM200NQ,STAR-K,Scotch,Auchentoshan,1998,Not Approved,,False,,no_evidence,False,False,False,True,,STAR-K lists this Scotch as Not Approved. Do not use it.,https://www.star-k.org/resource/list/W56J90P5/all_liquor#item-XAM200NQ,"STAR-K all_liquor listing, item block item-XAM200NQ (imported row index 154)",2026-08-11,verified_against_current_official_source
STARK-item-XC3PRNTY,STAR-K,Scotch,Auchentoshan,American Oak,Approved,,False,false,no_evidence,False,True,False,False,,STAR-K approves this Scotch without requiring a kosher symbol on the bottle.,https://www.star-k.org/resource/list/W56J90P5/all_liquor#item-XC3PRNTY,"STAR-K all_liquor listing, item block item-XC3PRNTY (imported row index 155)",2026-08-11,verified_against_current_official_source
STARK-item-3LUA8XAU,STAR-K,Scotch,Auchentoshan,Classic (when bearing KLBD),Approved,KLBD,True,true,no_evidence,True,False,True,False,,STAR-K approves this Scotch ONLY if the bottle actually bears the KLBD symbol. Without that symbol on the bottle it is not approved.,https://www.star-k.org/resource/list/W56J90P5/all_liquor#item-3LUA8XAU,"STAR-K all_liquor listing, item block item-3LUA8XAU (imported row index 156)",2026-08-11,verified_against_current_official_source
STARK-item-3DDBYGYU,STAR-K,Scotch,Auchentoshan,Cooper's Reserve,Not Approved,,False,,no_evidence,False,False,False,True,,STAR-K lists this Scotch as Not Approved. Do not use it.,https://www.star-k.org/resource/list/W56J90P5/all_liquor#item-3DDBYGYU,"STAR-K all_liquor listing, item block item-3DDBYGYU (imported row index 157)",2026-08-11,verified_against_current_official_source
STARK-item-R2ICXPWM,STAR-K,Scotch,Auchentoshan,Heartwood,Not Approved,,False,,no_evidence,False,False,False,True,,STAR-K lists this Scotch as Not Approved. Do not use it.,https://www.star-k.org/resource/list/W56J90P5/all_liquor#item-R2ICXPWM,"STAR-K all_liquor listing, item block item-R2ICXPWM (imported row index 158)",2026-08-11,verified_against_current_official_source
STARK-item-X5N3E6GM,STAR-K,Scotch,Auchentoshan,Select (when bearing KLBD),Approved,KLBD,True,true,no_evidence,True,False,True,False,,STAR-K approves this Scotch ONLY if the bottle actually bears the KLBD symbol. Without that symbol on the bottle it is not approved.,https://www.star-k.org/resource/list/W56J90P5/all_liquor#item-X5N3E6GM,"STAR-K all_liquor listing, item block item-X5N3E6GM (imported row index 159)",2026-08-11,verified_against_current_official_source
STARK-item-SBG6CRQE,STAR-K,Scotch,Auchentoshan,Silveroak,Not Approved,,False,,no_evidence,False,False,False,True,,STAR-K lists this Scotch as Not Approved. Do not use it.,https://www.star-k.org/resource/list/W56J90P5/all_liquor#item-SBG6CRQE,"STAR-K all_liquor listing, item block item-SBG6CRQE (imported row index 160)",2026-08-11,verified_against_current_official_source
STARK-item-ULEZRTJ7,STAR-K,Scotch,Auchentoshan,Solera,Not Approved,,False,,no_evidence,False,False,False,True,,STAR-K lists this Scotch as Not Approved. Do not use it.,https://www.star-k.org/resource/list/W56J90P5/all_liquor#item-ULEZRTJ7,"STAR-K all_liquor listing, item block item-ULEZRTJ7 (imported row index 161)",2026-08-11,verified_against_current_official_source
STARK-item-30SX8RK3,STAR-K,Scotch,Auchentoshan,Spring Wood (when bearing KLBD),Approved,KLBD,True,true,no_evidence,True,False,True,False,,STAR-K approves this Scotch ONLY if the bottle actually bears the KLBD symbol. Without that symbol on the bottle it is not approved.,https://www.star-k.org/resource/list/W56J90P5/all_liquor#item-30SX8RK3,"STAR-K all_liquor listing, item block item-30SX8RK3 (imported row index 162)",2026-08-11,verified_against_current_official_source
STARK-item-ZM1I7PNQ,STAR-K,Scotch,Auchentoshan,Tempest 10 years Batch 2-5,Approved,,False,false,no_evidence,False,True,False,False,,STAR-K approves this Scotch without requiring a kosher symbol on the bottle.,https://www.star-k.org/resource/list/W56J90P5/all_liquor#item-ZM1I7PNQ,"STAR-K all_liquor listing, item block item-ZM1I7PNQ (imported row index 163)",2026-08-11,verified_against_current_official_source
STARK-item-4VS5MZ5M,STAR-K,Scotch,Auchentoshan,Valinch 2011 Release,Approved,,False,false,no_evidence,False,True,False,False,,STAR-K approves this Scotch without requiring a kosher symbol on the bottle.,https://www.star-k.org/resource/list/W56J90P5/all_liquor#item-4VS5MZ5M,"STAR-K all_liquor listing, item block item-4VS5MZ5M (imported row index 164)",2026-08-11,verified_against_current_official_source
STARK-item-ZELVT7AE,STAR-K,Scotch,Auchentoshan,Valinch 2012 Release,Approved,,False,false,no_evidence,False,True,False,False,,STAR-K approves this Scotch without requiring a kosher symbol on the bottle.,https://www.star-k.org/resource/list/W56J90P5/all_liquor#item-ZELVT7AE,"STAR-K all_liquor listing, item block item-ZELVT7AE (imported row index 165)",2026-08-11,verified_against_current_official_source
STARK-item-Q0GVKN7E,STAR-K,Scotch,Auchentoshan,Virgin Oak (when bearing KLBD),Approved,KLBD,True,true,no_evidence,True,False,True,False,,STAR-K approves this Scotch ONLY if the bottle actually bears the KLBD symbol. Without that symbol on the bottle it is not approved.,https://www.star-k.org/resource/list/W56J90P5/all_liquor#item-Q0GVKN7E,"STAR-K all_liquor listing, item block item-Q0GVKN7E (imported row index 166)",2026-08-11,verified_against_current_official_source
STARK-item-1WXCLRHI,STAR-K,Scotch,"Auchroisk (""Ar-Thrusk"")",10 YO Flora & Fauna,Approved,,False,false,no_evidence,False,True,False,False,,STAR-K approves this Scotch without requiring a kosher symbol on the bottle.,https://www.star-k.org/resource/list/W56J90P5/all_liquor#item-1WXCLRHI,"STAR-K all_liquor listing, item block item-1WXCLRHI (imported row index 167)",2026-08-11,verified_against_current_official_source
STARK-item-27V61SAA,STAR-K,Scotch,Aultmore,12 Year Old,Approved,,False,false,no_evidence,False,True,False,False,,STAR-K approves this Scotch without requiring a kosher symbol on the bottle.,https://www.star-k.org/resource/list/W56J90P5/all_liquor#item-27V61SAA,"STAR-K all_liquor listing, item block item-27V61SAA (imported row index 168)",2026-08-11,verified_against_current_official_source
STARK-item-4GTZFU53,STAR-K,Scotch,Aultmore,18 Year Old (from 2016),Approved,,False,false,no_evidence,False,True,False,False,,STAR-K approves this Scotch without requiring a kosher symbol on the bottle.,https://www.star-k.org/resource/list/W56J90P5/all_liquor#item-4GTZFU53,"STAR-K all_liquor listing, item block item-4GTZFU53 (imported row index 169)",2026-08-11,verified_against_current_official_source
STARK-item-R4Y1E43U,STAR-K,Scotch,Aultmore,21 Year Old (from 2016),Approved,,False,false,no_evidence,False,True,False,False,,STAR-K approves this Scotch without requiring a kosher symbol on the bottle.,https://www.star-k.org/resource/list/W56J90P5/all_liquor#item-R4Y1E43U,"STAR-K all_liquor listing, item block item-R4Y1E43U (imported row index 170)",2026-08-11,verified_against_current_official_source
STARK-item-12JPCGUA,STAR-K,Scotch,Balblair,12 Year Old Single Peaty Cask,Approved,,False,false,no_evidence,False,True,False,False,,STAR-K approves this Scotch without requiring a kosher symbol on the bottle.,https://www.star-k.org/resource/list/W56J90P5/all_liquor#item-12JPCGUA,"STAR-K all_liquor listing, item block item-12JPCGUA (imported row index 184)",2026-08-11,verified_against_current_official_source
STARK-item-4LEC7KIU,STAR-K,Scotch,Balblair,"26 Year Old 1979, Bot. 2005",Approved,,False,false,no_evidence,False,True,False,False,,STAR-K approves this Scotch without requiring a kosher symbol on the bottle.,https://www.star-k.org/resource/list/W56J90P5/all_liquor#item-4LEC7KIU,"STAR-K all_liquor listing, item block item-4LEC7KIU (imported row index 185)",2026-08-11,verified_against_current_official_source
STARK-item-VXSGN0J7,STAR-K,Scotch,Balblair,200 Bot. 2nd Ed. Travel Retail,Approved,,False,false,no_evidence,False,True,False,False,,STAR-K approves this Scotch without requiring a kosher symbol on the bottle.,https://www.star-k.org/resource/list/W56J90P5/all_liquor#item-VXSGN0J7,"STAR-K all_liquor listing, item block item-VXSGN0J7 (imported row index 186)",2026-08-11,verified_against_current_official_source
STARK-item-S6H7HNIA,STAR-K,Scotch,Balblair,1983 (First Release),Approved,,False,false,no_evidence,False,True,False,False,,STAR-K approves this Scotch without requiring a kosher symbol on the bottle.,https://www.star-k.org/resource/list/W56J90P5/all_liquor#item-S6H7HNIA,"STAR-K all_liquor listing, item block item-S6H7HNIA (imported row index 187)",2026-08-11,verified_against_current_official_source
STARK-item-UFFZWOC3,STAR-K,Scotch,Balblair,1989 (Third Release),Approved,,False,false,no_evidence,False,True,False,False,,STAR-K approves this Scotch without requiring a kosher symbol on the bottle.,https://www.star-k.org/resource/list/W56J90P5/all_liquor#item-UFFZWOC3,"STAR-K all_liquor listing, item block item-UFFZWOC3 (imported row index 188)",2026-08-11,verified_against_current_official_source
STARK-item-X90F6UUE,STAR-K,Scotch,Balblair,"1990 ""Islay Cask""",Approved,,False,false,no_evidence,False,True,False,False,,STAR-K approves this Scotch without requiring a kosher symbol on the bottle.,https://www.star-k.org/resource/list/W56J90P5/all_liquor#item-X90F6UUE,"STAR-K all_liquor listing, item block item-X90F6UUE (imported row index 189)",2026-08-11,verified_against_current_official_source
STARK-item-UNUM98QE,STAR-K,Scotch,Balblair,1990 Bot. 2008 Exclusive Travel Retail,Approved,,False,false,no_evidence,False,True,False,False,,STAR-K approves this Scotch without requiring a kosher symbol on the bottle.,https://www.star-k.org/resource/list/W56J90P5/all_liquor#item-UNUM98QE,"STAR-K all_liquor listing, item block item-UNUM98QE (imported row index 190)",2026-08-11,verified_against_current_official_source
STARK-item-VODSBQ7U,STAR-K,Scotch,Balblair,1991,Approved,,False,false,no_evidence,False,True,False,False,,STAR-K approves this Scotch without requiring a kosher symbol on the bottle.,https://www.star-k.org/resource/list/W56J90P5/all_liquor#item-VODSBQ7U,"STAR-K all_liquor listing, item block item-VODSBQ7U (imported row index 191)",2026-08-11,verified_against_current_official_source
STARK-item-WYBMQS1M,STAR-K,Scotch,Balblair,1997 (2nd Release),Approved,,False,false,no_evidence,False,True,False,False,,STAR-K approves this Scotch without requiring a kosher symbol on the bottle.,https://www.star-k.org/resource/list/W56J90P5/all_liquor#item-WYBMQS1M,"STAR-K all_liquor listing, item block item-WYBMQS1M (imported row index 192)",2026-08-11,verified_against_current_official_source
STARK-item-SDWTT6WM,STAR-K,Scotch,Balblair,1997 1st Edition,Approved,,False,false,no_evidence,False,True,False,False,,STAR-K approves this Scotch without requiring a kosher symbol on the bottle.,https://www.star-k.org/resource/list/W56J90P5/all_liquor#item-SDWTT6WM,"STAR-K all_liquor listing, item block item-SDWTT6WM (imported row index 193)",2026-08-11,verified_against_current_official_source
STARK-item-1OJO9947,STAR-K,Scotch,Balblair,2000,Approved,,False,false,no_evidence,False,True,False,False,,STAR-K approves this Scotch without requiring a kosher symbol on the bottle.,https://www.star-k.org/resource/list/W56J90P5/all_liquor#item-1OJO9947,"STAR-K all_liquor listing, item block item-1OJO9947 (imported row index 194)",2026-08-11,verified_against_current_official_source
STARK-item-2YHINAXY,STAR-K,Scotch,Balblair,2001,Approved,,False,false,no_evidence,False,True,False,False,,STAR-K approves this Scotch without requiring a kosher symbol on the bottle.,https://www.star-k.org/resource/list/W56J90P5/all_liquor#item-2YHINAXY,"STAR-K all_liquor listing, item block item-2YHINAXY (imported row index 195)",2026-08-11,verified_against_current_official_source
STARK-item-39EB3CRQ,STAR-K,Scotch,Balblair,2002,Approved,,False,false,no_evidence,False,True,False,False,,STAR-K approves this Scotch without requiring a kosher symbol on the bottle.,https://www.star-k.org/resource/list/W56J90P5/all_liquor#item-39EB3CRQ,"STAR-K all_liquor listing, item block item-39EB3CRQ (imported row index 196)",2026-08-11,verified_against_current_official_source
STARK-item-RVJC3LPI,STAR-K,Scotch,Balblair,2003,Approved,,False,false,no_evidence,False,True,False,False,,STAR-K approves this Scotch without requiring a kosher symbol on the bottle.,https://www.star-k.org/resource/list/W56J90P5/all_liquor#item-RVJC3LPI,"STAR-K all_liquor listing, item block item-RVJC3LPI (imported row index 197)",2026-08-11,verified_against_current_official_source
STARK-item-WYJILWME,STAR-K,Scotch,Balblair,2004 Bourbon 1st Ed (10 YO) Travel Retail,Approved,,False,false,no_evidence,False,True,False,False,,STAR-K approves this Scotch without requiring a kosher symbol on the bottle.,https://www.star-k.org/resource/list/W56J90P5/all_liquor#item-WYJILWME,"STAR-K all_liquor listing, item block item-WYJILWME (imported row index 198)",2026-08-11,verified_against_current_official_source
STARK-item-X9GB1YF7,STAR-K,Scotch,Balblair,2005 Bottled 2015 10 YO,Approved,,False,false,no_evidence,False,True,False,False,,STAR-K approves this Scotch without requiring a kosher symbol on the bottle.,https://www.star-k.org/resource/list/W56J90P5/all_liquor#item-X9GB1YF7,"STAR-K all_liquor listing, item block item-X9GB1YF7 (imported row index 199)",2026-08-11,verified_against_current_official_source
STARK-item-ZIE6FZ0Y,STAR-K,Scotch,Balblair,2005 Bottled 2016 11 YO,Approved,,False,false,no_evidence,False,True,False,False,,STAR-K approves this Scotch without requiring a kosher symbol on the bottle.,https://www.star-k.org/resource/list/W56J90P5/all_liquor#item-ZIE6FZ0Y,"STAR-K all_liquor listing, item block item-ZIE6FZ0Y (imported row index 200)",2026-08-11,verified_against_current_official_source
STARK-item-1RCYU24Q,STAR-K,Scotch,Balblair,2006 Bottled 2018 Single Cask #697,Approved,,False,false,no_evidence,False,True,False,False,,STAR-K approves this Scotch without requiring a kosher symbol on the bottle.,https://www.star-k.org/resource/list/W56J90P5/all_liquor#item-1RCYU24Q,"STAR-K all_liquor listing, item block item-1RCYU24Q (imported row index 201)",2026-08-11,verified_against_current_official_source
STARK-item-2BHJRIO3,STAR-K,Scotch,Balblair,2006 Exclusive Hand Bottling Cask #448,Approved,,False,false,no_evidence,False,True,False,False,,STAR-K approves this Scotch without requiring a kosher symbol on the bottle.,https://www.star-k.org/resource/list/W56J90P5/all_liquor#item-2BHJRIO3,"STAR-K all_liquor listing, item block item-2BHJRIO3 (imported row index 202)",2026-08-11,verified_against_current_official_source
STARK-item-ZI70KWN7,STAR-K,Scotch,Ballechin (Edradour),Bourbon Cask Matured,Approved,,False,false,no_evidence,False,True,False,False,,STAR-K approves this Scotch without requiring a kosher symbol on the bottle.,https://www.star-k.org/resource/list/W56J90P5/all_liquor#item-ZI70KWN7,"STAR-K all_liquor listing, item block item-ZI70KWN7 (imported row index 209)",2026-08-11,verified_against_current_official_source
STARK-item-U30BTTNQ,STAR-K,Scotch,Balvenie,14 Caribbean Cask,Approved,,False,false,no_evidence,False,True,False,False,,STAR-K approves this Scotch without requiring a kosher symbol on the bottle.,https://www.star-k.org/resource/list/W56J90P5/all_liquor#item-U30BTTNQ,"STAR-K all_liquor listing, item block item-U30BTTNQ (imported row index 210)",2026-08-11,verified_against_current_official_source
STARK-item-R9JD6TGM,STAR-K,Scotch,Balvenie,14 Year Old Distillery Bottling Cask #5997,Approved,,False,false,no_evidence,False,True,False,False,,STAR-K approves this Scotch without requiring a kosher symbol on the bottle.,https://www.star-k.org/resource/list/W56J90P5/all_liquor#item-R9JD6TGM,"STAR-K all_liquor listing, item block item-R9JD6TGM (imported row index 211)",2026-08-11,verified_against_current_official_source
STARK-item-SX6KH5IU,STAR-K,Scotch,Balvenie,15 Single Barrel,Approved,,False,false,no_evidence,False,True,False,False,,STAR-K approves this Scotch without requiring a kosher symbol on the bottle.,https://www.star-k.org/resource/list/W56J90P5/all_liquor#item-SX6KH5IU,"STAR-K all_liquor listing, item block item-SX6KH5IU (imported row index 212)",2026-08-11,verified_against_current_official_source
STARK-item-TSCIERTY,STAR-K,Scotch,Balvenie,17 Peated Cask,Approved,,False,false,no_evidence,False,True,False,False,,STAR-K approves this Scotch without requiring a kosher symbol on the bottle.,https://www.star-k.org/resource/list/W56J90P5/all_liquor#item-TSCIERTY,"STAR-K all_liquor listing, item block item-TSCIERTY (imported row index 213)",2026-08-11,verified_against_current_official_source
STARK-item-YE9F1Y2I,STAR-K,Scotch,Balvenie,30,Not Approved,,False,,no_evidence,False,False,False,True,,STAR-K lists this Scotch as Not Approved. Do not use it.,https://www.star-k.org/resource/list/W56J90P5/all_liquor#item-YE9F1Y2I,"STAR-K all_liquor listing, item block item-YE9F1Y2I (imported row index 214)",2026-08-11,verified_against_current_official_source
STARK-item-ZO60F1UA,STAR-K,Scotch,Balvenie,40,Not Approved,,False,,no_evidence,False,False,False,True,,STAR-K lists this Scotch as Not Approved. Do not use it.,https://www.star-k.org/resource/list/W56J90P5/all_liquor#item-ZO60F1UA,"STAR-K all_liquor listing, item block item-ZO60F1UA (imported row index 215)",2026-08-11,verified_against_current_official_source
STARK-item-1Y43U3O3,STAR-K,Scotch,Balvenie,50,Not Approved,,False,,no_evidence,False,False,False,True,,STAR-K lists this Scotch as Not Approved. Do not use it.,https://www.star-k.org/resource/list/W56J90P5/all_liquor#item-1Y43U3O3,"STAR-K all_liquor listing, item block item-1Y43U3O3 (imported row index 216)",2026-08-11,verified_against_current_official_source
STARK-item-USF1ZW47,STAR-K,Scotch,Balvenie,1990 Aged 26 Years #7359 (Part of Chapter 2),Approved,,False,false,no_evidence,False,True,False,False,,STAR-K approves this Scotch without requiring a kosher symbol on the bottle.,https://www.star-k.org/resource/list/W56J90P5/all_liquor#item-USF1ZW47,"STAR-K all_liquor listing, item block item-USF1ZW47 (imported row index 217)",2026-08-11,verified_against_current_official_source
STARK-item-4IZPO6CM,STAR-K,Scotch,Balvenie,Double Wood 12,Not Approved,,False,,no_evidence,False,False,False,True,,STAR-K lists this Scotch as Not Approved. Do not use it.,https://www.star-k.org/resource/list/W56J90P5/all_liquor#item-4IZPO6CM,"STAR-K all_liquor listing, item block item-4IZPO6CM (imported row index 218)",2026-08-11,verified_against_current_official_source
STARK-item-R65QOEAE,STAR-K,Scotch,Balvenie,Double Wood 17,Not Approved,,False,,no_evidence,False,False,False,True,,STAR-K lists this Scotch as Not Approved. Do not use it.,https://www.star-k.org/resource/list/W56J90P5/all_liquor#item-R65QOEAE,"STAR-K all_liquor listing, item block item-R65QOEAE (imported row index 219)",2026-08-11,verified_against_current_official_source
STARK-item-TIH8KUAE,STAR-K,Scotch,Balvenie,Peat Week 14 (2002 Vintage),Approved,,False,false,no_evidence,False,True,False,False,,STAR-K approves this Scotch without requiring a kosher symbol on the bottle.,https://www.star-k.org/resource/list/W56J90P5/all_liquor#item-TIH8KUAE,"STAR-K all_liquor listing, item block item-TIH8KUAE (imported row index 220)",2026-08-11,verified_against_current_official_source
STARK-item-TF3J4G47,STAR-K,Scotch,Balvenie,Port Wood 21,Not Approved,,False,,no_evidence,False,False,False,True,,STAR-K lists this Scotch as Not Approved. Do not use it.,https://www.star-k.org/resource/list/W56J90P5/all_liquor#item-TF3J4G47,"STAR-K all_liquor listing, item block item-TF3J4G47 (imported row index 221)",2026-08-11,verified_against_current_official_source
STARK-item-SJEOZPZ7,STAR-K,Scotch,Balvenie,Single Barrel 12,Approved,,False,false,no_evidence,False,True,False,False,,STAR-K approves this Scotch without requiring a kosher symbol on the bottle.,https://www.star-k.org/resource/list/W56J90P5/all_liquor#item-SJEOZPZ7,"STAR-K all_liquor listing, item block item-SJEOZPZ7 (imported row index 222)",2026-08-11,verified_against_current_official_source
STARK-item-W5AMLW8Q,STAR-K,Scotch,Balvenie,Single Barrel 15 (only in non-sherry casks),Approved,,False,false,no_evidence,False,True,False,False,(only in non-sherry casks),STAR-K approves this Scotch without requiring a kosher symbol on the bottle. Condition recorded by STAR-K: (only in non-sherry casks),https://www.star-k.org/resource/list/W56J90P5/all_liquor#item-W5AMLW8Q,"STAR-K all_liquor listing, item block item-W5AMLW8Q (imported row index 223)",2026-08-11,verified_against_current_official_source
STARK-item-VUCS7UDY,STAR-K,Scotch,Balvenie,Single Barrel Traditional Oak 25 Year,Approved,,False,false,no_evidence,False,True,False,False,,STAR-K approves this Scotch without requiring a kosher symbol on the bottle.,https://www.star-k.org/resource/list/W56J90P5/all_liquor#item-VUCS7UDY,"STAR-K all_liquor listing, item block item-VUCS7UDY (imported row index 224)",2026-08-11,verified_against_current_official_source
STARK-item-292V05IU,STAR-K,Scotch,Balvenie,Tun 1401,Not Approved,,False,,no_evidence,False,False,False,True,,STAR-K lists this Scotch as Not Approved. Do not use it.,https://www.star-k.org/resource/list/W56J90P5/all_liquor#item-292V05IU,"STAR-K all_liquor listing, item block item-292V05IU (imported row index 225)",2026-08-11,verified_against_current_official_source
STARK-item-22T9WMZQ,STAR-K,Scotch,Balviene Carribean Cask,14 yr,Approved,,False,false,no_evidence,False,True,False,False,,STAR-K approves this Scotch without requiring a kosher symbol on the bottle.,https://www.star-k.org/resource/list/W56J90P5/all_liquor#item-22T9WMZQ,"STAR-K all_liquor listing, item block item-22T9WMZQ (imported row index 226)",2026-08-11,verified_against_current_official_source
STARK-item-YL0G93LI,STAR-K,Scotch,BenRiach,15 Year Old Dark Rum,Approved,,False,false,no_evidence,False,True,False,False,,STAR-K approves this Scotch without requiring a kosher symbol on the bottle.,https://www.star-k.org/resource/list/W56J90P5/all_liquor#item-YL0G93LI,"STAR-K all_liquor listing, item block item-YL0G93LI (imported row index 269)",2026-08-11,verified_against_current_official_source
STARK-item-VTY73GKM,STAR-K,Scotch,BenRiach,20 Year Old,Approved,,False,false,no_evidence,False,True,False,False,,STAR-K approves this Scotch without requiring a kosher symbol on the bottle.,https://www.star-k.org/resource/list/W56J90P5/all_liquor#item-VTY73GKM,"STAR-K all_liquor listing, item block item-VTY73GKM (imported row index 270)",2026-08-11,verified_against_current_official_source
STARK-item-ZV7AN5EA,STAR-K,Scotch,BenRiach,22 Year Old Dark Rum,Approved,,False,false,no_evidence,False,True,False,False,,STAR-K approves this Scotch without requiring a kosher symbol on the bottle.,https://www.star-k.org/resource/list/W56J90P5/all_liquor#item-ZV7AN5EA,"STAR-K all_liquor listing, item block item-ZV7AN5EA (imported row index 271)",2026-08-11,verified_against_current_official_source
STARK-item-4P1QW0WM,STAR-K,Scotch,BenRiach,1976 Peated 38 YO Bourbon Barrel #541,Approved,,False,false,no_evidence,False,True,False,False,,STAR-K approves this Scotch without requiring a kosher symbol on the bottle.,https://www.star-k.org/resource/list/W56J90P5/all_liquor#item-4P1QW0WM,"STAR-K all_liquor listing, item block item-4P1QW0WM (imported row index 272)",2026-08-11,verified_against_current_official_source
STARK-item-RC6RWIUE,STAR-K,Scotch,BenRiach,1979 Peated 35 YO Bourbon Barrel #517,Approved,,False,false,no_evidence,False,True,False,False,,STAR-K approves this Scotch without requiring a kosher symbol on the bottle.,https://www.star-k.org/resource/list/W56J90P5/all_liquor#item-RC6RWIUE,"STAR-K all_liquor listing, item block item-RC6RWIUE (imported row index 273)",2026-08-11,verified_against_current_official_source
STARK-item-TM4KBKN7,STAR-K,Scotch,BenRiach,1983 30 Year Old Single Cask #296 Batch 10,Approved,,False,false,no_evidence,False,True,False,False,,STAR-K approves this Scotch without requiring a kosher symbol on the bottle.,https://www.star-k.org/resource/list/W56J90P5/all_liquor#item-TM4KBKN7,"STAR-K all_liquor listing, item block item-TM4KBKN7 (imported row index 274)",2026-08-11,verified_against_current_official_source
STARK-item-UW2EQMHY,STAR-K,Scotch,BenRiach,1985 Peated 29 YO Bourbon Barrel #10318,Approved,,False,false,no_evidence,False,True,False,False,,STAR-K approves this Scotch without requiring a kosher symbol on the bottle.,https://www.star-k.org/resource/list/W56J90P5/all_liquor#item-UW2EQMHY,"STAR-K all_liquor listing, item block item-UW2EQMHY (imported row index 275)",2026-08-11,verified_against_current_official_source
STARK-item-V7Y86NBQ,STAR-K,Scotch,BenRiach,1990 25 Year Bourbon Barrel Cask #4936,Approved,,False,false,no_evidence,False,True,False,False,,STAR-K approves this Scotch without requiring a kosher symbol on the bottle.,https://www.star-k.org/resource/list/W56J90P5/all_liquor#item-V7Y86NBQ,"STAR-K all_liquor listing, item block item-V7Y86NBQ (imported row index 276)",2026-08-11,verified_against_current_official_source
STARK-item-XGW2KP6I,STAR-K,Scotch,BenRiach,1994 19 YO Peated Cask #286,Approved,,False,false,no_evidence,False,True,False,False,,STAR-K approves this Scotch without requiring a kosher symbol on the bottle.,https://www.star-k.org/resource/list/W56J90P5/all_liquor#item-XGW2KP6I,"STAR-K all_liquor listing, item block item-XGW2KP6I (imported row index 277)",2026-08-11,verified_against_current_official_source
STARK-item-YQUUZRYA,STAR-K,Scotch,BenRiach,1995 20 YO Bourbon Barrel Cask #74743,Approved,,False,false,no_evidence,False,True,False,False,,STAR-K approves this Scotch without requiring a kosher symbol on the bottle.,https://www.star-k.org/resource/list/W56J90P5/all_liquor#item-YQUUZRYA,"STAR-K all_liquor listing, item block item-YQUUZRYA (imported row index 278)",2026-08-11,verified_against_current_official_source
STARK-item-XDUTWJ87,STAR-K,Scotch,BenRiach,1995 Cask #182044,Approved,,False,false,no_evidence,False,True,False,False,,STAR-K approves this Scotch without requiring a kosher symbol on the bottle.,https://www.star-k.org/resource/list/W56J90P5/all_liquor#item-XDUTWJ87,"STAR-K all_liquor listing, item block item-XDUTWJ87 (imported row index 279)",2026-08-11,verified_against_current_official_source
STARK-item-Z1SOETS3,STAR-K,Scotch,BenRiach,1997 18 YO Bourbon Barrel Cask #85089,Approved,,False,false,no_evidence,False,True,False,False,,STAR-K approves this Scotch without requiring a kosher symbol on the bottle.,https://www.star-k.org/resource/list/W56J90P5/all_liquor#item-Z1SOETS3,"STAR-K all_liquor listing, item block item-Z1SOETS3 (imported row index 280)",2026-08-11,verified_against_current_official_source
STARK-item-W8P03ADY,STAR-K,Scotch,BenRiach,1997 19 YO Bourbon Barrel Cask #96962,Approved,,False,false,no_evidence,False,True,False,False,,STAR-K approves this Scotch without requiring a kosher symbol on the bottle.,https://www.star-k.org/resource/list/W56J90P5/all_liquor#item-W8P03ADY,"STAR-K all_liquor listing, item block item-W8P03ADY (imported row index 281)",2026-08-11,verified_against_current_official_source
STARK-item-YHN4HC8Q,STAR-K,Scotch,BenRiach,"2000 14 YO Bourbon Barrel Cask #38131, #69116",Approved,,False,false,no_evidence,False,True,False,False,,STAR-K approves this Scotch without requiring a kosher symbol on the bottle.,https://www.star-k.org/resource/list/W56J90P5/all_liquor#item-YHN4HC8Q,"STAR-K all_liquor listing, item block item-YHN4HC8Q (imported row index 282)",2026-08-11,verified_against_current_official_source
STARK-item-ZRLWXE2I,STAR-K,Scotch,BenRiach,2005 9 Year Old Virgin Cask #3781,Approved,,False,false,no_evidence,False,True,False,False,,STAR-K approves this Scotch without requiring a kosher symbol on the bottle.,https://www.star-k.org/resource/list/W56J90P5/all_liquor#item-ZRLWXE2I,"STAR-K all_liquor listing, item block item-ZRLWXE2I (imported row index 283)",2026-08-11,verified_against_current_official_source
STARK-item-RZ6QSA3A,STAR-K,Scotch,BenRiach,Arumaticus 12 YO Dark Rum Finish,Approved,,False,false,no_evidence,False,True,False,False,,STAR-K approves this Scotch without requiring a kosher symbol on the bottle.,https://www.star-k.org/resource/list/W56J90P5/all_liquor#item-RZ6QSA3A,"STAR-K all_liquor listing, item block item-RZ6QSA3A (imported row index 284)",2026-08-11,verified_against_current_official_source
STARK-item-WBBNT1RQ,STAR-K,Scotch,BenRiach,Bernie Moss (Peated),Approved,,False,false,no_evidence,False,True,False,False,,STAR-K approves this Scotch without requiring a kosher symbol on the bottle.,https://www.star-k.org/resource/list/W56J90P5/all_liquor#item-WBBNT1RQ,"STAR-K all_liquor listing, item block item-WBBNT1RQ (imported row index 285)",2026-08-11,verified_against_current_official_source
STARK-item-16543693,STAR-K,Scotch,BenRiach,Cask Strength Batch 1,Approved,,False,false,no_evidence,False,True,False,False,,STAR-K approves this Scotch without requiring a kosher symbol on the bottle.,https://www.star-k.org/resource/list/W56J90P5/all_liquor#item-16543693,"STAR-K all_liquor listing, item block item-16543693 (imported row index 286)",2026-08-11,verified_against_current_official_source
STARK-item-233WEZBQ,STAR-K,Scotch,BenRiach,Curiositas 10 Years Old,Approved,,False,false,no_evidence,False,True,False,False,,STAR-K approves this Scotch without requiring a kosher symbol on the bottle.,https://www.star-k.org/resource/list/W56J90P5/all_liquor#item-233WEZBQ,"STAR-K all_liquor listing, item block item-233WEZBQ (imported row index 287)",2026-08-11,verified_against_current_official_source
STARK-item-S04J8CW3,STAR-K,Scotch,BenRiach,Dark Rum 15 Year Old,Approved,,False,false,no_evidence,False,True,False,False,,STAR-K approves this Scotch without requiring a kosher symbol on the bottle.,https://www.star-k.org/resource/list/W56J90P5/all_liquor#item-S04J8CW3,"STAR-K all_liquor listing, item block item-S04J8CW3 (imported row index 288)",2026-08-11,verified_against_current_official_source
STARK-item-3F3XH83U,STAR-K,Scotch,BenRiach,Dunder 18 Years Rum Limited Edition,Approved,,False,false,no_evidence,False,True,False,False,,STAR-K approves this Scotch without requiring a kosher symbol on the bottle.,https://www.star-k.org/resource/list/W56J90P5/all_liquor#item-3F3XH83U,"STAR-K all_liquor listing, item block item-3F3XH83U (imported row index 289)",2026-08-11,verified_against_current_official_source
STARK-item-1S53ZYHY,STAR-K,Scotch,BenRiach,Heart of Speyside,Approved,,False,false,no_evidence,False,True,False,False,,STAR-K approves this Scotch without requiring a kosher symbol on the bottle.,https://www.star-k.org/resource/list/W56J90P5/all_liquor#item-1S53ZYHY,"STAR-K all_liquor listing, item block item-1S53ZYHY (imported row index 290)",2026-08-11,verified_against_current_official_source
STARK-item-V2DUEYXY,STAR-K,Scotch,BenRiach,Peated Quarter Casks,Approved,,False,false,no_evidence,False,True,False,False,,STAR-K approves this Scotch without requiring a kosher symbol on the bottle.,https://www.star-k.org/resource/list/W56J90P5/all_liquor#item-V2DUEYXY,"STAR-K all_liquor listing, item block item-V2DUEYXY (imported row index 291)",2026-08-11,verified_against_current_official_source
STARK-item-UJ1DNEQU,STAR-K,Scotch,BenRiach,Septendecim 17 YO Peated,Approved,,False,false,no_evidence,False,True,False,False,,STAR-K approves this Scotch without requiring a kosher symbol on the bottle.,https://www.star-k.org/resource/list/W56J90P5/all_liquor#item-UJ1DNEQU,"STAR-K all_liquor listing, item block item-UJ1DNEQU (imported row index 292)",2026-08-11,verified_against_current_official_source
STARK-item-W4W1HIEE,STAR-K,Scotch,BenRiach,Virgin American Oak 19 YO 1994,Approved,,False,false,no_evidence,False,True,False,False,,STAR-K approves this Scotch without requiring a kosher symbol on the bottle.,https://www.star-k.org/resource/list/W56J90P5/all_liquor#item-W4W1HIEE,"STAR-K all_liquor listing, item block item-W4W1HIEE (imported row index 293)",2026-08-11,verified_against_current_official_source
STARK-item-3C1PT26I,STAR-K,Scotch,BenRiach,Virgin Oak 1999 13 YO,Approved,,False,false,no_evidence,False,True,False,False,,STAR-K approves this Scotch without requiring a kosher symbol on the bottle.,https://www.star-k.org/resource/list/W56J90P5/all_liquor#item-3C1PT26I,"STAR-K all_liquor listing, item block item-3C1PT26I (imported row index 294)",2026-08-11,verified_against_current_official_source
STARK-item-28N06PPI,STAR-K,Scotch,Benromach,25 Year Old,Approved,,False,false,no_evidence,False,True,False,False,,STAR-K approves this Scotch without requiring a kosher symbol on the bottle.,https://www.star-k.org/resource/list/W56J90P5/all_liquor#item-28N06PPI,"STAR-K all_liquor listing, item block item-28N06PPI (imported row index 296)",2026-08-11,verified_against_current_official_source
STARK-item-Q80VLMB7,STAR-K,Scotch,Benromach,1975 Single Cask #3434 Bottled 2016,Approved,,False,false,no_evidence,False,True,False,False,,STAR-K approves this Scotch without requiring a kosher symbol on the bottle.,https://www.star-k.org/resource/list/W56J90P5/all_liquor#item-Q80VLMB7,"STAR-K all_liquor listing, item block item-Q80VLMB7 (imported row index 297)",2026-08-11,verified_against_current_official_source
STARK-item-4UL5NYAE,STAR-K,Scotch,Benromach,2008 Cask #392 RMW Exclusive,Approved,,False,false,no_evidence,False,True,False,False,,STAR-K approves this Scotch without requiring a kosher symbol on the bottle.,https://www.star-k.org/resource/list/W56J90P5/all_liquor#item-4UL5NYAE,"STAR-K all_liquor listing, item block item-4UL5NYAE (imported row index 298)",2026-08-11,verified_against_current_official_source
STARK-item-1XQGQNVQ,STAR-K,Scotch,Benromach,Cask Strength 2002,Approved,,False,false,no_evidence,False,True,False,False,,STAR-K approves this Scotch without requiring a kosher symbol on the bottle.,https://www.star-k.org/resource/list/W56J90P5/all_liquor#item-1XQGQNVQ,"STAR-K all_liquor listing, item block item-1XQGQNVQ (imported row index 299)",2026-08-11,verified_against_current_official_source
STARK-item-XM6YNWAA,STAR-K,Scotch,Benromach,Organic,Approved,,False,false,no_evidence,False,True,False,False,,STAR-K approves this Scotch without requiring a kosher symbol on the bottle.,https://www.star-k.org/resource/list/W56J90P5/all_liquor#item-XM6YNWAA,"STAR-K all_liquor listing, item block item-XM6YNWAA (imported row index 300)",2026-08-11,verified_against_current_official_source
STARK-item-ZNSMBL2Y,STAR-K,Scotch,Benromach,Peat Smoke,Approved,,False,false,no_evidence,False,True,False,False,,STAR-K approves this Scotch without requiring a kosher symbol on the bottle.,https://www.star-k.org/resource/list/W56J90P5/all_liquor#item-ZNSMBL2Y,"STAR-K all_liquor listing, item block item-ZNSMBL2Y (imported row index 301)",2026-08-11,verified_against_current_official_source
STARK-item-SH8O1O6Y,STAR-K,Scotch,Bladnoch,8 Year Old (2001),Approved,,False,false,no_evidence,False,True,False,False,,STAR-K approves this Scotch without requiring a kosher symbol on the bottle.,https://www.star-k.org/resource/list/W56J90P5/all_liquor#item-SH8O1O6Y,"STAR-K all_liquor listing, item block item-SH8O1O6Y (imported row index 326)",2026-08-11,verified_against_current_official_source
STARK-item-TR6IFQZQ,STAR-K,Scotch,Bladnoch,9 Year Old (2002),Approved,,False,false,no_evidence,False,True,False,False,,STAR-K approves this Scotch without requiring a kosher symbol on the bottle.,https://www.star-k.org/resource/list/W56J90P5/all_liquor#item-TR6IFQZQ,"STAR-K all_liquor listing, item block item-TR6IFQZQ (imported row index 327)",2026-08-11,verified_against_current_official_source
STARK-item-U23BUSTI,STAR-K,Scotch,Bladnoch,10 Year Old (2018),Approved,,False,false,no_evidence,False,True,False,False,,STAR-K approves this Scotch without requiring a kosher symbol on the bottle.,https://www.star-k.org/resource/list/W56J90P5/all_liquor#item-U23BUSTI,"STAR-K all_liquor listing, item block item-U23BUSTI (imported row index 328)",2026-08-11,verified_against_current_official_source
STARK-item-VB150UMA,STAR-K,Scotch,Bladnoch,20 Year Old,Approved,,False,false,no_evidence,False,True,False,False,,STAR-K approves this Scotch without requiring a kosher symbol on the bottle.,https://www.star-k.org/resource/list/W56J90P5/all_liquor#item-VB150UMA,"STAR-K all_liquor listing, item block item-VB150UMA (imported row index 329)",2026-08-11,verified_against_current_official_source
STARK-item-XLYYOWG3,STAR-K,Scotch,Bladnoch,25 Year Old Talia New Oak Finish (2016),Approved,,False,false,no_evidence,False,True,False,False,,STAR-K approves this Scotch without requiring a kosher symbol on the bottle.,https://www.star-k.org/resource/list/W56J90P5/all_liquor#item-XLYYOWG3,"STAR-K all_liquor listing, item block item-XLYYOWG3 (imported row index 330)",2026-08-11,verified_against_current_official_source
STARK-item-YVWR4XAU,STAR-K,Scotch,Bladnoch,27 Year Old Talia Bourbon Cask Finish (2016),Approved,,False,false,no_evidence,False,True,False,False,,STAR-K approves this Scotch without requiring a kosher symbol on the bottle.,https://www.star-k.org/resource/list/W56J90P5/all_liquor#item-YVWR4XAU,"STAR-K all_liquor listing, item block item-YVWR4XAU (imported row index 331)",2026-08-11,verified_against_current_official_source
STARK-item-YW4R3Y53,STAR-K,Scotch,Bowmore,12,Approved,,False,false,no_evidence,False,True,False,False,,STAR-K approves this Scotch without requiring a kosher symbol on the bottle.,https://www.star-k.org/resource/list/W56J90P5/all_liquor#item-YW4R3Y53,"STAR-K all_liquor listing, item block item-YW4R3Y53 (imported row index 511)",2026-08-11,verified_against_current_official_source
STARK-item-UPZDIIXY,STAR-K,Scotch,Bowmore,15 Darkest,Not Approved,,False,,no_evidence,False,False,False,True,,STAR-K lists this Scotch as Not Approved. Do not use it.,https://www.star-k.org/resource/list/W56J90P5/all_liquor#item-UPZDIIXY,"STAR-K all_liquor listing, item block item-UPZDIIXY (imported row index 512)",2026-08-11,verified_against_current_official_source
STARK-item-SMS3REJQ,STAR-K,Scotch,Bowmore,16 Year Old Bourbon Cask (1989),Approved,,False,false,no_evidence,False,True,False,False,,STAR-K approves this Scotch without requiring a kosher symbol on the bottle.,https://www.star-k.org/resource/list/W56J90P5/all_liquor#item-SMS3REJQ,"STAR-K all_liquor listing, item block item-SMS3REJQ (imported row index 513)",2026-08-11,verified_against_current_official_source
STARK-item-Z72LH1YU,STAR-K,Scotch,Bowmore,18,Not Approved,,False,,no_evidence,False,False,False,True,,STAR-K lists this Scotch as Not Approved. Do not use it.,https://www.star-k.org/resource/list/W56J90P5/all_liquor#item-Z72LH1YU,"STAR-K all_liquor listing, item block item-Z72LH1YU (imported row index 514)",2026-08-11,verified_against_current_official_source
STARK-item-VZX7XKRQ,STAR-K,Scotch,Bowmore,25,Not Approved,,False,,no_evidence,False,False,False,True,,STAR-K lists this Scotch as Not Approved. Do not use it.,https://www.star-k.org/resource/list/W56J90P5/all_liquor#item-VZX7XKRQ,"STAR-K all_liquor listing, item block item-VZX7XKRQ (imported row index 515)",2026-08-11,verified_against_current_official_source
STARK-item-Z6ULIZ5M,STAR-K,Scotch,Bowmore,40 Year Old (1969),Approved,,False,false,no_evidence,False,True,False,False,,STAR-K approves this Scotch without requiring a kosher symbol on the bottle.,https://www.star-k.org/resource/list/W56J90P5/all_liquor#item-Z6ULIZ5M,"STAR-K all_liquor listing, item block item-Z6ULIZ5M (imported row index 516)",2026-08-11,verified_against_current_official_source
STARK-item-R5Q5J1G3,STAR-K,Scotch,Bowmore,Gold Reef,Approved,,False,false,no_evidence,False,True,False,False,,STAR-K approves this Scotch without requiring a kosher symbol on the bottle.,https://www.star-k.org/resource/list/W56J90P5/all_liquor#item-R5Q5J1G3,"STAR-K all_liquor listing, item block item-R5Q5J1G3 (imported row index 517)",2026-08-11,verified_against_current_official_source
STARK-item-2GZEW3SM,STAR-K,Scotch,Bowmore,Legend,Approved,,False,false,no_evidence,False,True,False,False,,STAR-K approves this Scotch without requiring a kosher symbol on the bottle.,https://www.star-k.org/resource/list/W56J90P5/all_liquor#item-2GZEW3SM,"STAR-K all_liquor listing, item block item-2GZEW3SM (imported row index 518)",2026-08-11,verified_against_current_official_source
STARK-item-2FSEX2YE,STAR-K,Scotch,Bowmore,Mashman's Selection 1999 14 Year Old,Approved,,False,false,no_evidence,False,True,False,False,,STAR-K approves this Scotch without requiring a kosher symbol on the bottle.,https://www.star-k.org/resource/list/W56J90P5/all_liquor#item-2FSEX2YE,"STAR-K all_liquor listing, item block item-2FSEX2YE (imported row index 519)",2026-08-11,verified_against_current_official_source
STARK-item-QCU9BCPY,STAR-K,Scotch,Bowmore,No 1 Malt First Fill Bourbon,Approved,,False,false,no_evidence,False,True,False,False,,STAR-K approves this Scotch without requiring a kosher symbol on the bottle.,https://www.star-k.org/resource/list/W56J90P5/all_liquor#item-QCU9BCPY,"STAR-K all_liquor listing, item block item-QCU9BCPY (imported row index 520)",2026-08-11,verified_against_current_official_source
STARK-item-3QW8B5ME,STAR-K,Scotch,Bowmore,Small Batch Reserve (when bearing KLBD),Approved,KLBD,True,true,no_evidence,True,False,True,False,,STAR-K approves this Scotch ONLY if the bottle actually bears the KLBD symbol. Without that symbol on the bottle it is not approved.,https://www.star-k.org/resource/list/W56J90P5/all_liquor#item-3QW8B5ME,"STAR-K all_liquor listing, item block item-3QW8B5ME (imported row index 521)",2026-08-11,verified_against_current_official_source
STARK-item-W0VZCMLI,STAR-K,Scotch,Bowmore,Tempest (when bearing KLBD),Approved,KLBD,True,true,no_evidence,True,False,True,False,,STAR-K approves this Scotch ONLY if the bottle actually bears the KLBD symbol. Without that symbol on the bottle it is not approved.,https://www.star-k.org/resource/list/W56J90P5/all_liquor#item-W0VZCMLI,"STAR-K all_liquor listing, item block item-W0VZCMLI (imported row index 522)",2026-08-11,verified_against_current_official_source
STARK-item-QD29ADJ7,STAR-K,Scotch,Bowmore,Tempest 10 Years,Approved,,False,false,no_evidence,False,True,False,False,,STAR-K approves this Scotch without requiring a kosher symbol on the bottle.,https://www.star-k.org/resource/list/W56J90P5/all_liquor#item-QD29ADJ7,"STAR-K all_liquor listing, item block item-QD29ADJ7 (imported row index 523)",2026-08-11,verified_against_current_official_source
STARK-item-4HL4KRIA,STAR-K,Scotch,Bowmore,Tempest 10 Years Batch 2-5,Approved,,False,false,no_evidence,False,True,False,False,,STAR-K approves this Scotch without requiring a kosher symbol on the bottle.,https://www.star-k.org/resource/list/W56J90P5/all_liquor#item-4HL4KRIA,"STAR-K all_liquor listing, item block item-4HL4KRIA (imported row index 524)",2026-08-11,verified_against_current_official_source
STARK-item-3PP8C4R7,STAR-K,Scotch,Bowmore,Vault Edition First Release Atlantic Sea Salt,Approved,,False,false,no_evidence,False,True,False,False,,STAR-K approves this Scotch without requiring a kosher symbol on the bottle.,https://www.star-k.org/resource/list/W56J90P5/all_liquor#item-3PP8C4R7,"STAR-K all_liquor listing, item block item-3PP8C4R7 (imported row index 525)",2026-08-11,verified_against_current_official_source
STARK-item-T83DW6CM,STAR-K,Scotch,Bowmore,White Sands 17 Year Old,Approved,,False,false,no_evidence,False,True,False,False,,STAR-K approves this Scotch without requiring a kosher symbol on the bottle.,https://www.star-k.org/resource/list/W56J90P5/all_liquor#item-T83DW6CM,"STAR-K all_liquor listing, item block item-T83DW6CM (imported row index 526)",2026-08-11,verified_against_current_official_source
STARK-item-TWQV7FDI,STAR-K,Scotch,Brora (Clynelish),34 YO 16th Ed. 1982 Bot. 2017,Approved,,False,false,no_evidence,False,True,False,False,,STAR-K approves this Scotch without requiring a kosher symbol on the bottle.,https://www.star-k.org/resource/list/W56J90P5/all_liquor#item-TWQV7FDI,"STAR-K all_liquor listing, item block item-TWQV7FDI (imported row index 548)",2026-08-11,verified_against_current_official_source
STARK-item-1E1C1EV7,STAR-K,Scotch,Bruichladdich,"9 YO ""11/09/01"" Renaissance",Approved,,False,false,no_evidence,False,True,False,False,,STAR-K approves this Scotch without requiring a kosher symbol on the bottle.,https://www.star-k.org/resource/list/W56J90P5/all_liquor#item-1E1C1EV7,"STAR-K all_liquor listing, item block item-1E1C1EV7 (imported row index 552)",2026-08-11,verified_against_current_official_source
STARK-item-3TBL4S6Y,STAR-K,Scotch,Bruichladdich,12 YO 2nd Edition (Old bottling),Approved,,False,false,no_evidence,False,True,False,False,,STAR-K approves this Scotch without requiring a kosher symbol on the bottle.,https://www.star-k.org/resource/list/W56J90P5/all_liquor#item-3TBL4S6Y,"STAR-K all_liquor listing, item block item-3TBL4S6Y (imported row index 553)",2026-08-11,verified_against_current_official_source
STARK-item-12BUGC0I,STAR-K,Scotch,Bruichladdich,"16 YO ""The Sixteen"" Bourbon",Approved,,False,false,no_evidence,False,True,False,False,,STAR-K approves this Scotch without requiring a kosher symbol on the bottle.,https://www.star-k.org/resource/list/W56J90P5/all_liquor#item-12BUGC0I,"STAR-K all_liquor listing, item block item-12BUGC0I (imported row index 554)",2026-08-11,verified_against_current_official_source
STARK-item-UOMQD45M,STAR-K,Scotch,Bruichladdich,17 Year Old Rum Cask,Approved,,False,false,no_evidence,False,True,False,False,,STAR-K approves this Scotch without requiring a kosher symbol on the bottle.,https://www.star-k.org/resource/list/W56J90P5/all_liquor#item-UOMQD45M,"STAR-K all_liquor listing, item block item-UOMQD45M (imported row index 555)",2026-08-11,verified_against_current_official_source
STARK-item-SREGH4XI,STAR-K,Scotch,Bruichladdich,22 YO The Laddie Twenty Two,Approved,,False,false,no_evidence,False,True,False,False,,STAR-K approves this Scotch without requiring a kosher symbol on the bottle.,https://www.star-k.org/resource/list/W56J90P5/all_liquor#item-SREGH4XI,"STAR-K all_liquor listing, item block item-SREGH4XI (imported row index 556)",2026-08-11,verified_against_current_official_source
STARK-item-T1B0W6QA,STAR-K,Scotch,Bruichladdich,"1970 Valinch 30 Year Old Cask #5079, #5081",Approved,,False,false,no_evidence,False,True,False,False,,STAR-K approves this Scotch without requiring a kosher symbol on the bottle.,https://www.star-k.org/resource/list/W56J90P5/all_liquor#item-T1B0W6QA,"STAR-K all_liquor listing, item block item-T1B0W6QA (imported row index 557)",2026-08-11,verified_against_current_official_source
STARK-item-Y54JKC3E,STAR-K,Scotch,Bruichladdich,1984 /32 YO RCS Bourbon All In,Approved,,False,false,no_evidence,False,True,False,False,,STAR-K approves this Scotch without requiring a kosher symbol on the bottle.,https://www.star-k.org/resource/list/W56J90P5/all_liquor#item-Y54JKC3E,"STAR-K all_liquor listing, item block item-Y54JKC3E (imported row index 558)",2026-08-11,verified_against_current_official_source
STARK-item-UA03B8K3,STAR-K,Scotch,Bruichladdich,1989 Full Strength (13 YO),Approved,,False,false,no_evidence,False,True,False,False,,STAR-K approves this Scotch without requiring a kosher symbol on the bottle.,https://www.star-k.org/resource/list/W56J90P5/all_liquor#item-UA03B8K3,"STAR-K all_liquor listing, item block item-UA03B8K3 (imported row index 559)",2026-08-11,verified_against_current_official_source
STARK-item-WK8WQ0EU,STAR-K,Scotch,Bruichladdich,1992 17 YO Micro Provenance #1607/#1907,Approved,,False,false,no_evidence,False,True,False,False,,STAR-K approves this Scotch without requiring a kosher symbol on the bottle.,https://www.star-k.org/resource/list/W56J90P5/all_liquor#item-WK8WQ0EU,"STAR-K all_liquor listing, item block item-WK8WQ0EU (imported row index 560)",2026-08-11,verified_against_current_official_source
STARK-item-XU6P6A9M,STAR-K,Scotch,Bruichladdich,2002 (13 Year Old) TWE Exclusive,Approved,,False,false,no_evidence,False,True,False,False,,STAR-K approves this Scotch without requiring a kosher symbol on the bottle.,https://www.star-k.org/resource/list/W56J90P5/all_liquor#item-XU6P6A9M,"STAR-K all_liquor listing, item block item-XU6P6A9M (imported row index 561)",2026-08-11,verified_against_current_official_source
STARK-item-3BR2BOTI,STAR-K,Scotch,Bruichladdich,2009,Approved,,False,false,no_evidence,False,True,False,False,,STAR-K approves this Scotch without requiring a kosher symbol on the bottle.,https://www.star-k.org/resource/list/W56J90P5/all_liquor#item-3BR2BOTI,"STAR-K all_liquor listing, item block item-3BR2BOTI (imported row index 562)",2026-08-11,verified_against_current_official_source
STARK-item-1AQHTVMU,STAR-K,Scotch,Bruichladdich,"Bere Barley 2006, 2008, 2009",Approved,,False,false,no_evidence,False,True,False,False,,STAR-K approves this Scotch without requiring a kosher symbol on the bottle.,https://www.star-k.org/resource/list/W56J90P5/all_liquor#item-1AQHTVMU,"STAR-K all_liquor listing, item block item-1AQHTVMU (imported row index 563)",2026-08-11,verified_against_current_official_source
STARK-item-VYKKS6YE,STAR-K,Scotch,Bruichladdich,Golder Still,Approved,,False,false,no_evidence,False,True,False,False,,STAR-K approves this Scotch without requiring a kosher symbol on the bottle.,https://www.star-k.org/resource/list/W56J90P5/all_liquor#item-VYKKS6YE,"STAR-K all_liquor listing, item block item-VYKKS6YE (imported row index 564)",2026-08-11,verified_against_current_official_source
STARK-item-SNZ3QEDY,STAR-K,Scotch,Bruichladdich,Islay Barley,Approved,,False,false,no_evidence,False,True,False,False,,STAR-K approves this Scotch without requiring a kosher symbol on the bottle.,https://www.star-k.org/resource/list/W56J90P5/all_liquor#item-SNZ3QEDY,"STAR-K all_liquor listing, item block item-SNZ3QEDY (imported row index 565)",2026-08-11,verified_against_current_official_source
STARK-item-WRY1Q0Z7,STAR-K,Scotch,Bruichladdich,Octomore 06.2/167,Not Approved,,False,,no_evidence,False,False,False,True,,STAR-K lists this Scotch as Not Approved. Do not use it.,https://www.star-k.org/resource/list/W56J90P5/all_liquor#item-WRY1Q0Z7,"STAR-K all_liquor listing, item block item-WRY1Q0Z7 (imported row index 566)",2026-08-11,verified_against_current_official_source
STARK-item-W9HD88R7,STAR-K,Scotch,Bruichladdich,Octomore 6.1,Approved,,False,false,no_evidence,False,True,False,False,,STAR-K approves this Scotch without requiring a kosher symbol on the bottle.,https://www.star-k.org/resource/list/W56J90P5/all_liquor#item-W9HD88R7,"STAR-K all_liquor listing, item block item-W9HD88R7 (imported row index 567)",2026-08-11,verified_against_current_official_source
STARK-item-3KNA9XGM,STAR-K,Scotch,Bruichladdich,"Octomore 6.3, 7.1, 7.4, 8.1, 8.4",Approved,,False,false,no_evidence,False,True,False,False,,STAR-K approves this Scotch without requiring a kosher symbol on the bottle.,https://www.star-k.org/resource/list/W56J90P5/all_liquor#item-3KNA9XGM,"STAR-K all_liquor listing, item block item-3KNA9XGM (imported row index 568)",2026-08-11,verified_against_current_official_source
STARK-item-WHTIZKUA,STAR-K,Scotch,Bruichladdich,Octomore Scottish Barley,Approved,,False,false,no_evidence,False,True,False,False,,STAR-K approves this Scotch without requiring a kosher symbol on the bottle.,https://www.star-k.org/resource/list/W56J90P5/all_liquor#item-WHTIZKUA,"STAR-K all_liquor listing, item block item-WHTIZKUA (imported row index 569)",2026-08-11,verified_against_current_official_source
STARK-item-YIF8M0LY,STAR-K,Scotch,Bruichladdich,Organic Scottish Barley,Approved,,False,false,no_evidence,False,True,False,False,,STAR-K approves this Scotch without requiring a kosher symbol on the bottle.,https://www.star-k.org/resource/list/W56J90P5/all_liquor#item-YIF8M0LY,"STAR-K all_liquor listing, item block item-YIF8M0LY (imported row index 570)",2026-08-11,verified_against_current_official_source
STARK-item-X2WT6BTY,STAR-K,Scotch,Bruichladdich,PPM Cuvee,Not Approved,,False,,no_evidence,False,False,False,True,,STAR-K lists this Scotch as Not Approved. Do not use it.,https://www.star-k.org/resource/list/W56J90P5/all_liquor#item-X2WT6BTY,"STAR-K all_liquor listing, item block item-X2WT6BTY (imported row index 571)",2026-08-11,verified_against_current_official_source
STARK-item-U8VPKI2I,STAR-K,Scotch,Bruichladdich,Port Charlotte Islay Barley,Approved,,False,false,no_evidence,False,True,False,False,,STAR-K approves this Scotch without requiring a kosher symbol on the bottle.,https://www.star-k.org/resource/list/W56J90P5/all_liquor#item-U8VPKI2I,"STAR-K all_liquor listing, item block item-U8VPKI2I (imported row index 572)",2026-08-11,verified_against_current_official_source
STARK-item-VH17B87E,STAR-K,Scotch,Bruichladdich,Port Charlotte PC11,Not Approved,,False,,no_evidence,False,False,False,True,,STAR-K lists this Scotch as Not Approved. Do not use it.,https://www.star-k.org/resource/list/W56J90P5/all_liquor#item-VH17B87E,"STAR-K all_liquor listing, item block item-VH17B87E (imported row index 573)",2026-08-11,verified_against_current_official_source
STARK-item-TXXV6G8Q,STAR-K,Scotch,Bruichladdich,Port Charlotte Scottish Barley,Approved,,False,false,no_evidence,False,True,False,False,,STAR-K approves this Scotch without requiring a kosher symbol on the bottle.,https://www.star-k.org/resource/list/W56J90P5/all_liquor#item-TXXV6G8Q,"STAR-K all_liquor listing, item block item-TXXV6G8Q (imported row index 574)",2026-08-11,verified_against_current_official_source
STARK-item-YJTTROEA,STAR-K,Scotch,Bruichladdich,Rocks,Not Approved,,False,,no_evidence,False,False,False,True,,STAR-K lists this Scotch as Not Approved. Do not use it.,https://www.star-k.org/resource/list/W56J90P5/all_liquor#item-YJTTROEA,"STAR-K all_liquor listing, item block item-YJTTROEA (imported row index 575)",2026-08-11,verified_against_current_official_source
STARK-item-XRQCEMO3,STAR-K,Scotch,Bruichladdich,Scottish Barley,Approved,,False,false,no_evidence,False,True,False,False,,STAR-K approves this Scotch without requiring a kosher symbol on the bottle.,https://www.star-k.org/resource/list/W56J90P5/all_liquor#item-XRQCEMO3,"STAR-K all_liquor listing, item block item-XRQCEMO3 (imported row index 576)",2026-08-11,verified_against_current_official_source
STARK-item-ZRD12BFQ,STAR-K,Scotch,Bruichladdich,The Laddie Classic,Approved,,False,false,no_evidence,False,True,False,False,,STAR-K approves this Scotch without requiring a kosher symbol on the bottle.,https://www.star-k.org/resource/list/W56J90P5/all_liquor#item-ZRD12BFQ,"STAR-K all_liquor listing, item block item-ZRD12BFQ (imported row index 577)",2026-08-11,verified_against_current_official_source
STARK-item-RHGM324Q,STAR-K,Scotch,Bruichladdich,The Laddie Sixteen (Light Blue Can),Approved,,False,false,no_evidence,False,True,False,False,,STAR-K approves this Scotch without requiring a kosher symbol on the bottle.,https://www.star-k.org/resource/list/W56J90P5/all_liquor#item-RHGM324Q,"STAR-K all_liquor listing, item block item-RHGM324Q (imported row index 578)",2026-08-11,verified_against_current_official_source
STARK-item-2JDSOQB7,STAR-K,Scotch,Bruichladdich,The Organic 2009,Approved,,False,false,no_evidence,False,True,False,False,,STAR-K approves this Scotch without requiring a kosher symbol on the bottle.,https://www.star-k.org/resource/list/W56J90P5/all_liquor#item-2JDSOQB7,"STAR-K all_liquor listing, item block item-2JDSOQB7 (imported row index 579)",2026-08-11,verified_against_current_official_source
STARK-item-TEOXY2AU,STAR-K,Scotch,Bruichladdich,X4 + 3,Approved,,False,false,no_evidence,False,True,False,False,,STAR-K approves this Scotch without requiring a kosher symbol on the bottle.,https://www.star-k.org/resource/list/W56J90P5/all_liquor#item-TEOXY2AU,"STAR-K all_liquor listing, item block item-TEOXY2AU (imported row index 580)",2026-08-11,verified_against_current_official_source
STARK-item-3YWZUIJQ,STAR-K,Scotch,Bunnahabhain,2017 American Oak Feis lle festival,Approved,,False,false,no_evidence,False,True,False,False,,STAR-K approves this Scotch without requiring a kosher symbol on the bottle.,https://www.star-k.org/resource/list/W56J90P5/all_liquor#item-3YWZUIJQ,"STAR-K all_liquor listing, item block item-3YWZUIJQ (imported row index 591)",2026-08-11,verified_against_current_official_source
STARK-item-2OY7FGPY,STAR-K,Scotch,Bunnahabhain,"Ceobanach (Batches 1,2&3)",Approved,,False,false,no_evidence,False,True,False,False,,STAR-K approves this Scotch without requiring a kosher symbol on the bottle.,https://www.star-k.org/resource/list/W56J90P5/all_liquor#item-2OY7FGPY,"STAR-K all_liquor listing, item block item-2OY7FGPY (imported row index 592)",2026-08-11,verified_against_current_official_source
STARK-item-2B0NWE3A,STAR-K,Scotch,Bunnahabhain,Darach Ur,Approved,,False,false,no_evidence,False,True,False,False,,STAR-K approves this Scotch without requiring a kosher symbol on the bottle.,https://www.star-k.org/resource/list/W56J90P5/all_liquor#item-2B0NWE3A,"STAR-K all_liquor listing, item block item-2B0NWE3A (imported row index 593)",2026-08-11,verified_against_current_official_source
STARK-item-RL21TRHI,STAR-K,Scotch,Caol Ila,8 Year Old Unpeated,Approved,,False,false,no_evidence,False,True,False,False,,STAR-K approves this Scotch without requiring a kosher symbol on the bottle.,https://www.star-k.org/resource/list/W56J90P5/all_liquor#item-RL21TRHI,"STAR-K all_liquor listing, item block item-RL21TRHI (imported row index 624)",2026-08-11,verified_against_current_official_source
STARK-item-Y2O6TOIU,STAR-K,Scotch,Caol Ila,12,Approved,,False,false,no_evidence,False,True,False,False,,STAR-K approves this Scotch without requiring a kosher symbol on the bottle.,https://www.star-k.org/resource/list/W56J90P5/all_liquor#item-Y2O6TOIU,"STAR-K all_liquor listing, item block item-Y2O6TOIU (imported row index 625)",2026-08-11,verified_against_current_official_source
STARK-item-4L8GBGW3,STAR-K,Scotch,Caol Ila,12 Year Old Unpeated,Approved,,False,false,no_evidence,False,True,False,False,,STAR-K approves this Scotch without requiring a kosher symbol on the bottle.,https://www.star-k.org/resource/list/W56J90P5/all_liquor#item-4L8GBGW3,"STAR-K all_liquor listing, item block item-4L8GBGW3 (imported row index 626)",2026-08-11,verified_against_current_official_source
STARK-item-Y1H6UNOM,STAR-K,Scotch,Caol Ila,15 YO Flora & Fauna,Approved,,False,false,no_evidence,False,True,False,False,,STAR-K approves this Scotch without requiring a kosher symbol on the bottle.,https://www.star-k.org/resource/list/W56J90P5/all_liquor#item-Y1H6UNOM,"STAR-K all_liquor listing, item block item-Y1H6UNOM (imported row index 627)",2026-08-11,verified_against_current_official_source
STARK-item-SVZT9SAA,STAR-K,Scotch,Caol Ila,15 Year Old Unpeated 1989 (Rel 2014),Approved,,False,false,no_evidence,False,True,False,False,,STAR-K approves this Scotch without requiring a kosher symbol on the bottle.,https://www.star-k.org/resource/list/W56J90P5/all_liquor#item-SVZT9SAA,"STAR-K all_liquor listing, item block item-SVZT9SAA (imported row index 628)",2026-08-11,verified_against_current_official_source
STARK-item-U7OPLH7A,STAR-K,Scotch,Caol Ila,17 Year Old Unpeated 1997 (Rel 2015),Approved,,False,false,no_evidence,False,True,False,False,,STAR-K approves this Scotch without requiring a kosher symbol on the bottle.,https://www.star-k.org/resource/list/W56J90P5/all_liquor#item-U7OPLH7A,"STAR-K all_liquor listing, item block item-U7OPLH7A (imported row index 629)",2026-08-11,verified_against_current_official_source
STARK-item-ZBMY9PCM,STAR-K,Scotch,Caol Ila,18,Approved,,False,false,no_evidence,False,True,False,False,,STAR-K approves this Scotch without requiring a kosher symbol on the bottle.,https://www.star-k.org/resource/list/W56J90P5/all_liquor#item-ZBMY9PCM,"STAR-K all_liquor listing, item block item-ZBMY9PCM (imported row index 630)",2026-08-11,verified_against_current_official_source
STARK-item-WGMI1J13,STAR-K,Scotch,Caol Ila,18 Year Old Unpeated (Rel 2017),Approved,,False,false,no_evidence,False,True,False,False,,STAR-K approves this Scotch without requiring a kosher symbol on the bottle.,https://www.star-k.org/resource/list/W56J90P5/all_liquor#item-WGMI1J13,"STAR-K all_liquor listing, item block item-WGMI1J13 (imported row index 631)",2026-08-11,verified_against_current_official_source
STARK-item-R9CHAPUU,STAR-K,Scotch,Caol Ila,25 Year Old 2010 Edition,Approved,,False,false,no_evidence,False,True,False,False,,STAR-K approves this Scotch without requiring a kosher symbol on the bottle.,https://www.star-k.org/resource/list/W56J90P5/all_liquor#item-R9CHAPUU,"STAR-K all_liquor listing, item block item-R9CHAPUU (imported row index 632)",2026-08-11,verified_against_current_official_source
STARK-item-ZAFY0PIE,STAR-K,Scotch,Caol Ila,2017 Natural Cask Strength Distillery Exclusive,Approved,,False,false,no_evidence,False,True,False,False,,STAR-K approves this Scotch without requiring a kosher symbol on the bottle.,https://www.star-k.org/resource/list/W56J90P5/all_liquor#item-ZAFY0PIE,"STAR-K all_liquor listing, item block item-ZAFY0PIE (imported row index 633)",2026-08-11,verified_against_current_official_source
STARK-item-XQJCFLUU,STAR-K,Scotch,Caol Ila,Caol Ila 1973 23 Year Old Rare Malts,Approved,,False,false,no_evidence,False,True,False,False,,STAR-K approves this Scotch without requiring a kosher symbol on the bottle.,https://www.star-k.org/resource/list/W56J90P5/all_liquor#item-XQJCFLUU,"STAR-K all_liquor listing, item block item-XQJCFLUU (imported row index 634)",2026-08-11,verified_against_current_official_source
STARK-item-TI0BPROM,STAR-K,Scotch,Caol Ila,Cask Strength,Approved,,False,false,no_evidence,False,True,False,False,,STAR-K approves this Scotch without requiring a kosher symbol on the bottle.,https://www.star-k.org/resource/list/W56J90P5/all_liquor#item-TI0BPROM,"STAR-K all_liquor listing, item block item-TI0BPROM (imported row index 635)",2026-08-11,verified_against_current_official_source
STARK-item-US855TIE,STAR-K,Scotch,Caol Ila,Moch,Approved,,False,false,no_evidence,False,True,False,False,,STAR-K approves this Scotch without requiring a kosher symbol on the bottle.,https://www.star-k.org/resource/list/W56J90P5/all_liquor#item-US855TIE,"STAR-K all_liquor listing, item block item-US855TIE (imported row index 636)",2026-08-11,verified_against_current_official_source
STARK-item-2LKSNR7E,STAR-K,Scotch,Cardhu,12,Approved,,False,false,no_evidence,False,True,False,False,,STAR-K approves this Scotch without requiring a kosher symbol on the bottle.,https://www.star-k.org/resource/list/W56J90P5/all_liquor#item-2LKSNR7E,"STAR-K all_liquor listing, item block item-2LKSNR7E (imported row index 639)",2026-08-11,verified_against_current_official_source
STARK-item-V36YJUB7,STAR-K,Scotch,Cardhu,Amber Rock,Approved,,False,false,no_evidence,False,True,False,False,,STAR-K approves this Scotch without requiring a kosher symbol on the bottle.,https://www.star-k.org/resource/list/W56J90P5/all_liquor#item-V36YJUB7,"STAR-K all_liquor listing, item block item-V36YJUB7 (imported row index 640)",2026-08-11,verified_against_current_official_source
STARK-item-14PGLR3U,STAR-K,Scotch,Chivas Regal,12,Approved,,False,false,no_evidence,False,True,False,False,,STAR-K approves this Scotch without requiring a kosher symbol on the bottle.,https://www.star-k.org/resource/list/W56J90P5/all_liquor#item-14PGLR3U,"STAR-K all_liquor listing, item block item-14PGLR3U (imported row index 675)",2026-08-11,verified_against_current_official_source
STARK-item-2DM01TWM,STAR-K,Scotch,Chivas Regal,18,Approved,,False,false,no_evidence,False,True,False,False,,STAR-K approves this Scotch without requiring a kosher symbol on the bottle.,https://www.star-k.org/resource/list/W56J90P5/all_liquor#item-2DM01TWM,"STAR-K all_liquor listing, item block item-2DM01TWM (imported row index 676)",2026-08-11,verified_against_current_official_source
STARK-item-4NK4FVQE,STAR-K,Scotch,Chivas Regal,25,Approved,,False,false,no_evidence,False,True,False,False,,STAR-K approves this Scotch without requiring a kosher symbol on the bottle.,https://www.star-k.org/resource/list/W56J90P5/all_liquor#item-4NK4FVQE,"STAR-K all_liquor listing, item block item-4NK4FVQE (imported row index 677)",2026-08-11,verified_against_current_official_source
STARK-item-RAP5E5N7,STAR-K,Scotch,Chivas Regal,Brothers Blend 12,Approved,,False,false,no_evidence,False,True,False,False,,STAR-K approves this Scotch without requiring a kosher symbol on the bottle.,https://www.star-k.org/resource/list/W56J90P5/all_liquor#item-RAP5E5N7,"STAR-K all_liquor listing, item block item-RAP5E5N7 (imported row index 678)",2026-08-11,verified_against_current_official_source
STARK-item-ZTRM7P93,STAR-K,Scotch,Chivas Regal,Extra,Not Approved,,False,,no_evidence,False,False,False,True,,STAR-K lists this Scotch as Not Approved. Do not use it.,https://www.star-k.org/resource/list/W56J90P5/all_liquor#item-ZTRM7P93,"STAR-K all_liquor listing, item block item-ZTRM7P93 (imported row index 679)",2026-08-11,verified_against_current_official_source
STARK-item-V64SX3XY,STAR-K,Scotch,Chivas Regal,Royal Salute 21,Approved,,False,false,no_evidence,False,True,False,False,,STAR-K approves this Scotch without requiring a kosher symbol on the bottle.,https://www.star-k.org/resource/list/W56J90P5/all_liquor#item-V64SX3XY,"STAR-K all_liquor listing, item block item-V64SX3XY (imported row index 680)",2026-08-11,verified_against_current_official_source
STARK-item-YT406E2I,STAR-K,Scotch,Chivas Regal,Signature Blended 12 Year Aged in Sherry,Not Approved,,False,,no_evidence,False,False,False,True,,STAR-K lists this Scotch as Not Approved. Do not use it.,https://www.star-k.org/resource/list/W56J90P5/all_liquor#item-YT406E2I,"STAR-K all_liquor listing, item block item-YT406E2I (imported row index 681)",2026-08-11,verified_against_current_official_source
STARK-item-3VIL3TZ7,STAR-K,Scotch,Clynelish,14,Approved,,False,false,no_evidence,False,True,False,False,,STAR-K approves this Scotch without requiring a kosher symbol on the bottle.,https://www.star-k.org/resource/list/W56J90P5/all_liquor#item-3VIL3TZ7,"STAR-K all_liquor listing, item block item-3VIL3TZ7 (imported row index 697)",2026-08-11,verified_against_current_official_source
STARK-item-RINM23XY,STAR-K,Scotch,Compass Box,Asyla,Approved,,False,false,no_evidence,False,True,False,False,,STAR-K approves this Scotch without requiring a kosher symbol on the bottle.,https://www.star-k.org/resource/list/W56J90P5/all_liquor#item-RINM23XY,"STAR-K all_liquor listing, item block item-RINM23XY (imported row index 732)",2026-08-11,verified_against_current_official_source
STARK-item-TKNXT7HY,STAR-K,Scotch,Compass Box,Delilah's,Approved,,False,false,no_evidence,False,True,False,False,,STAR-K approves this Scotch without requiring a kosher symbol on the bottle.,https://www.star-k.org/resource/list/W56J90P5/all_liquor#item-TKNXT7HY,"STAR-K all_liquor listing, item block item-TKNXT7HY (imported row index 733)",2026-08-11,verified_against_current_official_source
STARK-item-UULQ98BQ,STAR-K,Scotch,Compass Box,Hedonism,Approved,,False,false,no_evidence,False,True,False,False,,STAR-K approves this Scotch without requiring a kosher symbol on the bottle.,https://www.star-k.org/resource/list/W56J90P5/all_liquor#item-UULQ98BQ,"STAR-K all_liquor listing, item block item-UULQ98BQ (imported row index 734)",2026-08-11,verified_against_current_official_source
STARK-item-V5JKN06I,STAR-K,Scotch,Compass Box,Oak Cross,Approved,,False,false,no_evidence,False,True,False,False,,STAR-K approves this Scotch without requiring a kosher symbol on the bottle.,https://www.star-k.org/resource/list/W56J90P5/all_liquor#item-V5JKN06I,"STAR-K all_liquor listing, item block item-V5JKN06I (imported row index 735)",2026-08-11,verified_against_current_official_source
STARK-item-SSLGG5RQ,STAR-K,Scotch,Compass Box,Spice Tree,Approved,,False,false,no_evidence,False,True,False,False,,STAR-K approves this Scotch without requiring a kosher symbol on the bottle.,https://www.star-k.org/resource/list/W56J90P5/all_liquor#item-SSLGG5RQ,"STAR-K all_liquor listing, item block item-SSLGG5RQ (imported row index 736)",2026-08-11,verified_against_current_official_source
STARK-item-XEGD3BYA,STAR-K,Scotch,Compass Box,The Peat Monster,Approved,,False,false,no_evidence,False,True,False,False,,STAR-K approves this Scotch without requiring a kosher symbol on the bottle.,https://www.star-k.org/resource/list/W56J90P5/all_liquor#item-XEGD3BYA,"STAR-K all_liquor listing, item block item-XEGD3BYA (imported row index 737)",2026-08-11,verified_against_current_official_source
STARK-item-WC4RYW6Y,STAR-K,Scotch,Cragganmore,12 Year Old,Approved,,False,false,no_evidence,False,True,False,False,,STAR-K approves this Scotch without requiring a kosher symbol on the bottle.,https://www.star-k.org/resource/list/W56J90P5/all_liquor#item-WC4RYW6Y,"STAR-K all_liquor listing, item block item-WC4RYW6Y (imported row index 783)",2026-08-11,verified_against_current_official_source
STARK-item-YM2KDYZQ,STAR-K,Scotch,Craigellachie,13 Year Old,Not Approved,,False,,no_evidence,False,False,False,True,,STAR-K lists this Scotch as Not Approved. Do not use it.,https://www.star-k.org/resource/list/W56J90P5/all_liquor#item-YM2KDYZQ,"STAR-K all_liquor listing, item block item-YM2KDYZQ (imported row index 784)",2026-08-11,verified_against_current_official_source
STARK-item-ZWZES1TI,STAR-K,Scotch,Craigellachie,17 Year Old,Not Approved,,False,,no_evidence,False,False,False,True,,STAR-K lists this Scotch as Not Approved. Do not use it.,https://www.star-k.org/resource/list/W56J90P5/all_liquor#item-ZWZES1TI,"STAR-K all_liquor listing, item block item-ZWZES1TI (imported row index 785)",2026-08-11,verified_against_current_official_source
STARK-item-YBUNKDNQ,STAR-K,Scotch,Dalmore,Dalmore,Not Approved,,False,,no_evidence,False,False,False,True,,STAR-K lists this Scotch as Not Approved. Do not use it.,https://www.star-k.org/resource/list/W56J90P5/all_liquor#item-YBUNKDNQ,"STAR-K all_liquor listing, item block item-YBUNKDNQ (imported row index 807)",2026-08-11,verified_against_current_official_source
STARK-item-T3I0V7LI,STAR-K,Scotch,Dalwhinnie,15,Approved,,False,false,no_evidence,False,True,False,False,,STAR-K approves this Scotch without requiring a kosher symbol on the bottle.,https://www.star-k.org/resource/list/W56J90P5/all_liquor#item-T3I0V7LI,"STAR-K all_liquor listing, item block item-T3I0V7LI (imported row index 808)",2026-08-11,verified_against_current_official_source
STARK-item-17W883MA,STAR-K,Scotch,Deanston,12 Year Old,Approved,,False,false,no_evidence,False,True,False,False,,STAR-K approves this Scotch without requiring a kosher symbol on the bottle.,https://www.star-k.org/resource/list/W56J90P5/all_liquor#item-17W883MA,"STAR-K all_liquor listing, item block item-17W883MA (imported row index 827)",2026-08-11,verified_against_current_official_source
STARK-item-UCG3A9EA,STAR-K,Scotch,Deanston,Deanston Virgin Oak,Approved,,False,false,no_evidence,False,True,False,False,,STAR-K approves this Scotch without requiring a kosher symbol on the bottle.,https://www.star-k.org/resource/list/W56J90P5/all_liquor#item-UCG3A9EA,"STAR-K all_liquor listing, item block item-UCG3A9EA (imported row index 828)",2026-08-11,verified_against_current_official_source
STARK-item-3GU2M5G3,STAR-K,Scotch,Deanston,Festival 2013,Approved,,False,false,no_evidence,False,True,False,False,,STAR-K approves this Scotch without requiring a kosher symbol on the bottle.,https://www.star-k.org/resource/list/W56J90P5/all_liquor#item-3GU2M5G3,"STAR-K all_liquor listing, item block item-3GU2M5G3 (imported row index 829)",2026-08-11,verified_against_current_official_source
STARK-item-2ZWRB293,STAR-K,Scotch,Dewars,12 Year Old,Approved,,False,false,no_evidence,False,True,False,False,,STAR-K approves this Scotch without requiring a kosher symbol on the bottle.,https://www.star-k.org/resource/list/W56J90P5/all_liquor#item-2ZWRB293,"STAR-K all_liquor listing, item block item-2ZWRB293 (imported row index 878)",2026-08-11,verified_against_current_official_source
STARK-item-30ULQ43U,STAR-K,Scotch,Dewars,15 Year Old,Not Approved,,False,,no_evidence,False,False,False,True,,STAR-K lists this Scotch as Not Approved. Do not use it.,https://www.star-k.org/resource/list/W56J90P5/all_liquor#item-30ULQ43U,"STAR-K all_liquor listing, item block item-30ULQ43U (imported row index 879)",2026-08-11,verified_against_current_official_source
STARK-item-36N4UI53,STAR-K,Scotch,Dewars,18 Year Old,Not Approved,,False,,no_evidence,False,False,False,True,,STAR-K lists this Scotch as Not Approved. Do not use it.,https://www.star-k.org/resource/list/W56J90P5/all_liquor#item-36N4UI53,"STAR-K all_liquor listing, item block item-36N4UI53 (imported row index 880)",2026-08-11,verified_against_current_official_source
STARK-item-2VPAFGAA,STAR-K,Scotch,Dewars,Highlander Honey,Not Approved,,False,,no_evidence,False,False,False,True,,STAR-K lists this Scotch as Not Approved. Do not use it.,https://www.star-k.org/resource/list/W56J90P5/all_liquor#item-2VPAFGAA,"STAR-K all_liquor listing, item block item-2VPAFGAA (imported row index 881)",2026-08-11,verified_against_current_official_source
STARK-item-RSS5TR3U,STAR-K,Scotch,Dewars,Signature,Not Approved,,False,,no_evidence,False,False,False,True,,STAR-K lists this Scotch as Not Approved. Do not use it.,https://www.star-k.org/resource/list/W56J90P5/all_liquor#item-RSS5TR3U,"STAR-K all_liquor listing, item block item-RSS5TR3U (imported row index 882)",2026-08-11,verified_against_current_official_source
STARK-item-ZF16HYLI,STAR-K,Scotch,Dewars,White Label,Approved,,False,false,no_evidence,False,True,False,False,,STAR-K approves this Scotch without requiring a kosher symbol on the bottle.,https://www.star-k.org/resource/list/W56J90P5/all_liquor#item-ZF16HYLI,"STAR-K all_liquor listing, item block item-ZF16HYLI (imported row index 883)",2026-08-11,verified_against_current_official_source
STARK-item-1PYYW1EA,STAR-K,Scotch,Dewars,White Label Scratched Cask,Approved,,False,false,no_evidence,False,True,False,False,,STAR-K approves this Scotch without requiring a kosher symbol on the bottle.,https://www.star-k.org/resource/list/W56J90P5/all_liquor#item-1PYYW1EA,"STAR-K all_liquor listing, item block item-1PYYW1EA (imported row index 884)",2026-08-11,verified_against_current_official_source
STARK-item-4QSU26AU,STAR-K,Scotch,Dufftown,Dufftown 1985 28 Year Old Bot. 2013,Approved,,False,false,no_evidence,False,True,False,False,,STAR-K approves this Scotch without requiring a kosher symbol on the bottle.,https://www.star-k.org/resource/list/W56J90P5/all_liquor#item-4QSU26AU,"STAR-K all_liquor listing, item block item-4QSU26AU (imported row index 915)",2026-08-11,verified_against_current_official_source
STARK-item-T6XNNU53,STAR-K,Scotch,Edradour,2006 Bourbon Cask 10 YO 1st & 2nd Release,Approved,,False,false,no_evidence,False,True,False,False,,STAR-K approves this Scotch without requiring a kosher symbol on the bottle.,https://www.star-k.org/resource/list/W56J90P5/all_liquor#item-T6XNNU53,"STAR-K all_liquor listing, item block item-T6XNNU53 (imported row index 927)",2026-08-11,verified_against_current_official_source
STARK-item-WPSAHYSM,STAR-K,Scotch,Edradour,2006 Bourbon Cask 11 YO 3rd Release,Approved,,False,false,no_evidence,False,True,False,False,,STAR-K approves this Scotch without requiring a kosher symbol on the bottle.,https://www.star-k.org/resource/list/W56J90P5/all_liquor#item-WPSAHYSM,"STAR-K all_liquor listing, item block item-WPSAHYSM (imported row index 928)",2026-08-11,verified_against_current_official_source
STARK-item-VFVG3WYU,STAR-K,Scotch,Edradour,2007 Bourbon Cask 10 YO Cask Strength,Approved,,False,false,no_evidence,False,True,False,False,,STAR-K approves this Scotch without requiring a kosher symbol on the bottle.,https://www.star-k.org/resource/list/W56J90P5/all_liquor#item-VFVG3WYU,"STAR-K all_liquor listing, item block item-VFVG3WYU (imported row index 929)",2026-08-11,verified_against_current_official_source
STARK-item-YOE8HDS3,STAR-K,Scotch,Edradour,Ballechin Bourbon Cask Matured,Approved,,False,false,no_evidence,False,True,False,False,,STAR-K approves this Scotch without requiring a kosher symbol on the bottle.,https://www.star-k.org/resource/list/W56J90P5/all_liquor#item-YOE8HDS3,"STAR-K all_liquor listing, item block item-YOE8HDS3 (imported row index 930)",2026-08-11,verified_against_current_official_source
STARK-item-RDXV2E9M,STAR-K,Scotch,Edradour,Bourbon Cask 2003 (Cask Strength),Approved,,False,false,no_evidence,False,True,False,False,,STAR-K approves this Scotch without requiring a kosher symbol on the bottle.,https://www.star-k.org/resource/list/W56J90P5/all_liquor#item-RDXV2E9M,"STAR-K all_liquor listing, item block item-RDXV2E9M (imported row index 931)",2026-08-11,verified_against_current_official_source
STARK-item-ZXC1XFMU,STAR-K,Scotch,Edradour,Bourbon Matured Cask Strength,Approved,,False,false,no_evidence,False,True,False,False,,STAR-K approves this Scotch without requiring a kosher symbol on the bottle.,https://www.star-k.org/resource/list/W56J90P5/all_liquor#item-ZXC1XFMU,"STAR-K all_liquor listing, item block item-ZXC1XFMU (imported row index 932)",2026-08-11,verified_against_current_official_source
STARK-item-XZQ4W1ME,STAR-K,Scotch,Fettercairn,"12 Year Old (White Box, bottled 2018)",Approved,,False,false,no_evidence,False,True,False,False,,STAR-K approves this Scotch without requiring a kosher symbol on the bottle.,https://www.star-k.org/resource/list/W56J90P5/all_liquor#item-XZQ4W1ME,"STAR-K all_liquor listing, item block item-XZQ4W1ME (imported row index 955)",2026-08-11,verified_against_current_official_source
STARK-item-Y0OWB3F7,STAR-K,Scotch,GlenAllachie,Distillery Edition (2017),Approved,,False,false,no_evidence,False,True,False,False,,STAR-K approves this Scotch without requiring a kosher symbol on the bottle.,https://www.star-k.org/resource/list/W56J90P5/all_liquor#item-Y0OWB3F7,"STAR-K all_liquor listing, item block item-Y0OWB3F7 (imported row index 983)",2026-08-11,verified_against_current_official_source
STARK-item-18ATCHGM,STAR-K,Scotch,Glen Deveron (Macduff),10 Year Old,Approved,,False,false,no_evidence,False,True,False,False,,STAR-K approves this Scotch without requiring a kosher symbol on the bottle.,https://www.star-k.org/resource/list/W56J90P5/all_liquor#item-18ATCHGM,"STAR-K all_liquor listing, item block item-18ATCHGM (imported row index 984)",2026-08-11,verified_against_current_official_source
STARK-item-YS1K937U,STAR-K,Scotch,GlenDronach,GlenDronach,Not Approved,,False,,no_evidence,False,False,False,True,,STAR-K lists this Scotch as Not Approved. Do not use it.,https://www.star-k.org/resource/list/W56J90P5/all_liquor#item-YS1K937U,"STAR-K all_liquor listing, item block item-YS1K937U (imported row index 985)",2026-08-11,verified_against_current_official_source
STARK-item-ZWNT2KC3,STAR-K,Scotch,GlenDronach,Revival 15 Year,Not Approved,,False,,no_evidence,False,False,False,True,,STAR-K lists this Scotch as Not Approved. Do not use it.,https://www.star-k.org/resource/list/W56J90P5/all_liquor#item-ZWNT2KC3,"STAR-K all_liquor listing, item block item-ZWNT2KC3 (imported row index 986)",2026-08-11,verified_against_current_official_source
STARK-item-3H9NRIAE,STAR-K,Scotch,Glen Elgin,12 Year Old,Approved,,False,false,no_evidence,False,True,False,False,,STAR-K approves this Scotch without requiring a kosher symbol on the bottle.,https://www.star-k.org/resource/list/W56J90P5/all_liquor#item-3H9NRIAE,"STAR-K all_liquor listing, item block item-3H9NRIAE (imported row index 987)",2026-08-11,verified_against_current_official_source
STARK-item-4R7G7K47,STAR-K,Scotch,"Glen Garioch (""Geerie"")",12,Not Approved,,False,,no_evidence,False,False,False,True,,STAR-K lists this Scotch as Not Approved. Do not use it.,https://www.star-k.org/resource/list/W56J90P5/all_liquor#item-4R7G7K47,"STAR-K all_liquor listing, item block item-4R7G7K47 (imported row index 988)",2026-08-11,verified_against_current_official_source
STARK-item-TNVPGG3E,STAR-K,Scotch,"Glen Garioch (""Geerie"")",1978 Vintage,Approved,,False,false,no_evidence,False,True,False,False,,STAR-K approves this Scotch without requiring a kosher symbol on the bottle.,https://www.star-k.org/resource/list/W56J90P5/all_liquor#item-TNVPGG3E,"STAR-K all_liquor listing, item block item-TNVPGG3E (imported row index 989)",2026-08-11,verified_against_current_official_source
STARK-item-UXTIVIV7,STAR-K,Scotch,"Glen Garioch (""Geerie"")",1986 Vintage,Approved,,False,false,no_evidence,False,True,False,False,,STAR-K approves this Scotch without requiring a kosher symbol on the bottle.,https://www.star-k.org/resource/list/W56J90P5/all_liquor#item-UXTIVIV7,"STAR-K all_liquor listing, item block item-UXTIVIV7 (imported row index 990)",2026-08-11,verified_against_current_official_source
STARK-item-UY75ZXPI,STAR-K,Scotch,"Glen Garioch (""Geerie"")",1990,Not Approved,,False,,no_evidence,False,False,False,True,,STAR-K lists this Scotch as Not Approved. Do not use it.,https://www.star-k.org/resource/list/W56J90P5/all_liquor#item-UY75ZXPI,"STAR-K all_liquor listing, item block item-UY75ZXPI (imported row index 991)",2026-08-11,verified_against_current_official_source
STARK-item-V8QBAKPY,STAR-K,Scotch,"Glen Garioch (""Geerie"")",1991 Vintage,Approved,,False,false,no_evidence,False,True,False,False,,STAR-K approves this Scotch without requiring a kosher symbol on the bottle.,https://www.star-k.org/resource/list/W56J90P5/all_liquor#item-V8QBAKPY,"STAR-K all_liquor listing, item block item-V8QBAKPY (imported row index 992)",2026-08-11,verified_against_current_official_source
STARK-item-XHO6PMJQ,STAR-K,Scotch,"Glen Garioch (""Geerie"")",1994 Vintage,Approved,,False,false,no_evidence,False,True,False,False,,STAR-K approves this Scotch without requiring a kosher symbol on the bottle.,https://www.star-k.org/resource/list/W56J90P5/all_liquor#item-XHO6PMJQ,"STAR-K all_liquor listing, item block item-XHO6PMJQ (imported row index 993)",2026-08-11,verified_against_current_official_source
STARK-item-YRMY5NDI,STAR-K,Scotch,"Glen Garioch (""Geerie"")",1995 Vintage (when bearing KLBD),Approved,KLBD,True,true,no_evidence,True,False,True,False,,STAR-K approves this Scotch ONLY if the bottle actually bears the KLBD symbol. Without that symbol on the bottle it is not approved.,https://www.star-k.org/resource/list/W56J90P5/all_liquor#item-YRMY5NDI,"STAR-K all_liquor listing, item block item-YRMY5NDI (imported row index 994)",2026-08-11,verified_against_current_official_source
STARK-item-Z2KSJP7A,STAR-K,Scotch,"Glen Garioch (""Geerie"")",1997 Vintage (when bearing KLBD),Approved,KLBD,True,true,no_evidence,True,False,True,False,,STAR-K approves this Scotch ONLY if the bottle actually bears the KLBD symbol. Without that symbol on the bottle it is not approved.,https://www.star-k.org/resource/list/W56J90P5/all_liquor#item-Z2KSJP7A,"STAR-K all_liquor listing, item block item-Z2KSJP7A (imported row index 995)",2026-08-11,verified_against_current_official_source
STARK-item-SEBH6T2Y,STAR-K,Scotch,"Glen Garioch (""Geerie"")",Founder's Reserve,Not Approved,,False,,no_evidence,False,False,False,True,,STAR-K lists this Scotch as Not Approved. Do not use it.,https://www.star-k.org/resource/list/W56J90P5/all_liquor#item-SEBH6T2Y,"STAR-K all_liquor listing, item block item-SEBH6T2Y (imported row index 996)",2026-08-11,verified_against_current_official_source
STARK-item-TO9BKVVQ,STAR-K,Scotch,"Glen Garioch (""Geerie"")",Vintage 1999,Not Approved,,False,,no_evidence,False,False,False,True,,STAR-K lists this Scotch as Not Approved. Do not use it.,https://www.star-k.org/resource/list/W56J90P5/all_liquor#item-TO9BKVVQ,"STAR-K all_liquor listing, item block item-TO9BKVVQ (imported row index 997)",2026-08-11,verified_against_current_official_source
STARK-item-1BILYR13,STAR-K,Scotch,"Glen Garioch (""Geerie"")",Virgin Oak (when bearing KLBD),Approved,KLBD,True,true,no_evidence,True,False,True,False,,STAR-K approves this Scotch ONLY if the bottle actually bears the KLBD symbol. Without that symbol on the bottle it is not approved.,https://www.star-k.org/resource/list/W56J90P5/all_liquor#item-1BILYR13,"STAR-K all_liquor listing, item block item-1BILYR13 (imported row index 998)",2026-08-11,verified_against_current_official_source
STARK-item-Y6AJJDWM,STAR-K,Scotch,Glen Grant,10,Approved,,False,false,no_evidence,False,True,False,False,,STAR-K approves this Scotch without requiring a kosher symbol on the bottle.,https://www.star-k.org/resource/list/W56J90P5/all_liquor#item-Y6AJJDWM,"STAR-K all_liquor listing, item block item-Y6AJJDWM (imported row index 999)",2026-08-11,verified_against_current_official_source
STARK-item-3LGEDTUU,STAR-K,Scotch,Glen Grant,16,Approved,,False,false,no_evidence,False,True,False,False,,STAR-K approves this Scotch without requiring a kosher symbol on the bottle.,https://www.star-k.org/resource/list/W56J90P5/all_liquor#item-3LGEDTUU,"STAR-K all_liquor listing, item block item-3LGEDTUU (imported row index 1000)",2026-08-11,verified_against_current_official_source
STARK-item-ZHYL3IB7,STAR-K,Scotch,Glen Grant,18 yr,Approved,,False,false,no_evidence,False,True,False,False,,STAR-K approves this Scotch without requiring a kosher symbol on the bottle.,https://www.star-k.org/resource/list/W56J90P5/all_liquor#item-ZHYL3IB7,"STAR-K all_liquor listing, item block item-ZHYL3IB7 (imported row index 1001)",2026-08-11,verified_against_current_official_source
STARK-item-Q6VVNLNQ,STAR-K,Scotch,Glen Grant,25,Not Approved,,False,,no_evidence,False,False,False,True,,STAR-K lists this Scotch as Not Approved. Do not use it.,https://www.star-k.org/resource/list/W56J90P5/all_liquor#item-Q6VVNLNQ,"STAR-K all_liquor listing, item block item-Q6VVNLNQ (imported row index 1002)",2026-08-11,verified_against_current_official_source
STARK-item-V95YEZIA,STAR-K,Scotch,Glen Grant,170th Anniversary,Approved,,False,false,no_evidence,False,True,False,False,,STAR-K approves this Scotch without requiring a kosher symbol on the bottle.,https://www.star-k.org/resource/list/W56J90P5/all_liquor#item-V95YEZIA,"STAR-K all_liquor listing, item block item-V95YEZIA (imported row index 1003)",2026-08-11,verified_against_current_official_source
STARK-item-SFTO3NHI,STAR-K,Scotch,Glen Grant,1992,Not Approved,,False,,no_evidence,False,False,False,True,,STAR-K lists this Scotch as Not Approved. Do not use it.,https://www.star-k.org/resource/list/W56J90P5/all_liquor#item-SFTO3NHI,"STAR-K all_liquor listing, item block item-SFTO3NHI (imported row index 1004)",2026-08-11,verified_against_current_official_source
STARK-item-XI3RT1C3,STAR-K,Scotch,Glen Grant,Five Decades,Not Approved,,False,,no_evidence,False,False,False,True,,STAR-K lists this Scotch as Not Approved. Do not use it.,https://www.star-k.org/resource/list/W56J90P5/all_liquor#item-XI3RT1C3,"STAR-K all_liquor listing, item block item-XI3RT1C3 (imported row index 1005)",2026-08-11,verified_against_current_official_source
STARK-item-4UD9SVOM,STAR-K,Scotch,Glen Grant,The Major's Reserve,Approved,,False,false,no_evidence,False,True,False,False,,STAR-K approves this Scotch without requiring a kosher symbol on the bottle.,https://www.star-k.org/resource/list/W56J90P5/all_liquor#item-4UD9SVOM,"STAR-K all_liquor listing, item block item-4UD9SVOM (imported row index 1006)",2026-08-11,verified_against_current_official_source
STARK-item-2P67EHJ7,STAR-K,Scotch,Glen Moray,12,Approved,,False,false,no_evidence,False,True,False,False,,STAR-K approves this Scotch without requiring a kosher symbol on the bottle.,https://www.star-k.org/resource/list/W56J90P5/all_liquor#item-2P67EHJ7,"STAR-K all_liquor listing, item block item-2P67EHJ7 (imported row index 1007)",2026-08-11,verified_against_current_official_source
STARK-item-W87TGRBQ,STAR-K,Scotch,Glen Moray,12 Year Old American Cask,Approved,,False,false,no_evidence,False,True,False,False,,STAR-K approves this Scotch without requiring a kosher symbol on the bottle.,https://www.star-k.org/resource/list/W56J90P5/all_liquor#item-W87TGRBQ,"STAR-K all_liquor listing, item block item-W87TGRBQ (imported row index 1008)",2026-08-11,verified_against_current_official_source
STARK-item-3Z4ZTIDY,STAR-K,Scotch,Glen Moray,16,Approved,,False,false,no_evidence,False,True,False,False,,STAR-K approves this Scotch without requiring a kosher symbol on the bottle.,https://www.star-k.org/resource/list/W56J90P5/all_liquor#item-3Z4ZTIDY,"STAR-K all_liquor listing, item block item-3Z4ZTIDY (imported row index 1009)",2026-08-11,verified_against_current_official_source
STARK-item-YH5MVT6I,STAR-K,Scotch,Glen Moray,18 Year Old,Approved,,False,false,no_evidence,False,True,False,False,,STAR-K approves this Scotch without requiring a kosher symbol on the bottle.,https://www.star-k.org/resource/list/W56J90P5/all_liquor#item-YH5MVT6I,"STAR-K all_liquor listing, item block item-YH5MVT6I (imported row index 1010)",2026-08-11,verified_against_current_official_source
STARK-item-1F8CZFQE,STAR-K,Scotch,Glen Moray,Classic,Approved,,False,false,no_evidence,False,True,False,False,,STAR-K approves this Scotch without requiring a kosher symbol on the bottle.,https://www.star-k.org/resource/list/W56J90P5/all_liquor#item-1F8CZFQE,"STAR-K all_liquor listing, item block item-1F8CZFQE (imported row index 1011)",2026-08-11,verified_against_current_official_source
STARK-item-Q92ZQJQE,STAR-K,Scotch,Glen Moray,Mountain Oak,Approved,,False,false,no_evidence,False,True,False,False,,STAR-K approves this Scotch without requiring a kosher symbol on the bottle.,https://www.star-k.org/resource/list/W56J90P5/all_liquor#item-Q92ZQJQE,"STAR-K all_liquor listing, item block item-Q92ZQJQE (imported row index 1012)",2026-08-11,verified_against_current_official_source
STARK-item-SIZS6LJ7,STAR-K,Scotch,Glen Ord,1997 Manager's Choice,Approved,,False,false,no_evidence,False,True,False,False,,STAR-K approves this Scotch without requiring a kosher symbol on the bottle.,https://www.star-k.org/resource/list/W56J90P5/all_liquor#item-SIZS6LJ7,"STAR-K all_liquor listing, item block item-SIZS6LJ7 (imported row index 1013)",2026-08-11,verified_against_current_official_source
STARK-item-Z8OQ1VVQ,STAR-K,Scotch,Glen Quentin,Blended Scotch Whisky,Not Approved,,False,,no_evidence,False,False,False,True,when purchased in the U.S.,STAR-K lists this Scotch as Not Approved. Do not use it. Condition recorded by STAR-K: when purchased in the U.S.,https://www.star-k.org/resource/list/W56J90P5/all_liquor#item-Z8OQ1VVQ,"STAR-K all_liquor listing, item block item-Z8OQ1VVQ (imported row index 1014)",2026-08-11,verified_against_current_official_source
STARK-item-TSXMKMDY,STAR-K,Scotch,Glen Scotia,10 Year Old,Approved,,False,false,no_evidence,False,True,False,False,,STAR-K approves this Scotch without requiring a kosher symbol on the bottle.,https://www.star-k.org/resource/list/W56J90P5/all_liquor#item-TSXMKMDY,"STAR-K all_liquor listing, item block item-TSXMKMDY (imported row index 1015)",2026-08-11,verified_against_current_official_source
STARK-item-U3VFZO8Q,STAR-K,Scotch,Glen Scotia,16 Year Old,Approved,,False,false,no_evidence,False,True,False,False,,STAR-K approves this Scotch without requiring a kosher symbol on the bottle.,https://www.star-k.org/resource/list/W56J90P5/all_liquor#item-U3VFZO8Q,"STAR-K all_liquor listing, item block item-U3VFZO8Q (imported row index 1016)",2026-08-11,verified_against_current_official_source
STARK-item-VCS0EQ2I,STAR-K,Scotch,Glen Scotia,18 Year Old,Approved,,False,false,no_evidence,False,True,False,False,,STAR-K approves this Scotch without requiring a kosher symbol on the bottle.,https://www.star-k.org/resource/list/W56J90P5/all_liquor#item-VCS0EQ2I,"STAR-K all_liquor listing, item block item-VCS0EQ2I (imported row index 1017)",2026-08-11,verified_against_current_official_source
STARK-item-XMQ3TSUA,STAR-K,Scotch,Glen Scotia,21 Year Old,Approved,,False,false,no_evidence,False,True,False,False,,STAR-K approves this Scotch without requiring a kosher symbol on the bottle.,https://www.star-k.org/resource/list/W56J90P5/all_liquor#item-XMQ3TSUA,"STAR-K all_liquor listing, item block item-XMQ3TSUA (imported row index 1018)",2026-08-11,verified_against_current_official_source
STARK-item-S9UWPZK3,STAR-K,Scotch,Glen Scotia,Victoriana,Approved,,False,false,no_evidence,False,True,False,False,,STAR-K approves this Scotch without requiring a kosher symbol on the bottle.,https://www.star-k.org/resource/list/W56J90P5/all_liquor#item-S9UWPZK3,"STAR-K all_liquor listing, item block item-S9UWPZK3 (imported row index 1019)",2026-08-11,verified_against_current_official_source
STARK-item-YWOV9UO3,STAR-K,Scotch,Glen Spey,12 Years Old,Approved,,False,false,no_evidence,False,True,False,False,,STAR-K approves this Scotch without requiring a kosher symbol on the bottle.,https://www.star-k.org/resource/list/W56J90P5/all_liquor#item-YWOV9UO3,"STAR-K all_liquor listing, item block item-YWOV9UO3 (imported row index 1020)",2026-08-11,verified_against_current_official_source
STARK-item-Z7MPNWIU,STAR-K,Scotch,Glencadam,10 Years Old,Approved,,False,false,no_evidence,False,True,False,False,,STAR-K approves this Scotch without requiring a kosher symbol on the bottle.,https://www.star-k.org/resource/list/W56J90P5/all_liquor#item-Z7MPNWIU,"STAR-K all_liquor listing, item block item-Z7MPNWIU (imported row index 1021)",2026-08-11,verified_against_current_official_source
STARK-item-1JMQQ40Y,STAR-K,Scotch,Glencadam,"13 Year Old ""The Reawakening""",Approved,,False,false,no_evidence,False,True,False,False,,STAR-K approves this Scotch without requiring a kosher symbol on the bottle.,https://www.star-k.org/resource/list/W56J90P5/all_liquor#item-1JMQQ40Y,"STAR-K all_liquor listing, item block item-1JMQQ40Y (imported row index 1022)",2026-08-11,verified_against_current_official_source
STARK-item-2GKI3XCM,STAR-K,Scotch,Glencadam,15 Years Old,Approved,,False,false,no_evidence,False,True,False,False,,STAR-K approves this Scotch without requiring a kosher symbol on the bottle.,https://www.star-k.org/resource/list/W56J90P5/all_liquor#item-2GKI3XCM,"STAR-K all_liquor listing, item block item-2GKI3XCM (imported row index 1023)",2026-08-11,verified_against_current_official_source
STARK-item-2TKJ664Q,STAR-K,Scotch,Glencadam,18 Year Old,Approved,,False,false,no_evidence,False,True,False,False,,STAR-K approves this Scotch without requiring a kosher symbol on the bottle.,https://www.star-k.org/resource/list/W56J90P5/all_liquor#item-2TKJ664Q,"STAR-K all_liquor listing, item block item-2TKJ664Q (imported row index 1024)",2026-08-11,verified_against_current_official_source
STARK-item-3QHCHZ7E,STAR-K,Scotch,Glencadam,21 Years Old,Approved,,False,false,no_evidence,False,True,False,False,,STAR-K approves this Scotch without requiring a kosher symbol on the bottle.,https://www.star-k.org/resource/list/W56J90P5/all_liquor#item-3QHCHZ7E,"STAR-K all_liquor listing, item block item-3QHCHZ7E (imported row index 1025)",2026-08-11,verified_against_current_official_source
STARK-item-34HDK8XI,STAR-K,Scotch,Glencadam,"25 Year Old ""The Remarkable""",Approved,,False,false,no_evidence,False,True,False,False,,STAR-K approves this Scotch without requiring a kosher symbol on the bottle.,https://www.star-k.org/resource/list/W56J90P5/all_liquor#item-34HDK8XI,"STAR-K all_liquor listing, item block item-34HDK8XI (imported row index 1026)",2026-08-11,verified_against_current_official_source
STARK-item-RQNEKGUA,STAR-K,Scotch,Glencadam,1982 (32 YO) Cask #750 Bottled 2014,Approved,,False,false,no_evidence,False,True,False,False,,STAR-K approves this Scotch without requiring a kosher symbol on the bottle.,https://www.star-k.org/resource/list/W56J90P5/all_liquor#item-RQNEKGUA,"STAR-K all_liquor listing, item block item-RQNEKGUA (imported row index 1027)",2026-08-11,verified_against_current_official_source
STARK-item-UISP52EU,STAR-K,Scotch,Glenfarclas,10,Not Approved,,False,,no_evidence,False,False,False,True,,STAR-K lists this Scotch as Not Approved. Do not use it.,https://www.star-k.org/resource/list/W56J90P5/all_liquor#item-UISP52EU,"STAR-K all_liquor listing, item block item-UISP52EU (imported row index 1028)",2026-08-11,verified_against_current_official_source
STARK-item-Z3YEN51M,STAR-K,Scotch,Glenfiddich,12,Not Approved,,False,,no_evidence,False,False,False,True,,STAR-K lists this Scotch as Not Approved. Do not use it.,https://www.star-k.org/resource/list/W56J90P5/all_liquor#item-Z3YEN51M,"STAR-K all_liquor listing, item block item-Z3YEN51M (imported row index 1029)",2026-08-11,verified_against_current_official_source
STARK-item-T6G40D7A,STAR-K,Scotch,Glenfiddich,14,Approved,,False,false,no_evidence,False,True,False,False,,STAR-K approves this Scotch without requiring a kosher symbol on the bottle.,https://www.star-k.org/resource/list/W56J90P5/all_liquor#item-T6G40D7A,"STAR-K all_liquor listing, item block item-T6G40D7A (imported row index 1030)",2026-08-11,verified_against_current_official_source
STARK-item-S3QX9TWM,STAR-K,Scotch,Glenfiddich,15,Not Approved,,False,,no_evidence,False,False,False,True,,STAR-K lists this Scotch as Not Approved. Do not use it.,https://www.star-k.org/resource/list/W56J90P5/all_liquor#item-S3QX9TWM,"STAR-K all_liquor listing, item block item-S3QX9TWM (imported row index 1031)",2026-08-11,verified_against_current_official_source
STARK-item-1CV837UE,STAR-K,Scotch,Glenfiddich,18,Not Approved,,False,,no_evidence,False,False,False,True,,STAR-K lists this Scotch as Not Approved. Do not use it.,https://www.star-k.org/resource/list/W56J90P5/all_liquor#item-1CV837UE,"STAR-K all_liquor listing, item block item-1CV837UE (imported row index 1032)",2026-08-11,verified_against_current_official_source
STARK-item-3MT2H9N7,STAR-K,Scotch,Glenfiddich,19 Madeira Cask Finish,Not Approved,,False,,no_evidence,False,False,False,True,,STAR-K lists this Scotch as Not Approved. Do not use it.,https://www.star-k.org/resource/list/W56J90P5/all_liquor#item-3MT2H9N7,"STAR-K all_liquor listing, item block item-3MT2H9N7 (imported row index 1033)",2026-08-11,verified_against_current_official_source
STARK-item-XVCP5B3U,STAR-K,Scotch,Glenfiddich,21,Approved,,False,false,no_evidence,False,True,False,False,,STAR-K approves this Scotch without requiring a kosher symbol on the bottle.,https://www.star-k.org/resource/list/W56J90P5/all_liquor#item-XVCP5B3U,"STAR-K all_liquor listing, item block item-XVCP5B3U (imported row index 1034)",2026-08-11,verified_against_current_official_source
STARK-item-QDMDG947,STAR-K,Scotch,Glenfiddich,Age of Discovery Bourbon 19YO,Approved,,False,false,no_evidence,False,True,False,False,,STAR-K approves this Scotch without requiring a kosher symbol on the bottle.,https://www.star-k.org/resource/list/W56J90P5/all_liquor#item-QDMDG947,"STAR-K all_liquor listing, item block item-QDMDG947 (imported row index 1035)",2026-08-11,verified_against_current_official_source
STARK-item-WMEWP093,STAR-K,Scotch,Glenfiddich,Bourbon Cask Reserve 19,Approved,,False,false,no_evidence,False,True,False,False,,STAR-K approves this Scotch without requiring a kosher symbol on the bottle.,https://www.star-k.org/resource/list/W56J90P5/all_liquor#item-WMEWP093,"STAR-K all_liquor listing, item block item-WMEWP093 (imported row index 1036)",2026-08-11,verified_against_current_official_source
STARK-item-ZR3FAVYA,STAR-K,Scotch,Glenfiddich,Fire & Cane,Approved,,False,false,no_evidence,False,True,False,False,,STAR-K approves this Scotch without requiring a kosher symbol on the bottle.,https://www.star-k.org/resource/list/W56J90P5/all_liquor#item-ZR3FAVYA,"STAR-K all_liquor listing, item block item-ZR3FAVYA (imported row index 1037)",2026-08-11,verified_against_current_official_source
STARK-item-TXIZACRQ,STAR-K,Scotch,"Glenglassaugh (""ssoch"")",Evolution,Approved,,False,false,no_evidence,False,True,False,False,,STAR-K approves this Scotch without requiring a kosher symbol on the bottle.,https://www.star-k.org/resource/list/W56J90P5/all_liquor#item-TXIZACRQ,"STAR-K all_liquor listing, item block item-TXIZACRQ (imported row index 1038)",2026-08-11,verified_against_current_official_source
STARK-item-U8GTQELI,STAR-K,Scotch,"Glenglassaugh (""ssoch"")",Torfa,Approved,,False,false,no_evidence,False,True,False,False,,STAR-K approves this Scotch without requiring a kosher symbol on the bottle.,https://www.star-k.org/resource/list/W56J90P5/all_liquor#item-U8GTQELI,"STAR-K all_liquor listing, item block item-U8GTQELI (imported row index 1039)",2026-08-11,verified_against_current_official_source
STARK-item-17LNGM7U,STAR-K,Scotch,Glengoyne,10 Year Old,Not Approved,,False,,no_evidence,False,False,False,True,,STAR-K lists this Scotch as Not Approved. Do not use it.,https://www.star-k.org/resource/list/W56J90P5/all_liquor#item-17LNGM7U,"STAR-K all_liquor listing, item block item-17LNGM7U (imported row index 1040)",2026-08-11,verified_against_current_official_source
STARK-item-3GJGVO1M,STAR-K,Scotch,Glengoyne,12 Year Old,Not Approved,,False,,no_evidence,False,False,False,True,,STAR-K lists this Scotch as Not Approved. Do not use it.,https://www.star-k.org/resource/list/W56J90P5/all_liquor#item-3GJGVO1M,"STAR-K all_liquor listing, item block item-3GJGVO1M (imported row index 1041)",2026-08-11,verified_against_current_official_source
STARK-item-WD6SBWIU,STAR-K,Scotch,Glengoyne,15 Year Old,Not Approved,,False,,no_evidence,False,False,False,True,,STAR-K lists this Scotch as Not Approved. Do not use it.,https://www.star-k.org/resource/list/W56J90P5/all_liquor#item-WD6SBWIU,"STAR-K all_liquor listing, item block item-WD6SBWIU (imported row index 1042)",2026-08-11,verified_against_current_official_source
STARK-item-YN4MQXCM,STAR-K,Scotch,Glengoyne,18 Year Old,Not Approved,,False,,no_evidence,False,False,False,True,,STAR-K lists this Scotch as Not Approved. Do not use it.,https://www.star-k.org/resource/list/W56J90P5/all_liquor#item-YN4MQXCM,"STAR-K all_liquor listing, item block item-YN4MQXCM (imported row index 1043)",2026-08-11,verified_against_current_official_source
STARK-item-ZX2F6Z7E,STAR-K,Scotch,Glengoyne,21 Year Old,Not Approved,,False,,no_evidence,False,False,False,True,,STAR-K lists this Scotch as Not Approved. Do not use it.,https://www.star-k.org/resource/list/W56J90P5/all_liquor#item-ZX2F6Z7E,"STAR-K all_liquor listing, item block item-ZX2F6Z7E (imported row index 1044)",2026-08-11,verified_against_current_official_source
STARK-item-18Y0K2Z7,STAR-K,Scotch,Glengoyne,25 Year Old,Not Approved,,False,,no_evidence,False,False,False,True,,STAR-K lists this Scotch as Not Approved. Do not use it.,https://www.star-k.org/resource/list/W56J90P5/all_liquor#item-18Y0K2Z7,"STAR-K all_liquor listing, item block item-18Y0K2Z7 (imported row index 1045)",2026-08-11,verified_against_current_official_source
STARK-item-4WRUWAHY,STAR-K,Scotch,Glengoyne,Cask Strength,Not Approved,,False,,no_evidence,False,False,False,True,,STAR-K lists this Scotch as Not Approved. Do not use it.,https://www.star-k.org/resource/list/W56J90P5/all_liquor#item-4WRUWAHY,"STAR-K all_liquor listing, item block item-4WRUWAHY (imported row index 1046)",2026-08-11,verified_against_current_official_source
STARK-item-RM91SRBQ,STAR-K,Scotch,Glenkinchie,12,Approved,,False,false,no_evidence,False,True,False,False,,STAR-K approves this Scotch without requiring a kosher symbol on the bottle.,https://www.star-k.org/resource/list/W56J90P5/all_liquor#item-RM91SRBQ,"STAR-K all_liquor listing, item block item-RM91SRBQ (imported row index 1047)",2026-08-11,verified_against_current_official_source
STARK-item-WHEM6GEA,STAR-K,Scotch,Glenkinchie,1990 20 Year Old,Approved,,False,false,no_evidence,False,True,False,False,,STAR-K approves this Scotch without requiring a kosher symbol on the bottle.,https://www.star-k.org/resource/list/W56J90P5/all_liquor#item-WHEM6GEA,"STAR-K all_liquor listing, item block item-WHEM6GEA (imported row index 1048)",2026-08-11,verified_against_current_official_source
STARK-item-TPRIHOAA,STAR-K,Scotch,Glenkinchie,Distiller's Edition,Not Approved,,False,,no_evidence,False,False,False,True,,STAR-K lists this Scotch as Not Approved. Do not use it.,https://www.star-k.org/resource/list/W56J90P5/all_liquor#item-TPRIHOAA,"STAR-K all_liquor listing, item block item-TPRIHOAA (imported row index 1049)",2026-08-11,verified_against_current_official_source
STARK-item-UFWI06AU,STAR-K,Scotch,Glenlivet,12 Year Old,Approved,,False,false,no_evidence,False,True,False,False,,STAR-K approves this Scotch without requiring a kosher symbol on the bottle.,https://www.star-k.org/resource/list/W56J90P5/all_liquor#item-UFWI06AU,"STAR-K all_liquor listing, item block item-UFWI06AU (imported row index 1050)",2026-08-11,verified_against_current_official_source
STARK-item-VPTCO85M,STAR-K,Scotch,Glenlivet,12 Year Old First Fill,Approved,,False,false,no_evidence,False,True,False,False,,STAR-K approves this Scotch without requiring a kosher symbol on the bottle.,https://www.star-k.org/resource/list/W56J90P5/all_liquor#item-VPTCO85M,"STAR-K all_liquor listing, item block item-VPTCO85M (imported row index 1051)",2026-08-11,verified_against_current_official_source
STARK-item-UZOBWQ53,STAR-K,Scotch,Glenlivet,12 Year Old Travel Retail,Approved,,False,false,no_evidence,False,True,False,False,,STAR-K approves this Scotch without requiring a kosher symbol on the bottle.,https://www.star-k.org/resource/list/W56J90P5/all_liquor#item-UZOBWQ53,"STAR-K all_liquor listing, item block item-UZOBWQ53 (imported row index 1052)",2026-08-11,verified_against_current_official_source
STARK-item-4QDC2OPY,STAR-K,Scotch,Glenlivet,14,Not Approved,,False,,no_evidence,False,False,False,True,,STAR-K lists this Scotch as Not Approved. Do not use it.,https://www.star-k.org/resource/list/W56J90P5/all_liquor#item-4QDC2OPY,"STAR-K all_liquor listing, item block item-4QDC2OPY (imported row index 1053)",2026-08-11,verified_against_current_official_source
STARK-item-T75NMVYA,STAR-K,Scotch,Glenlivet,15 French Oak,Approved,,False,false,no_evidence,False,True,False,False,,STAR-K approves this Scotch without requiring a kosher symbol on the bottle.,https://www.star-k.org/resource/list/W56J90P5/all_liquor#item-T75NMVYA,"STAR-K all_liquor listing, item block item-T75NMVYA (imported row index 1054)",2026-08-11,verified_against_current_official_source
STARK-item-WZR640YE,STAR-K,Scotch,Glenlivet,15 Year Old Travel Retail,Approved,,False,false,no_evidence,False,True,False,False,,STAR-K approves this Scotch without requiring a kosher symbol on the bottle.,https://www.star-k.org/resource/list/W56J90P5/all_liquor#item-WZR640YE,"STAR-K all_liquor listing, item block item-WZR640YE (imported row index 1055)",2026-08-11,verified_against_current_official_source
STARK-item-WQZAGZMU,STAR-K,Scotch,Glenlivet,18,Not Approved,,False,,no_evidence,False,False,False,True,,STAR-K lists this Scotch as Not Approved. Do not use it.,https://www.star-k.org/resource/list/W56J90P5/all_liquor#item-WQZAGZMU,"STAR-K all_liquor listing, item block item-WQZAGZMU (imported row index 1056)",2026-08-11,verified_against_current_official_source
STARK-item-ZJNSXDLY,STAR-K,Scotch,Glenlivet,Alpha,Approved,,False,false,no_evidence,False,True,False,False,,STAR-K approves this Scotch without requiring a kosher symbol on the bottle.,https://www.star-k.org/resource/list/W56J90P5/all_liquor#item-ZJNSXDLY,"STAR-K all_liquor listing, item block item-ZJNSXDLY (imported row index 1057)",2026-08-11,verified_against_current_official_source
STARK-item-UGU0KGN7,STAR-K,Scotch,Glenlivet,Archive 21,Not Approved,,False,,no_evidence,False,False,False,True,,STAR-K lists this Scotch as Not Approved. Do not use it.,https://www.star-k.org/resource/list/W56J90P5/all_liquor#item-UGU0KGN7,"STAR-K all_liquor listing, item block item-UGU0KGN7 (imported row index 1058)",2026-08-11,verified_against_current_official_source
STARK-item-UT07HSUA,STAR-K,Scotch,Glenlivet,Caribbean Reserve,Approved,,False,false,no_evidence,False,True,False,False,,STAR-K approves this Scotch without requiring a kosher symbol on the bottle.,https://www.star-k.org/resource/list/W56J90P5/all_liquor#item-UT07HSUA,"STAR-K all_liquor listing, item block item-UT07HSUA (imported row index 1059)",2026-08-11,verified_against_current_official_source
STARK-item-4QG0AQUE,STAR-K,Scotch,Glenlivet,Cipher,Not Approved,,False,,no_evidence,False,False,False,True,,STAR-K lists this Scotch as Not Approved. Do not use it.,https://www.star-k.org/resource/list/W56J90P5/all_liquor#item-4QG0AQUE,"STAR-K all_liquor listing, item block item-4QG0AQUE (imported row index 1060)",2026-08-11,verified_against_current_official_source
STARK-item-WJVX673A,STAR-K,Scotch,Glenlivet,Cognac Cask,Not Approved,,False,,no_evidence,False,False,False,True,,STAR-K lists this Scotch as Not Approved. Do not use it.,https://www.star-k.org/resource/list/W56J90P5/all_liquor#item-WJVX673A,"STAR-K all_liquor listing, item block item-WJVX673A (imported row index 1061)",2026-08-11,verified_against_current_official_source
STARK-item-S7XF6EUE,STAR-K,Scotch,Glenlivet,Founder's Reserve,Approved,,False,false,no_evidence,False,True,False,False,,STAR-K approves this Scotch without requiring a kosher symbol on the bottle.,https://www.star-k.org/resource/list/W56J90P5/all_liquor#item-S7XF6EUE,"STAR-K all_liquor listing, item block item-S7XF6EUE (imported row index 1062)",2026-08-11,verified_against_current_official_source
STARK-item-3DG98I3A,STAR-K,Scotch,Glenlivet,Minmore Single Cask #22378 18 YO,Approved,,False,false,no_evidence,False,True,False,False,,STAR-K approves this Scotch without requiring a kosher symbol on the bottle.,https://www.star-k.org/resource/list/W56J90P5/all_liquor#item-3DG98I3A,"STAR-K all_liquor listing, item block item-3DG98I3A (imported row index 1063)",2026-08-11,verified_against_current_official_source
STARK-item-VG3G2XS3,STAR-K,Scotch,Glenlivet,Nadurra 16,Approved,,False,false,no_evidence,False,True,False,False,,STAR-K approves this Scotch without requiring a kosher symbol on the bottle.,https://www.star-k.org/resource/list/W56J90P5/all_liquor#item-VG3G2XS3,"STAR-K all_liquor listing, item block item-VG3G2XS3 (imported row index 1064)",2026-08-11,verified_against_current_official_source
STARK-item-24JFSG0I,STAR-K,Scotch,Glenlivet,Nadurra First Fill American Oak,Approved,,False,false,no_evidence,False,True,False,False,,STAR-K approves this Scotch without requiring a kosher symbol on the bottle.,https://www.star-k.org/resource/list/W56J90P5/all_liquor#item-24JFSG0I,"STAR-K all_liquor listing, item block item-24JFSG0I (imported row index 1065)",2026-08-11,verified_against_current_official_source
STARK-item-3DL8TKKM,STAR-K,Scotch,Glenlivet,Triple Cask,Not Approved,,False,,no_evidence,False,False,False,True,,STAR-K lists this Scotch as Not Approved. Do not use it.,https://www.star-k.org/resource/list/W56J90P5/all_liquor#item-3DL8TKKM,"STAR-K all_liquor listing, item block item-3DL8TKKM (imported row index 1066)",2026-08-11,verified_against_current_official_source
STARK-item-VQS3ZIHY,STAR-K,Scotch,Glenlivet,XXV,Not Approved,,False,,no_evidence,False,False,False,True,,STAR-K lists this Scotch as Not Approved. Do not use it.,https://www.star-k.org/resource/list/W56J90P5/all_liquor#item-VQS3ZIHY,"STAR-K all_liquor listing, item block item-VQS3ZIHY (imported row index 1067)",2026-08-11,verified_against_current_official_source
STARK-item-V0M5BSYU,STAR-K,Scotch,Glenlossie,10 Year Old Flora & Fauna,Approved,,False,false,no_evidence,False,True,False,False,,STAR-K approves this Scotch without requiring a kosher symbol on the bottle.,https://www.star-k.org/resource/list/W56J90P5/all_liquor#item-V0M5BSYU,"STAR-K all_liquor listing, item block item-V0M5BSYU (imported row index 1068)",2026-08-11,verified_against_current_official_source
STARK-item-XQCGKH93,STAR-K,Scotch,Glenlossie,20 Year Old,Approved,,False,false,no_evidence,False,True,False,False,,STAR-K approves this Scotch without requiring a kosher symbol on the bottle.,https://www.star-k.org/resource/list/W56J90P5/all_liquor#item-XQCGKH93,"STAR-K all_liquor listing, item block item-XQCGKH93 (imported row index 1069)",2026-08-11,verified_against_current_official_source
STARK-item-X1X4V2GM,STAR-K,Scotch,Glenmorangie,10 (Original),Approved,,False,false,no_evidence,False,True,False,False,,STAR-K approves this Scotch without requiring a kosher symbol on the bottle.,https://www.star-k.org/resource/list/W56J90P5/all_liquor#item-X1X4V2GM,"STAR-K all_liquor listing, item block item-X1X4V2GM (imported row index 1070)",2026-08-11,verified_against_current_official_source
STARK-item-12Z0PXS3,STAR-K,Scotch,Glenmorangie,19 Year Old,Approved,,False,false,no_evidence,False,True,False,False,,STAR-K approves this Scotch without requiring a kosher symbol on the bottle.,https://www.star-k.org/resource/list/W56J90P5/all_liquor#item-12Z0PXS3,"STAR-K all_liquor listing, item block item-12Z0PXS3 (imported row index 1071)",2026-08-11,verified_against_current_official_source
STARK-item-2BX35ZMU,STAR-K,Scotch,Glenmorangie,Allta,Approved,,False,false,no_evidence,False,True,False,False,,STAR-K approves this Scotch without requiring a kosher symbol on the bottle.,https://www.star-k.org/resource/list/W56J90P5/all_liquor#item-2BX35ZMU,"STAR-K all_liquor listing, item block item-2BX35ZMU (imported row index 1072)",2026-08-11,verified_against_current_official_source
STARK-item-Y100ZJ3U,STAR-K,Scotch,Glenmorangie,Astar,Approved,,False,false,no_evidence,False,True,False,False,,STAR-K approves this Scotch without requiring a kosher symbol on the bottle.,https://www.star-k.org/resource/list/W56J90P5/all_liquor#item-Y100ZJ3U,"STAR-K all_liquor listing, item block item-Y100ZJ3U (imported row index 1073)",2026-08-11,verified_against_current_official_source
STARK-item-YTIR6WME,STAR-K,Scotch,Glenmorangie,Cellar 13,Approved,,False,false,no_evidence,False,True,False,False,,STAR-K approves this Scotch without requiring a kosher symbol on the bottle.,https://www.star-k.org/resource/list/W56J90P5/all_liquor#item-YTIR6WME,"STAR-K all_liquor listing, item block item-YTIR6WME (imported row index 1074)",2026-08-11,verified_against_current_official_source
STARK-item-ZA84ELWM,STAR-K,Scotch,Glenmorangie,Ealanta 19 Years Old,Approved,,False,false,no_evidence,False,True,False,False,,STAR-K approves this Scotch without requiring a kosher symbol on the bottle.,https://www.star-k.org/resource/list/W56J90P5/all_liquor#item-ZA84ELWM,"STAR-K all_liquor listing, item block item-ZA84ELWM (imported row index 1075)",2026-08-11,verified_against_current_official_source
STARK-item-37P58IHY,STAR-K,Scotch,Glenmorangie,Glenmorangie 18,Not Approved,,False,,no_evidence,False,False,False,True,,STAR-K lists this Scotch as Not Approved. Do not use it.,https://www.star-k.org/resource/list/W56J90P5/all_liquor#item-37P58IHY,"STAR-K all_liquor listing, item block item-37P58IHY (imported row index 1076)",2026-08-11,verified_against_current_official_source
STARK-item-VMMK3XJ7,STAR-K,Scotch,Glenmorangie,Nectar D'Or Quinta Ruban Lasanta,Not Approved,,False,,no_evidence,False,False,False,True,,STAR-K lists this Scotch as Not Approved. Do not use it.,https://www.star-k.org/resource/list/W56J90P5/all_liquor#item-VMMK3XJ7,"STAR-K all_liquor listing, item block item-VMMK3XJ7 (imported row index 1077)",2026-08-11,verified_against_current_official_source
STARK-item-RYW3AXQA,STAR-K,Scotch,Glenmorangie,Signet,Not Approved,,False,,no_evidence,False,False,False,True,,STAR-K lists this Scotch as Not Approved. Do not use it.,https://www.star-k.org/resource/list/W56J90P5/all_liquor#item-RYW3AXQA,"STAR-K all_liquor listing, item block item-RYW3AXQA (imported row index 1078)",2026-08-11,verified_against_current_official_source
STARK-item-4LVWJ2GM,STAR-K,Scotch,Glenmorangie,Spios,Approved,,False,false,no_evidence,False,True,False,False,,STAR-K approves this Scotch without requiring a kosher symbol on the bottle.,https://www.star-k.org/resource/list/W56J90P5/all_liquor#item-4LVWJ2GM,"STAR-K all_liquor listing, item block item-4LVWJ2GM (imported row index 1079)",2026-08-11,verified_against_current_official_source
STARK-item-Z4GLKYF7,STAR-K,Scotch,Glenrothes,Alba Reserve (when bearing KLBD),Approved,KLBD,True,true,no_evidence,True,False,True,False,,STAR-K approves this Scotch ONLY if the bottle actually bears the KLBD symbol. Without that symbol on the bottle it is not approved.,https://www.star-k.org/resource/list/W56J90P5/all_liquor#item-Z4GLKYF7,"STAR-K all_liquor listing, item block item-Z4GLKYF7 (imported row index 1080)",2026-08-11,verified_against_current_official_source
STARK-item-RCO9I2WM,STAR-K,Scotch,Glenrothes,Ancestor’s Reserve,Approved,,False,false,no_evidence,False,True,False,False,,STAR-K approves this Scotch without requiring a kosher symbol on the bottle.,https://www.star-k.org/resource/list/W56J90P5/all_liquor#item-RCO9I2WM,"STAR-K all_liquor listing, item block item-RCO9I2WM (imported row index 1081)",2026-08-11,verified_against_current_official_source
STARK-item-YLSXVLNQ,STAR-K,Scotch,Glenrothes,Bourbon Cask Reserve,Approved,,False,false,no_evidence,False,True,False,False,,STAR-K approves this Scotch without requiring a kosher symbol on the bottle.,https://www.star-k.org/resource/list/W56J90P5/all_liquor#item-YLSXVLNQ,"STAR-K all_liquor listing, item block item-YLSXVLNQ (imported row index 1082)",2026-08-11,verified_against_current_official_source
STARK-item-TMM2X4QE,STAR-K,Scotch,Glenrothes,Elder’s Reserve,Approved,,False,false,no_evidence,False,True,False,False,,STAR-K approves this Scotch without requiring a kosher symbol on the bottle.,https://www.star-k.org/resource/list/W56J90P5/all_liquor#item-TMM2X4QE,"STAR-K all_liquor listing, item block item-TMM2X4QE (imported row index 1083)",2026-08-11,verified_against_current_official_source
STARK-item-WWKEHYDY,STAR-K,Scotch,Glenrothes,Glenrothes,Not Approved,,False,,no_evidence,False,False,False,True,,STAR-K lists this Scotch as Not Approved. Do not use it.,https://www.star-k.org/resource/list/W56J90P5/all_liquor#item-WWKEHYDY,"STAR-K all_liquor listing, item block item-WWKEHYDY (imported row index 1084)",2026-08-11,verified_against_current_official_source
STARK-item-3FLD5Q53,STAR-K,Scotch,Glenrothes,Manse Reserve,Not Approved,,False,,no_evidence,False,False,False,True,,STAR-K lists this Scotch as Not Approved. Do not use it.,https://www.star-k.org/resource/list/W56J90P5/all_liquor#item-3FLD5Q53,"STAR-K all_liquor listing, item block item-3FLD5Q53 (imported row index 1085)",2026-08-11,verified_against_current_official_source
STARK-item-ZVQQANHI,STAR-K,Scotch,Glenrothes,Peated Cask Reserve,Approved,,False,false,no_evidence,False,True,False,False,,STAR-K approves this Scotch without requiring a kosher symbol on the bottle.,https://www.star-k.org/resource/list/W56J90P5/all_liquor#item-ZVQQANHI,"STAR-K all_liquor listing, item block item-ZVQQANHI (imported row index 1086)",2026-08-11,verified_against_current_official_source
STARK-item-4PJ8JSYU,STAR-K,Scotch,Glenrothes,Robur Reserve,Not Approved,,False,,no_evidence,False,False,False,True,,STAR-K lists this Scotch as Not Approved. Do not use it.,https://www.star-k.org/resource/list/W56J90P5/all_liquor#item-4PJ8JSYU,"STAR-K all_liquor listing, item block item-4PJ8JSYU (imported row index 1087)",2026-08-11,verified_against_current_official_source
STARK-item-WBU5GJTY,STAR-K,Scotch,Glenrothes,Select Reserve,Approved,,False,false,no_evidence,False,True,False,False,,STAR-K approves this Scotch without requiring a kosher symbol on the bottle.,https://www.star-k.org/resource/list/W56J90P5/all_liquor#item-WBU5GJTY,"STAR-K all_liquor listing, item block item-WBU5GJTY (imported row index 1088)",2026-08-11,verified_against_current_official_source
STARK-item-16OKPOAA,STAR-K,Scotch,Glenrothes,Sherry Cask Reserve,Not Approved,,False,,no_evidence,False,False,False,True,,STAR-K lists this Scotch as Not Approved. Do not use it.,https://www.star-k.org/resource/list/W56J90P5/all_liquor#item-16OKPOAA,"STAR-K all_liquor listing, item block item-16OKPOAA (imported row index 1089)",2026-08-11,verified_against_current_official_source
STARK-item-UWKUC6J7,STAR-K,Scotch,Glenrothes,Vintage Reserve,Not Approved,,False,,no_evidence,False,False,False,True,,STAR-K lists this Scotch as Not Approved. Do not use it.,https://www.star-k.org/resource/list/W56J90P5/all_liquor#item-UWKUC6J7,"STAR-K all_liquor listing, item block item-UWKUC6J7 (imported row index 1090)",2026-08-11,verified_against_current_official_source
STARK-item-2K6WTNQE,STAR-K,Scotch,Glenturret,1986 26 Year Old,Approved,,False,false,no_evidence,False,True,False,False,,STAR-K approves this Scotch without requiring a kosher symbol on the bottle.,https://www.star-k.org/resource/list/W56J90P5/all_liquor#item-2K6WTNQE,"STAR-K all_liquor listing, item block item-2K6WTNQE (imported row index 1091)",2026-08-11,verified_against_current_official_source
STARK-item-YXQXLT2Y,STAR-K,Scotch,Highland Mist,Blended Scotch Whisky,Not Approved,,False,,no_evidence,False,False,False,True,when purchased in the U.S.,STAR-K lists this Scotch as Not Approved. Do not use it. Condition recorded by STAR-K: when purchased in the U.S.,https://www.star-k.org/resource/list/W56J90P5/all_liquor#item-YXQXLT2Y,"STAR-K all_liquor listing, item block item-YXQXLT2Y (imported row index 1179)",2026-08-11,verified_against_current_official_source
STARK-item-R91XIAEE,STAR-K,Scotch,Highland Park,Full Volume Single Malt,Approved,,False,false,no_evidence,False,True,False,False,,STAR-K approves this Scotch without requiring a kosher symbol on the bottle.,https://www.star-k.org/resource/list/W56J90P5/all_liquor#item-R91XIAEE,"STAR-K all_liquor listing, item block item-R91XIAEE (imported row index 1180)",2026-08-11,verified_against_current_official_source
STARK-item-RDLA0ZR7,STAR-K,Scotch,Highland Park,Magnus,Not Approved,,False,,no_evidence,False,False,False,True,,STAR-K lists this Scotch as Not Approved. Do not use it.,https://www.star-k.org/resource/list/W56J90P5/all_liquor#item-RDLA0ZR7,"STAR-K all_liquor listing, item block item-RDLA0ZR7 (imported row index 1181)",2026-08-11,verified_against_current_official_source
STARK-item-3U4P9PJ7,STAR-K,Scotch,Highland Park,Vintage 2001,Approved,,False,false,no_evidence,False,True,False,False,,STAR-K approves this Scotch without requiring a kosher symbol on the bottle.,https://www.star-k.org/resource/list/W56J90P5/all_liquor#item-3U4P9PJ7,"STAR-K all_liquor listing, item block item-3U4P9PJ7 (imported row index 1182)",2026-08-11,verified_against_current_official_source
STARK-item-XNS47R87,STAR-K,Scotch,House Of Stuart,Blended Scotch Whisky,Not Approved,,False,,no_evidence,False,False,False,True,when purchased in the U.S.,STAR-K lists this Scotch as Not Approved. Do not use it. Condition recorded by STAR-K: when purchased in the U.S.,https://www.star-k.org/resource/list/W56J90P5/all_liquor#item-XNS47R87,"STAR-K all_liquor listing, item block item-XNS47R87 (imported row index 1208)",2026-08-11,verified_against_current_official_source
STARK-item-VDUARQEE,STAR-K,Scotch,Inver House,Scotch Whisky,Not Approved,,False,,no_evidence,False,False,False,True,,STAR-K lists this Scotch as Not Approved. Do not use it.,https://www.star-k.org/resource/list/W56J90P5/all_liquor#item-VDUARQEE,"STAR-K all_liquor listing, item block item-VDUARQEE (imported row index 1225)",2026-08-11,verified_against_current_official_source
STARK-item-UB28G4YA,STAR-K,Scotch,Isle of Jura,1995 Jo Barrels,Approved,,False,false,no_evidence,False,True,False,False,,STAR-K approves this Scotch without requiring a kosher symbol on the bottle.,https://www.star-k.org/resource/list/W56J90P5/all_liquor#item-UB28G4YA,"STAR-K all_liquor listing, item block item-UB28G4YA (imported row index 1226)",2026-08-11,verified_against_current_official_source
STARK-item-WLZ1V6S3,STAR-K,Scotch,Isle of Jura,1996 JN Barrels,Approved,,False,false,no_evidence,False,True,False,False,,STAR-K approves this Scotch without requiring a kosher symbol on the bottle.,https://www.star-k.org/resource/list/W56J90P5/all_liquor#item-WLZ1V6S3,"STAR-K all_liquor listing, item block item-WLZ1V6S3 (imported row index 1227)",2026-08-11,verified_against_current_official_source
STARK-item-RH9Q8YHY,STAR-K,Scotch,Isle of Jura,Elements- Fire,Approved,,False,false,no_evidence,False,True,False,False,,STAR-K approves this Scotch without requiring a kosher symbol on the bottle.,https://www.star-k.org/resource/list/W56J90P5/all_liquor#item-RH9Q8YHY,"STAR-K all_liquor listing, item block item-RH9Q8YHY (imported row index 1228)",2026-08-11,verified_against_current_official_source
STARK-item-SR7KMZBQ,STAR-K,Scotch,Isle of Jura,Origin 10 Years,Approved,,False,false,no_evidence,False,True,False,False,,STAR-K approves this Scotch without requiring a kosher symbol on the bottle.,https://www.star-k.org/resource/list/W56J90P5/all_liquor#item-SR7KMZBQ,"STAR-K all_liquor listing, item block item-SR7KMZBQ (imported row index 1229)",2026-08-11,verified_against_current_official_source
STARK-item-T24D226I,STAR-K,Scotch,Isle of Jura,Superstition,Approved,,False,false,no_evidence,False,True,False,False,,STAR-K approves this Scotch without requiring a kosher symbol on the bottle.,https://www.star-k.org/resource/list/W56J90P5/all_liquor#item-T24D226I,"STAR-K all_liquor listing, item block item-T24D226I (imported row index 1230)",2026-08-11,verified_against_current_official_source
STARK-item-SKE3SCUA,STAR-K,Scotch,J & B Scotch,J & B Scotch,Approved,,False,false,no_evidence,False,True,False,False,,STAR-K approves this Scotch without requiring a kosher symbol on the bottle.,https://www.star-k.org/resource/list/W56J90P5/all_liquor#item-SKE3SCUA,"STAR-K all_liquor listing, item block item-SKE3SCUA (imported row index 1232)",2026-08-11,verified_against_current_official_source
STARK-item-2MP54GIU,STAR-K,Scotch,Johnnie Walker,18 year old blend,Approved,,False,false,no_evidence,False,True,False,False,,STAR-K approves this Scotch without requiring a kosher symbol on the bottle.,https://www.star-k.org/resource/list/W56J90P5/all_liquor#item-2MP54GIU,"STAR-K all_liquor listing, item block item-2MP54GIU (imported row index 1367)",2026-08-11,verified_against_current_official_source
STARK-item-TTCV9EO3,STAR-K,Scotch,Johnnie Walker,Black Label,Approved,,False,false,no_evidence,False,True,False,False,,STAR-K approves this Scotch without requiring a kosher symbol on the bottle.,https://www.star-k.org/resource/list/W56J90P5/all_liquor#item-TTCV9EO3,"STAR-K all_liquor listing, item block item-TTCV9EO3 (imported row index 1368)",2026-08-11,verified_against_current_official_source
STARK-item-245XRZOM,STAR-K,Scotch,Johnnie Walker,Black Label Triple Cask,Approved,,False,false,no_evidence,False,True,False,False,,STAR-K approves this Scotch without requiring a kosher symbol on the bottle.,https://www.star-k.org/resource/list/W56J90P5/all_liquor#item-245XRZOM,"STAR-K all_liquor listing, item block item-245XRZOM (imported row index 1369)",2026-08-11,verified_against_current_official_source
STARK-item-U4APNGIU,STAR-K,Scotch,Johnnie Walker,Blue Label,Not Approved,,False,,no_evidence,False,False,False,True,,STAR-K lists this Scotch as Not Approved. Do not use it.,https://www.star-k.org/resource/list/W56J90P5/all_liquor#item-U4APNGIU,"STAR-K all_liquor listing, item block item-U4APNGIU (imported row index 1370)",2026-08-11,verified_against_current_official_source
STARK-item-VD9I3HCM,STAR-K,Scotch,Johnnie Walker,Double Black,Approved,,False,false,no_evidence,False,True,False,False,,STAR-K approves this Scotch without requiring a kosher symbol on the bottle.,https://www.star-k.org/resource/list/W56J90P5/all_liquor#item-VD9I3HCM,"STAR-K all_liquor listing, item block item-VD9I3HCM (imported row index 1371)",2026-08-11,verified_against_current_official_source
STARK-item-XN6CHJ7E,STAR-K,Scotch,Johnnie Walker,Gold Label,Approved,,False,false,no_evidence,False,True,False,False,,STAR-K approves this Scotch without requiring a kosher symbol on the bottle.,https://www.star-k.org/resource/list/W56J90P5/all_liquor#item-XN6CHJ7E,"STAR-K all_liquor listing, item block item-XN6CHJ7E (imported row index 1372)",2026-08-11,verified_against_current_official_source
STARK-item-YX46WLZ7,STAR-K,Scotch,Johnnie Walker,Green Label,Approved,,False,false,no_evidence,False,True,False,False,,STAR-K approves this Scotch without requiring a kosher symbol on the bottle.,https://www.star-k.org/resource/list/W56J90P5/all_liquor#item-YX46WLZ7,"STAR-K all_liquor listing, item block item-YX46WLZ7 (imported row index 1373)",2026-08-11,verified_against_current_official_source
STARK-item-Z82YBNTY,STAR-K,Scotch,Johnnie Walker,Red Label,Approved,,False,false,no_evidence,False,True,False,False,,STAR-K approves this Scotch without requiring a kosher symbol on the bottle.,https://www.star-k.org/resource/list/W56J90P5/all_liquor#item-Z82YBNTY,"STAR-K all_liquor listing, item block item-Z82YBNTY (imported row index 1374)",2026-08-11,verified_against_current_official_source
STARK-item-2HZSQPNQ,STAR-K,Scotch,Johnnie Walker,Walker Swing,Not Approved,,False,,no_evidence,False,False,False,True,,STAR-K lists this Scotch as Not Approved. Do not use it.,https://www.star-k.org/resource/list/W56J90P5/all_liquor#item-2HZSQPNQ,"STAR-K all_liquor listing, item block item-2HZSQPNQ (imported row index 1375)",2026-08-11,verified_against_current_official_source
STARK-item-TNJ5O2LY,STAR-K,Scotch,Johnnie Walker,Wine Cask Blend,Not Approved,,False,,no_evidence,False,False,False,True,,STAR-K lists this Scotch as Not Approved. Do not use it.,https://www.star-k.org/resource/list/W56J90P5/all_liquor#item-TNJ5O2LY,"STAR-K all_liquor listing, item block item-TNJ5O2LY (imported row index 1376)",2026-08-11,verified_against_current_official_source
STARK-item-3RXL6RHI,STAR-K,Scotch,Jura,Origin Single Malt Scotch Whisky,Not Approved,,False,,no_evidence,False,False,False,True,,STAR-K lists this Scotch as Not Approved. Do not use it.,https://www.star-k.org/resource/list/W56J90P5/all_liquor#item-3RXL6RHI,"STAR-K all_liquor listing, item block item-3RXL6RHI (imported row index 1391)",2026-08-11,verified_against_current_official_source
STARK-item-RE3M51EA,STAR-K,Scotch,Jura,Prophecy,Approved,,False,false,no_evidence,False,True,False,False,,STAR-K approves this Scotch without requiring a kosher symbol on the bottle.,https://www.star-k.org/resource/list/W56J90P5/all_liquor#item-RE3M51EA,"STAR-K all_liquor listing, item block item-RE3M51EA (imported row index 1392)",2026-08-11,verified_against_current_official_source
STARK-item-SO1GJ293,STAR-K,Scotch,Jura,Superstition,Approved,,False,false,no_evidence,False,True,False,False,,STAR-K approves this Scotch without requiring a kosher symbol on the bottle.,https://www.star-k.org/resource/list/W56J90P5/all_liquor#item-SO1GJ293,"STAR-K all_liquor listing, item block item-SO1GJ293 (imported row index 1393)",2026-08-11,verified_against_current_official_source
STARK-item-XVXTA8MU,STAR-K,Scotch,Kilchoman,100% Islay,Approved,,False,false,no_evidence,False,True,False,False,,STAR-K approves this Scotch without requiring a kosher symbol on the bottle.,https://www.star-k.org/resource/list/W56J90P5/all_liquor#item-XVXTA8MU,"STAR-K all_liquor listing, item block item-XVXTA8MU (imported row index 1424)",2026-08-11,verified_against_current_official_source
STARK-item-Y6VNP0GM,STAR-K,Scotch,Kilchoman,100% Islay 3rd Edition,Approved,,False,false,no_evidence,False,True,False,False,,STAR-K approves this Scotch without requiring a kosher symbol on the bottle.,https://www.star-k.org/resource/list/W56J90P5/all_liquor#item-Y6VNP0GM,"STAR-K all_liquor listing, item block item-Y6VNP0GM (imported row index 1425)",2026-08-11,verified_against_current_official_source
STARK-item-1FTG5AAE,STAR-K,Scotch,Kilchoman,2006 Vintage,Approved,,False,false,no_evidence,False,True,False,False,,STAR-K approves this Scotch without requiring a kosher symbol on the bottle.,https://www.star-k.org/resource/list/W56J90P5/all_liquor#item-1FTG5AAE,"STAR-K all_liquor listing, item block item-1FTG5AAE (imported row index 1426)",2026-08-11,verified_against_current_official_source
STARK-item-2PQAJC47,STAR-K,Scotch,Kilchoman,2008 Bourbon Cask,Approved,,False,false,no_evidence,False,True,False,False,,STAR-K approves this Scotch without requiring a kosher symbol on the bottle.,https://www.star-k.org/resource/list/W56J90P5/all_liquor#item-2PQAJC47,"STAR-K all_liquor listing, item block item-2PQAJC47 (imported row index 1427)",2026-08-11,verified_against_current_official_source
STARK-item-3ZO4ZEXY,STAR-K,Scotch,Kilchoman,Winter 2010 Release,Approved,,False,false,no_evidence,False,True,False,False,,STAR-K approves this Scotch without requiring a kosher symbol on the bottle.,https://www.star-k.org/resource/list/W56J90P5/all_liquor#item-3ZO4ZEXY,"STAR-K all_liquor listing, item block item-3ZO4ZEXY (imported row index 1428)",2026-08-11,verified_against_current_official_source
STARK-item-RMT5YNVQ,STAR-K,Scotch,Kilkerran (Glengyle),Work in Progress 5 Bourbon,Approved,,False,false,no_evidence,False,True,False,False,,STAR-K approves this Scotch without requiring a kosher symbol on the bottle.,https://www.star-k.org/resource/list/W56J90P5/all_liquor#item-RMT5YNVQ,"STAR-K all_liquor listing, item block item-RMT5YNVQ (imported row index 1429)",2026-08-11,verified_against_current_official_source
STARK-item-SWRXDPPI,STAR-K,Scotch,Kilkerran (Glengyle),Work in Progress 6 Bourbon,Approved,,False,false,no_evidence,False,True,False,False,,STAR-K approves this Scotch without requiring a kosher symbol on the bottle.,https://www.star-k.org/resource/list/W56J90P5/all_liquor#item-SWRXDPPI,"STAR-K all_liquor listing, item block item-SWRXDPPI (imported row index 1430)",2026-08-11,verified_against_current_official_source
STARK-item-2URJ57XY,STAR-K,Scotch,Lagavulin,12,Approved,,False,false,no_evidence,False,True,False,False,,STAR-K approves this Scotch without requiring a kosher symbol on the bottle.,https://www.star-k.org/resource/list/W56J90P5/all_liquor#item-2URJ57XY,"STAR-K all_liquor listing, item block item-2URJ57XY (imported row index 1442)",2026-08-11,verified_against_current_official_source
STARK-item-T7PRSRIA,STAR-K,Scotch,Lagavulin,12 YO Cask Strength,Approved,,False,false,no_evidence,False,True,False,False,,STAR-K approves this Scotch without requiring a kosher symbol on the bottle.,https://www.star-k.org/resource/list/W56J90P5/all_liquor#item-T7PRSRIA,"STAR-K all_liquor listing, item block item-T7PRSRIA (imported row index 1443)",2026-08-11,verified_against_current_official_source
STARK-item-35ODJ9RQ,STAR-K,Scotch,Lagavulin,16,Approved,,False,false,no_evidence,False,True,False,False,,STAR-K approves this Scotch without requiring a kosher symbol on the bottle.,https://www.star-k.org/resource/list/W56J90P5/all_liquor#item-35ODJ9RQ,"STAR-K all_liquor listing, item block item-35ODJ9RQ (imported row index 1444)",2026-08-11,verified_against_current_official_source
STARK-item-UXHX44FQ,STAR-K,Scotch,Lagavulin,Distillers Edition,Not Approved,,False,,no_evidence,False,False,False,True,,STAR-K lists this Scotch as Not Approved. Do not use it.,https://www.star-k.org/resource/list/W56J90P5/all_liquor#item-UXHX44FQ,"STAR-K all_liquor listing, item block item-UXHX44FQ (imported row index 1445)",2026-08-11,verified_against_current_official_source
STARK-item-TBP1DKC3,STAR-K,Scotch,Laphroaig,1/4 cask,Approved,,False,false,no_evidence,False,True,False,False,,STAR-K approves this Scotch without requiring a kosher symbol on the bottle.,https://www.star-k.org/resource/list/W56J90P5/all_liquor#item-TBP1DKC3,"STAR-K all_liquor listing, item block item-TBP1DKC3 (imported row index 1516)",2026-08-11,verified_against_current_official_source
STARK-item-RRUEJHPI,STAR-K,Scotch,Laphroaig,10,Approved,,False,false,no_evidence,False,True,False,False,,STAR-K approves this Scotch without requiring a kosher symbol on the bottle.,https://www.star-k.org/resource/list/W56J90P5/all_liquor#item-RRUEJHPI,"STAR-K all_liquor listing, item block item-RRUEJHPI (imported row index 1517)",2026-08-11,verified_against_current_official_source
STARK-item-VGNK8SC3,STAR-K,Scotch,Laphroaig,10 Year Old Cask Strength,Approved,,False,false,no_evidence,False,True,False,False,,STAR-K approves this Scotch without requiring a kosher symbol on the bottle.,https://www.star-k.org/resource/list/W56J90P5/all_liquor#item-VGNK8SC3,"STAR-K all_liquor listing, item block item-VGNK8SC3 (imported row index 1518)",2026-08-11,verified_against_current_official_source
STARK-item-WQLEMU7U,STAR-K,Scotch,Laphroaig,15 Year Old,Approved,,False,false,no_evidence,False,True,False,False,,STAR-K approves this Scotch without requiring a kosher symbol on the bottle.,https://www.star-k.org/resource/list/W56J90P5/all_liquor#item-WQLEMU7U,"STAR-K all_liquor listing, item block item-WQLEMU7U (imported row index 1519)",2026-08-11,verified_against_current_official_source
STARK-item-S2R8YJIA,STAR-K,Scotch,Laphroaig,18 Cask Strength,Approved,,False,false,no_evidence,False,True,False,False,,STAR-K approves this Scotch without requiring a kosher symbol on the bottle.,https://www.star-k.org/resource/list/W56J90P5/all_liquor#item-S2R8YJIA,"STAR-K all_liquor listing, item block item-S2R8YJIA (imported row index 1520)",2026-08-11,verified_against_current_official_source
STARK-item-X1I82W1M,STAR-K,Scotch,Laphroaig,18 Year Old,Approved,,False,false,no_evidence,False,True,False,False,,STAR-K approves this Scotch without requiring a kosher symbol on the bottle.,https://www.star-k.org/resource/list/W56J90P5/all_liquor#item-X1I82W1M,"STAR-K all_liquor listing, item block item-X1I82W1M (imported row index 1521)",2026-08-11,verified_against_current_official_source
STARK-item-1PDUQ5UA,STAR-K,Scotch,Laphroaig,25,Not Approved,,False,,no_evidence,False,False,False,True,,STAR-K lists this Scotch as Not Approved. Do not use it.,https://www.star-k.org/resource/list/W56J90P5/all_liquor#item-1PDUQ5UA,"STAR-K all_liquor listing, item block item-1PDUQ5UA (imported row index 1522)",2026-08-11,verified_against_current_official_source
STARK-item-U9V3D6WM,STAR-K,Scotch,Laphroaig,PX Cask,Not Approved,,False,,no_evidence,False,False,False,True,,STAR-K lists this Scotch as Not Approved. Do not use it.,https://www.star-k.org/resource/list/W56J90P5/all_liquor#item-U9V3D6WM,"STAR-K all_liquor listing, item block item-U9V3D6WM (imported row index 1523)",2026-08-11,verified_against_current_official_source
STARK-item-YAG2GYUE,STAR-K,Scotch,Laphroaig,QA Cask,Approved,,False,false,no_evidence,False,True,False,False,,STAR-K approves this Scotch without requiring a kosher symbol on the bottle.,https://www.star-k.org/resource/list/W56J90P5/all_liquor#item-YAG2GYUE,"STAR-K all_liquor listing, item block item-YAG2GYUE (imported row index 1524)",2026-08-11,verified_against_current_official_source
STARK-item-WITWS8QE,STAR-K,Scotch,Laphroaig,Select,Not Approved,,False,,no_evidence,False,False,False,True,,STAR-K lists this Scotch as Not Approved. Do not use it.,https://www.star-k.org/resource/list/W56J90P5/all_liquor#item-WITWS8QE,"STAR-K all_liquor listing, item block item-WITWS8QE (imported row index 1525)",2026-08-11,verified_against_current_official_source
STARK-item-XSRP80J7,STAR-K,Scotch,Laphroaig,Triple Wood,Not Approved,,False,,no_evidence,False,False,False,True,,STAR-K lists this Scotch as Not Approved. Do not use it.,https://www.star-k.org/resource/list/W56J90P5/all_liquor#item-XSRP80J7,"STAR-K all_liquor listing, item block item-XSRP80J7 (imported row index 1526)",2026-08-11,verified_against_current_official_source
STARK-item-U4XGCOKM,STAR-K,Scotch,Lauder's,Lauder's,Not Approved,,False,,no_evidence,False,False,False,True,when purchased in the United States,STAR-K lists this Scotch as Not Approved. Do not use it. Condition recorded by STAR-K: when purchased in the United States,https://www.star-k.org/resource/list/W56J90P5/all_liquor#item-U4XGCOKM,"STAR-K all_liquor listing, item block item-U4XGCOKM (imported row index 1528)",2026-08-11,verified_against_current_official_source
STARK-item-TTZNXMQU,STAR-K,Scotch,Legacy,Blended Scotch Whisky,Not Approved,,False,,no_evidence,False,False,False,True,when purchased in the U.S.,STAR-K lists this Scotch as Not Approved. Do not use it. Condition recorded by STAR-K: when purchased in the U.S.,https://www.star-k.org/resource/list/W56J90P5/all_liquor#item-TTZNXMQU,"STAR-K all_liquor listing, item block item-TTZNXMQU (imported row index 1539)",2026-08-11,verified_against_current_official_source
STARK-item-1KEUV1N7,STAR-K,Scotch,Littlemill (Closed),21 Year Old Second Edition,Approved,,False,false,no_evidence,False,True,False,False,,STAR-K approves this Scotch without requiring a kosher symbol on the bottle.,https://www.star-k.org/resource/list/W56J90P5/all_liquor#item-1KEUV1N7,"STAR-K all_liquor listing, item block item-1KEUV1N7 (imported row index 1607)",2026-08-11,verified_against_current_official_source
STARK-item-2TCNA3HY,STAR-K,Scotch,Longmorn,16 Year Old,Approved,,False,false,no_evidence,False,True,False,False,,STAR-K approves this Scotch without requiring a kosher symbol on the bottle.,https://www.star-k.org/resource/list/W56J90P5/all_liquor#item-2TCNA3HY,"STAR-K all_liquor listing, item block item-2TCNA3HY (imported row index 1613)",2026-08-11,verified_against_current_official_source
STARK-item-34AHP4BQ,STAR-K,Scotch,Longrow (Springbank),1990 9 Year Old Cask,Approved,,False,false,no_evidence,False,True,False,False,,STAR-K approves this Scotch without requiring a kosher symbol on the bottle.,https://www.star-k.org/resource/list/W56J90P5/all_liquor#item-34AHP4BQ,"STAR-K all_liquor listing, item block item-34AHP4BQ (imported row index 1614)",2026-08-11,verified_against_current_official_source
STARK-item-2ZBN67O3,STAR-K,Scotch,Macallan,Macallan,Not Approved,,False,,no_evidence,False,False,False,True,,STAR-K lists this Scotch as Not Approved. Do not use it.,https://www.star-k.org/resource/list/W56J90P5/all_liquor#item-2ZBN67O3,"STAR-K all_liquor listing, item block item-2ZBN67O3 (imported row index 1627)",2026-08-11,verified_against_current_official_source
STARK-item-VLNUSM7U,STAR-K,Scotch,McClellands,Highland Single Malt (if does not list sherry casks),Approved,,False,false,no_evidence,False,True,False,False,(if does not list sherry casks),STAR-K approves this Scotch without requiring a kosher symbol on the bottle. Condition recorded by STAR-K: (if does not list sherry casks),https://www.star-k.org/resource/list/W56J90P5/all_liquor#item-VLNUSM7U,"STAR-K all_liquor listing, item block item-VLNUSM7U (imported row index 1660)",2026-08-11,verified_against_current_official_source
STARK-item-X6JHMQUE,STAR-K,Scotch,McClellands,Islay Single Malt (if does not list sherry casks),Approved,,False,false,no_evidence,False,True,False,False,(if does not list sherry casks),STAR-K approves this Scotch without requiring a kosher symbol on the bottle. Condition recorded by STAR-K: (if does not list sherry casks),https://www.star-k.org/resource/list/W56J90P5/all_liquor#item-X6JHMQUE,"STAR-K all_liquor listing, item block item-X6JHMQUE (imported row index 1661)",2026-08-11,verified_against_current_official_source
STARK-item-WVLN8O1M,STAR-K,Scotch,McClellands,Lowland,Approved,,False,false,no_evidence,False,True,False,False,,STAR-K approves this Scotch without requiring a kosher symbol on the bottle.,https://www.star-k.org/resource/list/W56J90P5/all_liquor#item-WVLN8O1M,"STAR-K all_liquor listing, item block item-WVLN8O1M (imported row index 1662)",2026-08-11,verified_against_current_official_source
STARK-item-3WIZWGUA,STAR-K,Scotch,McClellands,Speyside Single Malt,Approved,,False,false,no_evidence,False,True,False,False,,STAR-K approves this Scotch without requiring a kosher symbol on the bottle.,https://www.star-k.org/resource/list/W56J90P5/all_liquor#item-3WIZWGUA,"STAR-K all_liquor listing, item block item-3WIZWGUA (imported row index 1663)",2026-08-11,verified_against_current_official_source
STARK-item-2MK7HE2I,STAR-K,Scotch,McClellands,Speyside Single Malt Single Malt (if does not list sherry casks),Approved,,False,false,no_evidence,False,True,False,False,(if does not list sherry casks),STAR-K approves this Scotch without requiring a kosher symbol on the bottle. Condition recorded by STAR-K: (if does not list sherry casks),https://www.star-k.org/resource/list/W56J90P5/all_liquor#item-2MK7HE2I,"STAR-K all_liquor listing, item block item-2MK7HE2I (imported row index 1664)",2026-08-11,verified_against_current_official_source
STARK-item-ZCMC2C8Q,STAR-K,Scotch,Monkey Shoulder,Monkey Shoulder,Approved,,False,false,no_evidence,False,True,False,False,,STAR-K approves this Scotch without requiring a kosher symbol on the bottle.,https://www.star-k.org/resource/list/W56J90P5/all_liquor#item-ZCMC2C8Q,"STAR-K all_liquor listing, item block item-ZCMC2C8Q (imported row index 1709)",2026-08-11,verified_against_current_official_source
STARK-item-ZFGA2SN7,STAR-K,Scotch,Oban,14,Approved,,False,false,no_evidence,False,True,False,False,,STAR-K approves this Scotch without requiring a kosher symbol on the bottle.,https://www.star-k.org/resource/list/W56J90P5/all_liquor#item-ZFGA2SN7,"STAR-K all_liquor listing, item block item-ZFGA2SN7 (imported row index 1743)",2026-08-11,verified_against_current_official_source
STARK-item-1PE5GUHY,STAR-K,Scotch,Oban,18,Approved,,False,false,no_evidence,False,True,False,False,,STAR-K approves this Scotch without requiring a kosher symbol on the bottle.,https://www.star-k.org/resource/list/W56J90P5/all_liquor#item-1PE5GUHY,"STAR-K all_liquor listing, item block item-1PE5GUHY (imported row index 1744)",2026-08-11,verified_against_current_official_source
STARK-item-RJN1VPS3,STAR-K,Scotch,Oban,1993 Distillers Edition,Not Approved,,False,,no_evidence,False,False,False,True,,STAR-K lists this Scotch as Not Approved. Do not use it.,https://www.star-k.org/resource/list/W56J90P5/all_liquor#item-RJN1VPS3,"STAR-K all_liquor listing, item block item-RJN1VPS3 (imported row index 1745)",2026-08-11,verified_against_current_official_source
STARK-item-T06S4SKM,STAR-K,Scotch,Oban,Little Bay,Approved,,False,false,no_evidence,False,True,False,False,,STAR-K approves this Scotch without requiring a kosher symbol on the bottle.,https://www.star-k.org/resource/list/W56J90P5/all_liquor#item-T06S4SKM,"STAR-K all_liquor listing, item block item-T06S4SKM (imported row index 1746)",2026-08-11,verified_against_current_official_source
STARK-item-2YCXVVBQ,STAR-K,Scotch,Old Pulteney,12,Approved,,False,false,no_evidence,False,True,False,False,,STAR-K approves this Scotch without requiring a kosher symbol on the bottle.,https://www.star-k.org/resource/list/W56J90P5/all_liquor#item-2YCXVVBQ,"STAR-K all_liquor listing, item block item-2YCXVVBQ (imported row index 1759)",2026-08-11,verified_against_current_official_source
STARK-item-RRFIOC0I,STAR-K,Scotch,Old Pulteney,12 Year Old,Approved,,False,false,no_evidence,False,True,False,False,,STAR-K approves this Scotch without requiring a kosher symbol on the bottle.,https://www.star-k.org/resource/list/W56J90P5/all_liquor#item-RRFIOC0I,"STAR-K all_liquor listing, item block item-RRFIOC0I (imported row index 1760)",2026-08-11,verified_against_current_official_source
STARK-item-TAA6JGW3,STAR-K,Scotch,Old Pulteney,30 Year Old,Approved,,False,false,no_evidence,False,True,False,False,,STAR-K approves this Scotch without requiring a kosher symbol on the bottle.,https://www.star-k.org/resource/list/W56J90P5/all_liquor#item-TAA6JGW3,"STAR-K all_liquor listing, item block item-TAA6JGW3 (imported row index 1761)",2026-08-11,verified_against_current_official_source
STARK-item-S1CB5E3A,STAR-K,Scotch,Old Pulteney,Noss Head,Approved,,False,false,no_evidence,False,True,False,False,,STAR-K approves this Scotch without requiring a kosher symbol on the bottle.,https://www.star-k.org/resource/list/W56J90P5/all_liquor#item-S1CB5E3A,"STAR-K all_liquor listing, item block item-S1CB5E3A (imported row index 1762)",2026-08-11,verified_against_current_official_source
STARK-item-VK9YYIQU,STAR-K,Scotch,Pittyvaich (Closed),1989 20 Year Old,Approved,,False,false,no_evidence,False,True,False,False,,STAR-K approves this Scotch without requiring a kosher symbol on the bottle.,https://www.star-k.org/resource/list/W56J90P5/all_liquor#item-VK9YYIQU,"STAR-K all_liquor listing, item block item-VK9YYIQU (imported row index 1840)",2026-08-11,verified_against_current_official_source
STARK-item-X55LSMEE,STAR-K,Scotch,Scapa,14 Year Old,Approved,,False,false,no_evidence,False,True,False,False,,STAR-K approves this Scotch without requiring a kosher symbol on the bottle.,https://www.star-k.org/resource/list/W56J90P5/all_liquor#item-X55LSMEE,"STAR-K all_liquor listing, item block item-X55LSMEE (imported row index 2051)",2026-08-11,verified_against_current_official_source
STARK-item-WU7RDKKM,STAR-K,Scotch,Scapa,16 Year Old,Approved,,False,false,no_evidence,False,True,False,False,,STAR-K approves this Scotch without requiring a kosher symbol on the bottle.,https://www.star-k.org/resource/list/W56J90P5/all_liquor#item-WU7RDKKM,"STAR-K all_liquor listing, item block item-WU7RDKKM (imported row index 2052)",2026-08-11,verified_against_current_official_source
STARK-item-SJ2UIKW3,STAR-K,Scotch,Sir Malcolm,Blended Scotch Whisky,Not Approved,,False,,no_evidence,False,False,False,True,only when purchased in the U.S.,STAR-K lists this Scotch as Not Approved. Do not use it. Condition recorded by STAR-K: only when purchased in the U.S.,https://www.star-k.org/resource/list/W56J90P5/all_liquor#item-SJ2UIKW3,"STAR-K all_liquor listing, item block item-SJ2UIKW3 (imported row index 2077)",2026-08-11,verified_against_current_official_source
STARK-item-RWFR073A,STAR-K,Scotch,Speyburn,10,Not Approved,,False,,no_evidence,False,False,False,True,,STAR-K lists this Scotch as Not Approved. Do not use it.,https://www.star-k.org/resource/list/W56J90P5/all_liquor#item-RWFR073A,"STAR-K all_liquor listing, item block item-RWFR073A (imported row index 2105)",2026-08-11,verified_against_current_official_source
STARK-item-RXEIKHGM,STAR-K,Scotch,Speyburn,25,Not Approved,,False,,no_evidence,False,False,False,True,,STAR-K lists this Scotch as Not Approved. Do not use it.,https://www.star-k.org/resource/list/W56J90P5/all_liquor#item-RXEIKHGM,"STAR-K all_liquor listing, item block item-RXEIKHGM (imported row index 2106)",2026-08-11,verified_against_current_official_source
STARK-item-S6DLO9W3,STAR-K,Scotch,Speyburn,Bardan Orach,Approved,,False,false,no_evidence,False,True,False,False,,STAR-K approves this Scotch without requiring a kosher symbol on the bottle.,https://www.star-k.org/resource/list/W56J90P5/all_liquor#item-S6DLO9W3,"STAR-K all_liquor listing, item block item-S6DLO9W3 (imported row index 2107)",2026-08-11,verified_against_current_official_source
STARK-item-ZE3E8N87,STAR-K,Scotch,Springbank,12 Year Old 1991 Bourbon Wood,Approved,,False,false,no_evidence,False,True,False,False,,STAR-K approves this Scotch without requiring a kosher symbol on the bottle.,https://www.star-k.org/resource/list/W56J90P5/all_liquor#item-ZE3E8N87,"STAR-K all_liquor listing, item block item-ZE3E8N87 (imported row index 2110)",2026-08-11,verified_against_current_official_source
STARK-item-1OZ9MP2Y,STAR-K,Scotch,Strathmill,1996 Managers Choice,Approved,,False,false,no_evidence,False,True,False,False,,STAR-K approves this Scotch without requiring a kosher symbol on the bottle.,https://www.star-k.org/resource/list/W56J90P5/all_liquor#item-1OZ9MP2Y,"STAR-K all_liquor listing, item block item-1OZ9MP2Y (imported row index 2121)",2026-08-11,verified_against_current_official_source
STARK-item-2YX22RVQ,STAR-K,Scotch,Talisker,10 Year Old,Approved,,False,false,no_evidence,False,True,False,False,,STAR-K approves this Scotch without requiring a kosher symbol on the bottle.,https://www.star-k.org/resource/list/W56J90P5/all_liquor#item-2YX22RVQ,"STAR-K all_liquor listing, item block item-2YX22RVQ (imported row index 2140)",2026-08-11,verified_against_current_official_source
STARK-item-STLTARMU,STAR-K,Scotch,Talisker,12,Approved,,False,false,no_evidence,False,True,False,False,,STAR-K approves this Scotch without requiring a kosher symbol on the bottle.,https://www.star-k.org/resource/list/W56J90P5/all_liquor#item-STLTARMU,"STAR-K all_liquor listing, item block item-STLTARMU (imported row index 2141)",2026-08-11,verified_against_current_official_source
STARK-item-RV1WF3MA,STAR-K,Scotch,Talisker,18 Year Old,Approved,,False,false,no_evidence,False,True,False,False,,STAR-K approves this Scotch without requiring a kosher symbol on the bottle.,https://www.star-k.org/resource/list/W56J90P5/all_liquor#item-RV1WF3MA,"STAR-K all_liquor listing, item block item-RV1WF3MA (imported row index 2142)",2026-08-11,verified_against_current_official_source
STARK-item-T4JNPTGM,STAR-K,Scotch,Talisker,25,Approved,,False,false,no_evidence,False,True,False,False,,STAR-K approves this Scotch without requiring a kosher symbol on the bottle.,https://www.star-k.org/resource/list/W56J90P5/all_liquor#item-T4JNPTGM,"STAR-K all_liquor listing, item block item-T4JNPTGM (imported row index 2143)",2026-08-11,verified_against_current_official_source
STARK-item-UDHG5UAE,STAR-K,Scotch,Talisker,30,Approved,,False,false,no_evidence,False,True,False,False,,STAR-K approves this Scotch without requiring a kosher symbol on the bottle.,https://www.star-k.org/resource/list/W56J90P5/all_liquor#item-UDHG5UAE,"STAR-K all_liquor listing, item block item-UDHG5UAE (imported row index 2144)",2026-08-11,verified_against_current_official_source
STARK-item-S6YPU5G3,STAR-K,Scotch,Talisker,57 Degrees North,Approved,,False,false,no_evidence,False,True,False,False,,STAR-K approves this Scotch without requiring a kosher symbol on the bottle.,https://www.star-k.org/resource/list/W56J90P5/all_liquor#item-S6YPU5G3,"STAR-K all_liquor listing, item block item-S6YPU5G3 (imported row index 2145)",2026-08-11,verified_against_current_official_source
STARK-item-39VVGTPI,STAR-K,Scotch,Talisker,Dark Storm,Approved,,False,false,no_evidence,False,True,False,False,,STAR-K approves this Scotch without requiring a kosher symbol on the bottle.,https://www.star-k.org/resource/list/W56J90P5/all_liquor#item-39VVGTPI,"STAR-K all_liquor listing, item block item-39VVGTPI (imported row index 2146)",2026-08-11,verified_against_current_official_source
STARK-item-VUGDY0Z7,STAR-K,Scotch,Teachers,Highland Cream,Approved,,False,false,no_evidence,False,True,False,False,,STAR-K approves this Scotch without requiring a kosher symbol on the bottle.,https://www.star-k.org/resource/list/W56J90P5/all_liquor#item-VUGDY0Z7,"STAR-K all_liquor listing, item block item-VUGDY0Z7 (imported row index 2150)",2026-08-11,verified_against_current_official_source
STARK-item-ZNAT9FHI,STAR-K,Scotch,Teachers,Origin,Approved,,False,false,no_evidence,False,True,False,False,,STAR-K approves this Scotch without requiring a kosher symbol on the bottle.,https://www.star-k.org/resource/list/W56J90P5/all_liquor#item-ZNAT9FHI,"STAR-K all_liquor listing, item block item-ZNAT9FHI (imported row index 2151)",2026-08-11,verified_against_current_official_source
STARK-item-XDC1SDNQ,STAR-K,Scotch,Teachers,Single Malt,Approved,,False,false,no_evidence,False,True,False,False,,STAR-K approves this Scotch without requiring a kosher symbol on the bottle.,https://www.star-k.org/resource/list/W56J90P5/all_liquor#item-XDC1SDNQ,"STAR-K all_liquor listing, item block item-XDC1SDNQ (imported row index 2152)",2026-08-11,verified_against_current_official_source
STARK-item-W5E7DBTY,STAR-K,Scotch,Teachers,Teachers 25,Approved,,False,false,no_evidence,False,True,False,False,,STAR-K approves this Scotch without requiring a kosher symbol on the bottle.,https://www.star-k.org/resource/list/W56J90P5/all_liquor#item-W5E7DBTY,"STAR-K all_liquor listing, item block item-W5E7DBTY (imported row index 2153)",2026-08-11,verified_against_current_official_source
STARK-item-WNEAJW47,STAR-K,Scotch,Teachers,Teachers 50,Approved,,False,false,no_evidence,False,True,False,False,,STAR-K approves this Scotch without requiring a kosher symbol on the bottle.,https://www.star-k.org/resource/list/W56J90P5/all_liquor#item-WNEAJW47,"STAR-K all_liquor listing, item block item-WNEAJW47 (imported row index 2154)",2026-08-11,verified_against_current_official_source
STARK-item-S7BBZIAE,STAR-K,Scotch,The Arran,The Arran,Not Approved,,False,,no_evidence,False,False,False,True,,STAR-K lists this Scotch as Not Approved. Do not use it.,https://www.star-k.org/resource/list/W56J90P5/all_liquor#item-S7BBZIAE,"STAR-K all_liquor listing, item block item-S7BBZIAE (imported row index 2163)",2026-08-11,verified_against_current_official_source
STARK-item-SAJ4LTUU,STAR-K,Scotch,Tobermory,10 Year Old,Approved,,False,false,no_evidence,False,True,False,False,,STAR-K approves this Scotch without requiring a kosher symbol on the bottle.,https://www.star-k.org/resource/list/W56J90P5/all_liquor#item-SAJ4LTUU,"STAR-K all_liquor listing, item block item-SAJ4LTUU (imported row index 2188)",2026-08-11,verified_against_current_official_source
STARK-item-R1L07R13,STAR-K,Scotch,Tobermory,Ledaig 10 Year Old,Approved,,False,false,no_evidence,False,True,False,False,,STAR-K approves this Scotch without requiring a kosher symbol on the bottle.,https://www.star-k.org/resource/list/W56J90P5/all_liquor#item-R1L07R13,"STAR-K all_liquor listing, item block item-R1L07R13 (imported row index 2189)",2026-08-11,verified_against_current_official_source
STARK-item-UKHW1VOM,STAR-K,Scotch,Tomatin,15 Year Old,Approved,,False,false,no_evidence,False,True,False,False,,STAR-K approves this Scotch without requiring a kosher symbol on the bottle.,https://www.star-k.org/resource/list/W56J90P5/all_liquor#item-UKHW1VOM,"STAR-K all_liquor listing, item block item-UKHW1VOM (imported row index 2191)",2026-08-11,verified_against_current_official_source
STARK-item-VUFQFXIE,STAR-K,Scotch,Tomatin,Legacy Scotch,Approved,,False,false,no_evidence,False,True,False,False,,STAR-K approves this Scotch without requiring a kosher symbol on the bottle.,https://www.star-k.org/resource/list/W56J90P5/all_liquor#item-VUFQFXIE,"STAR-K all_liquor listing, item block item-VUFQFXIE (imported row index 2192)",2026-08-11,verified_against_current_official_source
STARK-item-UFBE4AQU,STAR-K,Scotch,Tomintoul,10,Approved,,False,false,no_evidence,False,True,False,False,,STAR-K approves this Scotch without requiring a kosher symbol on the bottle.,https://www.star-k.org/resource/list/W56J90P5/all_liquor#item-UFBE4AQU,"STAR-K all_liquor listing, item block item-UFBE4AQU (imported row index 2193)",2026-08-11,verified_against_current_official_source
STARK-item-Y7AWD1RQ,STAR-K,Scotch,Tomintoul,12,Not Approved,,False,,no_evidence,False,False,False,True,,STAR-K lists this Scotch as Not Approved. Do not use it.,https://www.star-k.org/resource/list/W56J90P5/all_liquor#item-Y7AWD1RQ,"STAR-K all_liquor listing, item block item-Y7AWD1RQ (imported row index 2194)",2026-08-11,verified_against_current_official_source
STARK-item-VP99ICKM,STAR-K,Scotch,Tomintoul,14,Approved,,False,false,no_evidence,False,True,False,False,,STAR-K approves this Scotch without requiring a kosher symbol on the bottle.,https://www.star-k.org/resource/list/W56J90P5/all_liquor#item-VP99ICKM,"STAR-K all_liquor listing, item block item-VP99ICKM (imported row index 2195)",2026-08-11,verified_against_current_official_source
STARK-item-W4DJUYB7,STAR-K,Scotch,Tomintoul,14 Year Old Kosher Port Cask,Approved,,False,false,no_evidence,False,True,False,False,,STAR-K approves this Scotch without requiring a kosher symbol on the bottle.,https://www.star-k.org/resource/list/W56J90P5/all_liquor#item-W4DJUYB7,"STAR-K all_liquor listing, item block item-W4DJUYB7 (imported row index 2196)",2026-08-11,verified_against_current_official_source
STARK-item-WZ72YEEE,STAR-K,Scotch,Tomintoul,16,Approved,,False,false,no_evidence,False,True,False,False,,STAR-K approves this Scotch without requiring a kosher symbol on the bottle.,https://www.star-k.org/resource/list/W56J90P5/all_liquor#item-WZ72YEEE,"STAR-K all_liquor listing, item block item-WZ72YEEE (imported row index 2197)",2026-08-11,verified_against_current_official_source
STARK-item-X05UDF87,STAR-K,Scotch,Tomintoul,21,Approved,,False,false,no_evidence,False,True,False,False,,STAR-K approves this Scotch without requiring a kosher symbol on the bottle.,https://www.star-k.org/resource/list/W56J90P5/all_liquor#item-X05UDF87,"STAR-K all_liquor listing, item block item-X05UDF87 (imported row index 2198)",2026-08-11,verified_against_current_official_source
STARK-item-XWC4YYXY,STAR-K,Scotch,Tomintoul,31,Approved,,False,false,no_evidence,False,True,False,False,,STAR-K approves this Scotch without requiring a kosher symbol on the bottle.,https://www.star-k.org/resource/list/W56J90P5/all_liquor#item-XWC4YYXY,"STAR-K all_liquor listing, item block item-XWC4YYXY (imported row index 2199)",2026-08-11,verified_against_current_official_source
STARK-item-ZJ3OSH2Y,STAR-K,Scotch,Tomintoul,33,Approved,,False,false,no_evidence,False,True,False,False,,STAR-K approves this Scotch without requiring a kosher symbol on the bottle.,https://www.star-k.org/resource/list/W56J90P5/all_liquor#item-ZJ3OSH2Y,"STAR-K all_liquor listing, item block item-ZJ3OSH2Y (imported row index 2200)",2026-08-11,verified_against_current_official_source
STARK-item-XDAC016Y,STAR-K,Scotch,Tomintoul,1976 Vintage,Approved,,False,false,no_evidence,False,True,False,False,,STAR-K approves this Scotch without requiring a kosher symbol on the bottle.,https://www.star-k.org/resource/list/W56J90P5/all_liquor#item-XDAC016Y,"STAR-K all_liquor listing, item block item-XDAC016Y (imported row index 2201)",2026-08-11,verified_against_current_official_source
STARK-item-1X7Z45TI,STAR-K,Scotch,Tomintoul,Old Ballantruan 'The Peated Malt',Approved,,False,false,no_evidence,False,True,False,False,,STAR-K approves this Scotch without requiring a kosher symbol on the bottle.,https://www.star-k.org/resource/list/W56J90P5/all_liquor#item-1X7Z45TI,"STAR-K all_liquor listing, item block item-1X7Z45TI (imported row index 2202)",2026-08-11,verified_against_current_official_source
STARK-item-ZN97O3ZQ,STAR-K,Scotch,Tomintoul,Old Ballantruan 10 Year Old,Approved,,False,false,no_evidence,False,True,False,False,,STAR-K approves this Scotch without requiring a kosher symbol on the bottle.,https://www.star-k.org/resource/list/W56J90P5/all_liquor#item-ZN97O3ZQ,"STAR-K all_liquor listing, item block item-ZN97O3ZQ (imported row index 2203)",2026-08-11,verified_against_current_official_source
STARK-item-1T1H8JVQ,STAR-K,Scotch,Tomintoul,Peaty Tang,Approved,,False,false,no_evidence,False,True,False,False,,STAR-K approves this Scotch without requiring a kosher symbol on the bottle.,https://www.star-k.org/resource/list/W56J90P5/all_liquor#item-1T1H8JVQ,"STAR-K all_liquor listing, item block item-1T1H8JVQ (imported row index 2204)",2026-08-11,verified_against_current_official_source
STARK-item-UG06EK47,STAR-K,Scotch,Tomintoul,Tomintoul,Not Approved,,False,,no_evidence,False,False,False,True,,STAR-K lists this Scotch as Not Approved. Do not use it.,https://www.star-k.org/resource/list/W56J90P5/all_liquor#item-UG06EK47,"STAR-K all_liquor listing, item block item-UG06EK47 (imported row index 2205)",2026-08-11,verified_against_current_official_source
STARK-item-24XBMLPI,STAR-K,Scotch,Tormore,12,Approved,,False,false,no_evidence,False,True,False,False,,STAR-K approves this Scotch without requiring a kosher symbol on the bottle.,https://www.star-k.org/resource/list/W56J90P5/all_liquor#item-24XBMLPI,"STAR-K all_liquor listing, item block item-24XBMLPI (imported row index 2232)",2026-08-11,verified_against_current_official_source
STARK-item-285TI7MA,STAR-K,Scotch,Tormore,14 Year Old,Approved,,False,false,no_evidence,False,True,False,False,,STAR-K approves this Scotch without requiring a kosher symbol on the bottle.,https://www.star-k.org/resource/list/W56J90P5/all_liquor#item-285TI7MA,"STAR-K all_liquor listing, item block item-285TI7MA (imported row index 2233)",2026-08-11,verified_against_current_official_source
STARK-item-4H3MX9G3,STAR-K,Scotch,Tormore,16 Year Old,Approved,,False,false,no_evidence,False,True,False,False,,STAR-K approves this Scotch without requiring a kosher symbol on the bottle.,https://www.star-k.org/resource/list/W56J90P5/all_liquor#item-4H3MX9G3,"STAR-K all_liquor listing, item block item-4H3MX9G3 (imported row index 2234)",2026-08-11,verified_against_current_official_source
STARK-item-TE6GCI9M,STAR-K,Scotch,Tullibardine,20 Year Old,Approved,,False,false,no_evidence,False,True,False,False,,STAR-K approves this Scotch without requiring a kosher symbol on the bottle.,https://www.star-k.org/resource/list/W56J90P5/all_liquor#item-TE6GCI9M,"STAR-K all_liquor listing, item block item-TE6GCI9M (imported row index 2272)",2026-08-11,verified_against_current_official_source
STARK-item-R58NXHEU,STAR-K,Scotch,Tullibardine,Sovereign Bourbon Cask,Approved,,False,false,no_evidence,False,True,False,False,,STAR-K approves this Scotch without requiring a kosher symbol on the bottle.,https://www.star-k.org/resource/list/W56J90P5/all_liquor#item-R58NXHEU,"STAR-K all_liquor listing, item block item-R58NXHEU (imported row index 2273)",2026-08-11,verified_against_current_official_source
CRC-row1731,cRc,Scotch,Balvenie,Doublewood 17 Year Old,Not Recommended,,False,,no_evidence,False,False,False,True,,"cRc lists this Scotch as ""Not Recommended"". Do not use it.",https://consumer.crckosher.org/liquor/full-liquor-list/,"cRc full liquor list, table row 1731 (category column = Scotch)",2026-08-11,verified_against_current_official_source
CRC-row1732,cRc,Scotch,Auchentoshan,American Oak,Certified,KLBD,True,true,no_evidence,True,False,True,False,Certified when bearing the KLBD logo,cRc certifies this Scotch ONLY when the bottle bears the KLBD logo. Check the bottle.,https://consumer.crckosher.org/liquor/full-liquor-list/,"cRc full liquor list, table row 1732 (category column = Scotch)",2026-08-11,verified_against_current_official_source
CRC-row1733,cRc,Scotch,Auchentoshan,Springwood,Acceptable (not certified),,False,false,no_evidence,False,True,False,False,,cRc lists this Scotch as acceptable without certification.,https://consumer.crckosher.org/liquor/full-liquor-list/,"cRc full liquor list, table row 1733 (category column = Scotch)",2026-08-11,verified_against_current_official_source
CRC-row1734,cRc,Scotch,Aberlour,12 Year,Not Recommended,,False,,no_evidence,False,False,False,True,,"cRc lists this Scotch as ""Not Recommended"". Do not use it.",https://consumer.crckosher.org/liquor/full-liquor-list/,"cRc full liquor list, table row 1734 (category column = Scotch)",2026-08-11,verified_against_current_official_source
CRC-row1735,cRc,Scotch,Aberlour,16 Year,Not Recommended,,False,,no_evidence,False,False,False,True,,"cRc lists this Scotch as ""Not Recommended"". Do not use it.",https://consumer.crckosher.org/liquor/full-liquor-list/,"cRc full liquor list, table row 1735 (category column = Scotch)",2026-08-11,verified_against_current_official_source
CRC-row1736,cRc,Scotch,Aberlour,A'bunadh,Not Recommended,,False,,no_evidence,False,False,False,True,,"cRc lists this Scotch as ""Not Recommended"". Do not use it.",https://consumer.crckosher.org/liquor/full-liquor-list/,"cRc full liquor list, table row 1736 (category column = Scotch)",2026-08-11,verified_against_current_official_source
CRC-row1737,cRc,Scotch,Auchentoshan,12 Year,Not Recommended,,False,,no_evidence,False,False,False,True,,"cRc lists this Scotch as ""Not Recommended"". Do not use it.",https://consumer.crckosher.org/liquor/full-liquor-list/,"cRc full liquor list, table row 1737 (category column = Scotch)",2026-08-11,verified_against_current_official_source
CRC-row1738,cRc,Scotch,Auchentoshan,Three Wood,Not Recommended,,False,,no_evidence,False,False,False,True,,"cRc lists this Scotch as ""Not Recommended"". Do not use it.",https://consumer.crckosher.org/liquor/full-liquor-list/,"cRc full liquor list, table row 1738 (category column = Scotch)",2026-08-11,verified_against_current_official_source
CRC-row1739,cRc,Scotch,Glenfiddich,12 Year Old,Not Recommended,,False,,no_evidence,False,False,False,True,,"cRc lists this Scotch as ""Not Recommended"". Do not use it.",https://consumer.crckosher.org/liquor/full-liquor-list/,"cRc full liquor list, table row 1739 (category column = Scotch)",2026-08-11,verified_against_current_official_source
CRC-row1740,cRc,Scotch,Glenfiddich,15 Year Old,Not Recommended,,False,,no_evidence,False,False,False,True,,"cRc lists this Scotch as ""Not Recommended"". Do not use it.",https://consumer.crckosher.org/liquor/full-liquor-list/,"cRc full liquor list, table row 1740 (category column = Scotch)",2026-08-11,verified_against_current_official_source
CRC-row1741,cRc,Scotch,Glenfiddich,18 Year Old,Not Recommended,,False,,no_evidence,False,False,False,True,,"cRc lists this Scotch as ""Not Recommended"". Do not use it.",https://consumer.crckosher.org/liquor/full-liquor-list/,"cRc full liquor list, table row 1741 (category column = Scotch)",2026-08-11,verified_against_current_official_source
CRC-row1742,cRc,Scotch,Glenfiddich,Age of Discovery 19 Year Old Bourbon Cask Reserve,Certified,MBD,True,false,no_evidence,False,True,False,False,,cRc certifies this Scotch under MBD. cRc does not require you to find a symbol on the bottle. This record proves certification exists - it does NOT prove the bottle is physically marked.,https://consumer.crckosher.org/liquor/full-liquor-list/,"cRc full liquor list, table row 1742 (category column = Scotch)",2026-08-11,verified_against_current_official_source
CRC-row1743,cRc,Scotch,Glengoyne,10 Year Old,Not Recommended,,False,,no_evidence,False,False,False,True,,"cRc lists this Scotch as ""Not Recommended"". Do not use it.",https://consumer.crckosher.org/liquor/full-liquor-list/,"cRc full liquor list, table row 1743 (category column = Scotch)",2026-08-11,verified_against_current_official_source
CRC-row1744,cRc,Scotch,Glengoyne,18 Year Old,Not Recommended,,False,,no_evidence,False,False,False,True,,"cRc lists this Scotch as ""Not Recommended"". Do not use it.",https://consumer.crckosher.org/liquor/full-liquor-list/,"cRc full liquor list, table row 1744 (category column = Scotch)",2026-08-11,verified_against_current_official_source
CRC-row1745,cRc,Scotch,Glenmorangie,Ealanta,Acceptable (not certified),,False,false,no_evidence,False,True,False,False,,cRc lists this Scotch as acceptable without certification.,https://consumer.crckosher.org/liquor/full-liquor-list/,"cRc full liquor list, table row 1745 (category column = Scotch)",2026-08-11,verified_against_current_official_source
CRC-row1746,cRc,Scotch,Glenmorangie,Lasanta,Not Recommended,,False,,no_evidence,False,False,False,True,,"cRc lists this Scotch as ""Not Recommended"". Do not use it.",https://consumer.crckosher.org/liquor/full-liquor-list/,"cRc full liquor list, table row 1746 (category column = Scotch)",2026-08-11,verified_against_current_official_source
CRC-row1747,cRc,Scotch,Glenmorangie,Nectar D'or,Not Recommended,,False,,no_evidence,False,False,False,True,,"cRc lists this Scotch as ""Not Recommended"". Do not use it.",https://consumer.crckosher.org/liquor/full-liquor-list/,"cRc full liquor list, table row 1747 (category column = Scotch)",2026-08-11,verified_against_current_official_source
CRC-row1748,cRc,Scotch,Glenmorangie,Quinta Ruban,Not Recommended,,False,,no_evidence,False,False,False,True,,"cRc lists this Scotch as ""Not Recommended"". Do not use it.",https://consumer.crckosher.org/liquor/full-liquor-list/,"cRc full liquor list, table row 1748 (category column = Scotch)",2026-08-11,verified_against_current_official_source
CRC-row1749,cRc,Scotch,Highland Park,15 Year,Not Recommended,,False,,no_evidence,False,False,False,True,,"cRc lists this Scotch as ""Not Recommended"". Do not use it.",https://consumer.crckosher.org/liquor/full-liquor-list/,"cRc full liquor list, table row 1749 (category column = Scotch)",2026-08-11,verified_against_current_official_source
CRC-row1750,cRc,Scotch,Highland Park,18 Year,Not Recommended,,False,,no_evidence,False,False,False,True,,"cRc lists this Scotch as ""Not Recommended"". Do not use it.",https://consumer.crckosher.org/liquor/full-liquor-list/,"cRc full liquor list, table row 1750 (category column = Scotch)",2026-08-11,verified_against_current_official_source
CRC-row1751,cRc,Scotch,Laphroaig,Triple Wood,Not Recommended,,False,,no_evidence,False,False,False,True,,"cRc lists this Scotch as ""Not Recommended"". Do not use it.",https://consumer.crckosher.org/liquor/full-liquor-list/,"cRc full liquor list, table row 1751 (category column = Scotch)",2026-08-11,verified_against_current_official_source
CRC-row1752,cRc,Scotch,Old Pulteney,Navigator,Not Recommended,,False,,no_evidence,False,False,False,True,,"cRc lists this Scotch as ""Not Recommended"". Do not use it.",https://consumer.crckosher.org/liquor/full-liquor-list/,"cRc full liquor list, table row 1752 (category column = Scotch)",2026-08-11,verified_against_current_official_source
CRC-row1753,cRc,Scotch,Balvenie,Caribbean Cask 14 Year Old,Acceptable (not certified),,False,false,no_evidence,False,True,False,False,,cRc lists this Scotch as acceptable without certification.,https://consumer.crckosher.org/liquor/full-liquor-list/,"cRc full liquor list, table row 1753 (category column = Scotch)",2026-08-11,verified_against_current_official_source
CRC-row1754,cRc,Scotch,Balvenie,Doublewood 12 Year Old,Not Recommended,,False,,no_evidence,False,False,False,True,,"cRc lists this Scotch as ""Not Recommended"". Do not use it.",https://consumer.crckosher.org/liquor/full-liquor-list/,"cRc full liquor list, table row 1754 (category column = Scotch)",2026-08-11,verified_against_current_official_source
CRC-row1755,cRc,Scotch,Balvenie,PortWood 21 Year Old,Not Recommended,,False,,no_evidence,False,False,False,True,,"cRc lists this Scotch as ""Not Recommended"". Do not use it.",https://consumer.crckosher.org/liquor/full-liquor-list/,"cRc full liquor list, table row 1755 (category column = Scotch)",2026-08-11,verified_against_current_official_source
CRC-row1756,cRc,Scotch,Dalmore,12 Year Old,Not Recommended,,False,,no_evidence,False,False,False,True,,"cRc lists this Scotch as ""Not Recommended"". Do not use it.",https://consumer.crckosher.org/liquor/full-liquor-list/,"cRc full liquor list, table row 1756 (category column = Scotch)",2026-08-11,verified_against_current_official_source
CRC-row1757,cRc,Scotch,Dalmore,15 Year Old,Not Recommended,,False,,no_evidence,False,False,False,True,,"cRc lists this Scotch as ""Not Recommended"". Do not use it.",https://consumer.crckosher.org/liquor/full-liquor-list/,"cRc full liquor list, table row 1757 (category column = Scotch)",2026-08-11,verified_against_current_official_source
CRC-row1758,cRc,Scotch,Dalmore,Cigar Malt Reserve,Not Recommended,,False,,no_evidence,False,False,False,True,,"cRc lists this Scotch as ""Not Recommended"". Do not use it.",https://consumer.crckosher.org/liquor/full-liquor-list/,"cRc full liquor list, table row 1758 (category column = Scotch)",2026-08-11,verified_against_current_official_source
CRC-row1759,cRc,Scotch,Glendronach,18 Year,Not Recommended,,False,,no_evidence,False,False,False,True,,"cRc lists this Scotch as ""Not Recommended"". Do not use it.",https://consumer.crckosher.org/liquor/full-liquor-list/,"cRc full liquor list, table row 1759 (category column = Scotch)",2026-08-11,verified_against_current_official_source
CRC-row1760,cRc,Scotch,Macallan,12 Year,Not Recommended,,False,,no_evidence,False,False,False,True,,"cRc lists this Scotch as ""Not Recommended"". Do not use it.",https://consumer.crckosher.org/liquor/full-liquor-list/,"cRc full liquor list, table row 1760 (category column = Scotch)",2026-08-11,verified_against_current_official_source
CRC-row1761,cRc,Scotch,Macallan,18 Year,Not Recommended,,False,,no_evidence,False,False,False,True,,"cRc lists this Scotch as ""Not Recommended"". Do not use it.",https://consumer.crckosher.org/liquor/full-liquor-list/,"cRc full liquor list, table row 1761 (category column = Scotch)",2026-08-11,verified_against_current_official_source
CRC-row1762,cRc,Scotch,Macallan,25 Year,Not Recommended,,False,,no_evidence,False,False,False,True,,"cRc lists this Scotch as ""Not Recommended"". Do not use it.",https://consumer.crckosher.org/liquor/full-liquor-list/,"cRc full liquor list, table row 1762 (category column = Scotch)",2026-08-11,verified_against_current_official_source
CRC-row1763,cRc,Scotch,Macallan,Fine Oak 10 Year,Not Recommended,,False,,no_evidence,False,False,False,True,,"cRc lists this Scotch as ""Not Recommended"". Do not use it.",https://consumer.crckosher.org/liquor/full-liquor-list/,"cRc full liquor list, table row 1763 (category column = Scotch)",2026-08-11,verified_against_current_official_source
CRC-row1764,cRc,Scotch,Macallan,Fine Oak 15 Year,Not Recommended,,False,,no_evidence,False,False,False,True,,"cRc lists this Scotch as ""Not Recommended"". Do not use it.",https://consumer.crckosher.org/liquor/full-liquor-list/,"cRc full liquor list, table row 1764 (category column = Scotch)",2026-08-11,verified_against_current_official_source
CRC-row1765,cRc,Scotch,Macallan,Fine Oak 17 Year,Not Recommended,,False,,no_evidence,False,False,False,True,,"cRc lists this Scotch as ""Not Recommended"". Do not use it.",https://consumer.crckosher.org/liquor/full-liquor-list/,"cRc full liquor list, table row 1765 (category column = Scotch)",2026-08-11,verified_against_current_official_source
CRC-row1766,cRc,Scotch,Macallan,Fine Oak 21 Year,Not Recommended,,False,,no_evidence,False,False,False,True,,"cRc lists this Scotch as ""Not Recommended"". Do not use it.",https://consumer.crckosher.org/liquor/full-liquor-list/,"cRc full liquor list, table row 1766 (category column = Scotch)",2026-08-11,verified_against_current_official_source
CRC-row1767,cRc,Scotch,Tomatin,12 Year Old,Not Recommended,,False,,no_evidence,False,False,False,True,,"cRc lists this Scotch as ""Not Recommended"". Do not use it.",https://consumer.crckosher.org/liquor/full-liquor-list/,"cRc full liquor list, table row 1767 (category column = Scotch)",2026-08-11,verified_against_current_official_source
CRC-row1768,cRc,Scotch,Tomatin,18 Year,Not Recommended,,False,,no_evidence,False,False,False,True,,"cRc lists this Scotch as ""Not Recommended"". Do not use it.",https://consumer.crckosher.org/liquor/full-liquor-list/,"cRc full liquor list, table row 1768 (category column = Scotch)",2026-08-11,verified_against_current_official_source
CRC-row1769,cRc,Scotch,Tomatin,Legacy,Acceptable (not certified),,False,false,no_evidence,False,True,False,False,,cRc lists this Scotch as acceptable without certification.,https://consumer.crckosher.org/liquor/full-liquor-list/,"cRc full liquor list, table row 1769 (category column = Scotch)",2026-08-11,verified_against_current_official_source
CRC-row1770,cRc,Scotch,Tomintoul,14 Year,Certified,OU,True,true,no_evidence,True,False,True,False,Certified when bearing the OU logo,cRc certifies this Scotch ONLY when the bottle bears the OU logo. Check the bottle.,https://consumer.crckosher.org/liquor/full-liquor-list/,"cRc full liquor list, table row 1770 (category column = Scotch)",2026-08-11,verified_against_current_official_source
CRC-row1771,cRc,Scotch,Tomintoul,14 Year Kosher Portwood Finish,Certified,OU,True,true,no_evidence,True,False,True,False,Certified when bearing the OU logo,cRc certifies this Scotch ONLY when the bottle bears the OU logo. Check the bottle.,https://consumer.crckosher.org/liquor/full-liquor-list/,"cRc full liquor list, table row 1771 (category column = Scotch)",2026-08-11,verified_against_current_official_source
CRC-row1772,cRc,Scotch,Tomintoul,21 Year,Certified,OU,True,true,no_evidence,True,False,True,False,Certified when bearing the OU logo,cRc certifies this Scotch ONLY when the bottle bears the OU logo. Check the bottle.,https://consumer.crckosher.org/liquor/full-liquor-list/,"cRc full liquor list, table row 1772 (category column = Scotch)",2026-08-11,verified_against_current_official_source
CRC-row1773,cRc,Scotch,Tomintoul,31 Year,Certified,OU,True,true,no_evidence,True,False,True,False,Certified when bearing the OU logo,cRc certifies this Scotch ONLY when the bottle bears the OU logo. Check the bottle.,https://consumer.crckosher.org/liquor/full-liquor-list/,"cRc full liquor list, table row 1773 (category column = Scotch)",2026-08-11,verified_against_current_official_source
CRC-row1774,cRc,Scotch,Glenmorangie,18 Year,Not Recommended,,False,,no_evidence,False,False,False,True,,"cRc lists this Scotch as ""Not Recommended"". Do not use it.",https://consumer.crckosher.org/liquor/full-liquor-list/,"cRc full liquor list, table row 1774 (category column = Scotch)",2026-08-11,verified_against_current_official_source
CRC-row1775,cRc,Scotch,Glenmorangie,Companta,Not Recommended,,False,,no_evidence,False,False,False,True,,"cRc lists this Scotch as ""Not Recommended"". Do not use it.",https://consumer.crckosher.org/liquor/full-liquor-list/,"cRc full liquor list, table row 1775 (category column = Scotch)",2026-08-11,verified_against_current_official_source
CRC-row1776,cRc,Scotch,Glenmorangie,Finealta,Not Recommended,,False,,no_evidence,False,False,False,True,,"cRc lists this Scotch as ""Not Recommended"". Do not use it.",https://consumer.crckosher.org/liquor/full-liquor-list/,"cRc full liquor list, table row 1776 (category column = Scotch)",2026-08-11,verified_against_current_official_source
CRC-row1777,cRc,Scotch,Springbank,10 Year Old,Not Recommended,,False,,no_evidence,False,False,False,True,,"cRc lists this Scotch as ""Not Recommended"". Do not use it.",https://consumer.crckosher.org/liquor/full-liquor-list/,"cRc full liquor list, table row 1777 (category column = Scotch)",2026-08-11,verified_against_current_official_source
CRC-row1778,cRc,Scotch,Springbank,15 Year Old,Not Recommended,,False,,no_evidence,False,False,False,True,,"cRc lists this Scotch as ""Not Recommended"". Do not use it.",https://consumer.crckosher.org/liquor/full-liquor-list/,"cRc full liquor list, table row 1778 (category column = Scotch)",2026-08-11,verified_against_current_official_source
CRC-row1779,cRc,Scotch,Lagavulin,Distillers Edition,Not Recommended,,False,,no_evidence,False,False,False,True,,"cRc lists this Scotch as ""Not Recommended"". Do not use it.",https://consumer.crckosher.org/liquor/full-liquor-list/,"cRc full liquor list, table row 1779 (category column = Scotch)",2026-08-11,verified_against_current_official_source
CRC-row1780,cRc,Scotch,Dewar's,Highlander Honey,Not Recommended,,False,,no_evidence,False,False,False,True,,"cRc lists this Scotch as ""Not Recommended"". Do not use it.",https://consumer.crckosher.org/liquor/full-liquor-list/,"cRc full liquor list, table row 1780 (category column = Scotch)",2026-08-11,verified_against_current_official_source
CRC-row1781,cRc,Scotch,Glengoyne,12 Year Old,Not Recommended,,False,,no_evidence,False,False,False,True,,"cRc lists this Scotch as ""Not Recommended"". Do not use it.",https://consumer.crckosher.org/liquor/full-liquor-list/,"cRc full liquor list, table row 1781 (category column = Scotch)",2026-08-11,verified_against_current_official_source
CRC-row1782,cRc,Scotch,Balvenie,Single Barrel First Fill 12 Year Old,Acceptable (not certified),,False,false,no_evidence,False,True,False,False,,cRc lists this Scotch as acceptable without certification.,https://consumer.crckosher.org/liquor/full-liquor-list/,"cRc full liquor list, table row 1782 (category column = Scotch)",2026-08-11,verified_against_current_official_source
CRC-row1783,cRc,Scotch,Glenglassaugh,Evolution,Acceptable (not certified),,False,false,no_evidence,False,True,False,False,,cRc lists this Scotch as acceptable without certification.,https://consumer.crckosher.org/liquor/full-liquor-list/,"cRc full liquor list, table row 1783 (category column = Scotch)",2026-08-11,verified_against_current_official_source
CRC-row1784,cRc,Scotch,Highland Park,12 Year,Not Recommended,,False,,no_evidence,False,False,False,True,,"cRc lists this Scotch as ""Not Recommended"". Do not use it.",https://consumer.crckosher.org/liquor/full-liquor-list/,"cRc full liquor list, table row 1784 (category column = Scotch)",2026-08-11,verified_against_current_official_source
CRC-row1785,cRc,Scotch,Deanston,12 Year Old,Acceptable (not certified),,False,false,no_evidence,False,True,False,False,,cRc lists this Scotch as acceptable without certification.,https://consumer.crckosher.org/liquor/full-liquor-list/,"cRc full liquor list, table row 1785 (category column = Scotch)",2026-08-11,verified_against_current_official_source
CRC-row1786,cRc,Scotch,Macallan,Fine Oak 18 Year,Not Recommended,,False,,no_evidence,False,False,False,True,,"cRc lists this Scotch as ""Not Recommended"". Do not use it.",https://consumer.crckosher.org/liquor/full-liquor-list/,"cRc full liquor list, table row 1786 (category column = Scotch)",2026-08-11,verified_against_current_official_source
CRC-row1787,cRc,Scotch,Benriach,15 Year Old Dark Rum Finish,Acceptable (not certified),,False,false,no_evidence,False,True,False,False,,cRc lists this Scotch as acceptable without certification.,https://consumer.crckosher.org/liquor/full-liquor-list/,"cRc full liquor list, table row 1787 (category column = Scotch)",2026-08-11,verified_against_current_official_source
CRC-row1788,cRc,Scotch,Chivas Regal,Extra,Not Recommended,,False,,no_evidence,False,False,False,True,,"cRc lists this Scotch as ""Not Recommended"". Do not use it.",https://consumer.crckosher.org/liquor/full-liquor-list/,"cRc full liquor list, table row 1788 (category column = Scotch)",2026-08-11,verified_against_current_official_source
CRC-row1789,cRc,Scotch,Bladnoch,Liora,Certified,KLBD,True,true,no_evidence,True,False,True,False,Certified when bearing the KLBD logo,cRc certifies this Scotch ONLY when the bottle bears the KLBD logo. Check the bottle.,https://consumer.crckosher.org/liquor/full-liquor-list/,"cRc full liquor list, table row 1789 (category column = Scotch)",2026-08-11,verified_against_current_official_source
CRC-row1790,cRc,Scotch,Dalwhinnie,Distillers Edition,Not Recommended,,False,,no_evidence,False,False,False,True,,"cRc lists this Scotch as ""Not Recommended"". Do not use it.",https://consumer.crckosher.org/liquor/full-liquor-list/,"cRc full liquor list, table row 1790 (category column = Scotch)",2026-08-11,verified_against_current_official_source
CRC-row1791,cRc,Scotch,Oban,Distillers Edition,Not Recommended,,False,,no_evidence,False,False,False,True,,"cRc lists this Scotch as ""Not Recommended"". Do not use it.",https://consumer.crckosher.org/liquor/full-liquor-list/,"cRc full liquor list, table row 1791 (category column = Scotch)",2026-08-11,verified_against_current_official_source
CRC-row1792,cRc,Scotch,Glenmorangie,A Tale of Tokyo,Not Recommended,,False,,no_evidence,False,False,False,True,,"cRc lists this Scotch as ""Not Recommended"". Do not use it.",https://consumer.crckosher.org/liquor/full-liquor-list/,"cRc full liquor list, table row 1792 (category column = Scotch)",2026-08-11,verified_against_current_official_source
CRC-row1793,cRc,Scotch,Glenmorangie,The Cadboll Estate #4,Acceptable (not certified),,False,false,no_evidence,False,True,False,False,,cRc lists this Scotch as acceptable without certification.,https://consumer.crckosher.org/liquor/full-liquor-list/,"cRc full liquor list, table row 1793 (category column = Scotch)",2026-08-11,verified_against_current_official_source
CRC-row1794,cRc,Scotch,Tullibardine,Artisan,Acceptable (not certified),,False,false,no_evidence,False,True,False,False,,cRc lists this Scotch as acceptable without certification.,https://consumer.crckosher.org/liquor/full-liquor-list/,"cRc full liquor list, table row 1794 (category column = Scotch)",2026-08-11,verified_against_current_official_source
CRC-row1795,cRc,Scotch,Benriach,Septendecim 17 Year Old,Acceptable (not certified),,False,false,no_evidence,False,True,False,False,,cRc lists this Scotch as acceptable without certification.,https://consumer.crckosher.org/liquor/full-liquor-list/,"cRc full liquor list, table row 1795 (category column = Scotch)",2026-08-11,verified_against_current_official_source
CRC-row1796,cRc,Scotch,Benromach,Contrasts: Organic,Acceptable (not certified),,False,false,no_evidence,False,True,False,False,,cRc lists this Scotch as acceptable without certification.,https://consumer.crckosher.org/liquor/full-liquor-list/,"cRc full liquor list, table row 1796 (category column = Scotch)",2026-08-11,verified_against_current_official_source
CRC-row1797,cRc,Scotch,Benromach,Contrasts: Peat Smoke,Acceptable (not certified),,False,false,no_evidence,False,True,False,False,,cRc lists this Scotch as acceptable without certification.,https://consumer.crckosher.org/liquor/full-liquor-list/,"cRc full liquor list, table row 1797 (category column = Scotch)",2026-08-11,verified_against_current_official_source
CRC-row1798,cRc,Scotch,Tullibardine,Sovereign,Acceptable (not certified),,False,false,no_evidence,False,True,False,False,,cRc lists this Scotch as acceptable without certification.,https://consumer.crckosher.org/liquor/full-liquor-list/,"cRc full liquor list, table row 1798 (category column = Scotch)",2026-08-11,verified_against_current_official_source
CRC-row1799,cRc,Scotch,Tullibardine,20 Year Old,Acceptable (not certified),,False,false,no_evidence,False,True,False,False,,cRc lists this Scotch as acceptable without certification.,https://consumer.crckosher.org/liquor/full-liquor-list/,"cRc full liquor list, table row 1799 (category column = Scotch)",2026-08-11,verified_against_current_official_source
CRC-row1800,cRc,Scotch,Dalmore,18 Year Old,Not Recommended,,False,,no_evidence,False,False,False,True,,"cRc lists this Scotch as ""Not Recommended"". Do not use it.",https://consumer.crckosher.org/liquor/full-liquor-list/,"cRc full liquor list, table row 1800 (category column = Scotch)",2026-08-11,verified_against_current_official_source
CRC-row1801,cRc,Scotch,Dalmore,14 Year Old,Not Recommended,,False,,no_evidence,False,False,False,True,,"cRc lists this Scotch as ""Not Recommended"". Do not use it.",https://consumer.crckosher.org/liquor/full-liquor-list/,"cRc full liquor list, table row 1801 (category column = Scotch)",2026-08-11,verified_against_current_official_source
CRC-row1802,cRc,Scotch,Monkey Shoulder,Original,Certified,MBD,True,false,no_evidence,False,True,False,False,,cRc certifies this Scotch under MBD. cRc does not require you to find a symbol on the bottle. This record proves certification exists - it does NOT prove the bottle is physically marked.,https://consumer.crckosher.org/liquor/full-liquor-list/,"cRc full liquor list, table row 1802 (category column = Scotch)",2026-08-11,verified_against_current_official_source
CRC-row1803,cRc,Scotch,Glenlivet,Nadurra Oloroso,Not Recommended,,False,,no_evidence,False,False,False,True,,"cRc lists this Scotch as ""Not Recommended"". Do not use it.",https://consumer.crckosher.org/liquor/full-liquor-list/,"cRc full liquor list, table row 1803 (category column = Scotch)",2026-08-11,verified_against_current_official_source
CRC-row1804,cRc,Scotch,Balvenie,Single Barrel Traditional Oak 25 Year Old,Acceptable (not certified),,False,false,no_evidence,False,True,False,False,,cRc lists this Scotch as acceptable without certification.,https://consumer.crckosher.org/liquor/full-liquor-list/,"cRc full liquor list, table row 1804 (category column = Scotch)",2026-08-11,verified_against_current_official_source
CRC-row1805,cRc,Scotch,Glenlivet,21 Year Old,Not Recommended,,False,,no_evidence,False,False,False,True,,"cRc lists this Scotch as ""Not Recommended"". Do not use it.",https://consumer.crckosher.org/liquor/full-liquor-list/,"cRc full liquor list, table row 1805 (category column = Scotch)",2026-08-11,verified_against_current_official_source
CRC-row1806,cRc,Scotch,Glenfiddich,Age of Discovery 19 Year Madeira Cask Finish,Not Recommended,,False,,no_evidence,False,False,False,True,,"cRc lists this Scotch as ""Not Recommended"". Do not use it.",https://consumer.crckosher.org/liquor/full-liquor-list/,"cRc full liquor list, table row 1806 (category column = Scotch)",2026-08-11,verified_against_current_official_source
CRC-row1807,cRc,Scotch,Arran Malt,Barrel Reserve,Acceptable (not certified),,False,false,no_evidence,False,True,False,False,,cRc lists this Scotch as acceptable without certification.,https://consumer.crckosher.org/liquor/full-liquor-list/,"cRc full liquor list, table row 1807 (category column = Scotch)",2026-08-11,verified_against_current_official_source
CRC-row1808,cRc,Scotch,Glenlivet,18 Year Old,Not Recommended,,False,,no_evidence,False,False,False,True,,"cRc lists this Scotch as ""Not Recommended"". Do not use it.",https://consumer.crckosher.org/liquor/full-liquor-list/,"cRc full liquor list, table row 1808 (category column = Scotch)",2026-08-11,verified_against_current_official_source
CRC-row1809,cRc,Scotch,Glencadam,American Oak Reserve,Acceptable (not certified),,False,false,no_evidence,False,True,False,False,,cRc lists this Scotch as acceptable without certification.,https://consumer.crckosher.org/liquor/full-liquor-list/,"cRc full liquor list, table row 1809 (category column = Scotch)",2026-08-11,verified_against_current_official_source
CRC-row1810,cRc,Scotch,Springbank,12 Year Old Green,Acceptable (not certified),,False,false,no_evidence,False,True,False,False,,cRc lists this Scotch as acceptable without certification.,https://consumer.crckosher.org/liquor/full-liquor-list/,"cRc full liquor list, table row 1810 (category column = Scotch)",2026-08-11,verified_against_current_official_source
CRC-row1811,cRc,Scotch,Auchentoshan,18 Year,Acceptable (not certified),,False,false,no_evidence,False,True,False,False,,cRc lists this Scotch as acceptable without certification.,https://consumer.crckosher.org/liquor/full-liquor-list/,"cRc full liquor list, table row 1811 (category column = Scotch)",2026-08-11,verified_against_current_official_source
CRC-row1812,cRc,Scotch,Tomatin,Dualchas,Acceptable (not certified),,False,false,no_evidence,False,True,False,False,,cRc lists this Scotch as acceptable without certification.,https://consumer.crckosher.org/liquor/full-liquor-list/,"cRc full liquor list, table row 1812 (category column = Scotch)",2026-08-11,verified_against_current_official_source
CRC-row1813,cRc,Scotch,Balvenie,Single Barrel 15 Year Sherry Cask,Not Recommended,,False,,no_evidence,False,False,False,True,,"cRc lists this Scotch as ""Not Recommended"". Do not use it.",https://consumer.crckosher.org/liquor/full-liquor-list/,"cRc full liquor list, table row 1813 (category column = Scotch)",2026-08-11,verified_against_current_official_source
CRC-row1814,cRc,Scotch,Glenlivet,Nadurra First Fill Selection,Acceptable (not certified),,False,false,no_evidence,False,True,False,False,,cRc lists this Scotch as acceptable without certification.,https://consumer.crckosher.org/liquor/full-liquor-list/,"cRc full liquor list, table row 1814 (category column = Scotch)",2026-08-11,verified_against_current_official_source
CRC-row1815,cRc,Scotch,Glendronach,12 Year,Not Recommended,,False,,no_evidence,False,False,False,True,,"cRc lists this Scotch as ""Not Recommended"". Do not use it.",https://consumer.crckosher.org/liquor/full-liquor-list/,"cRc full liquor list, table row 1815 (category column = Scotch)",2026-08-11,verified_against_current_official_source
CRC-row1816,cRc,Scotch,Glenfiddich,14 Year Old Bourbon Barrel Reserve,Certified,MBD,True,false,no_evidence,False,True,False,False,,cRc certifies this Scotch under MBD. cRc does not require you to find a symbol on the bottle. This record proves certification exists - it does NOT prove the bottle is physically marked.,https://consumer.crckosher.org/liquor/full-liquor-list/,"cRc full liquor list, table row 1816 (category column = Scotch)",2026-08-11,verified_against_current_official_source
CRC-row1817,cRc,Scotch,Tomintoul,25 Year,Certified,OU,True,true,no_evidence,True,False,True,False,Certified when bearing the OU logo,cRc certifies this Scotch ONLY when the bottle bears the OU logo. Check the bottle.,https://consumer.crckosher.org/liquor/full-liquor-list/,"cRc full liquor list, table row 1817 (category column = Scotch)",2026-08-11,verified_against_current_official_source
CRC-row1818,cRc,Scotch,Tomintoul,37 Year,Certified,OU,True,true,no_evidence,True,False,True,False,Certified when bearing the OU logo,cRc certifies this Scotch ONLY when the bottle bears the OU logo. Check the bottle.,https://consumer.crckosher.org/liquor/full-liquor-list/,"cRc full liquor list, table row 1818 (category column = Scotch)",2026-08-11,verified_against_current_official_source
CRC-row1819,cRc,Scotch,Glenlivet,Master Distiller's Reserve,Not Recommended,,False,,no_evidence,False,False,False,True,,"cRc lists this Scotch as ""Not Recommended"". Do not use it.",https://consumer.crckosher.org/liquor/full-liquor-list/,"cRc full liquor list, table row 1819 (category column = Scotch)",2026-08-11,verified_against_current_official_source
CRC-row1820,cRc,Scotch,Speyburn,10 Year Old,Not Recommended,,False,,no_evidence,False,False,False,True,,"cRc lists this Scotch as ""Not Recommended"". Do not use it.",https://consumer.crckosher.org/liquor/full-liquor-list/,"cRc full liquor list, table row 1820 (category column = Scotch)",2026-08-11,verified_against_current_official_source
CRC-row1821,cRc,Scotch,Benriach,10 Year Old,Not Recommended,,False,,no_evidence,False,False,False,True,,"cRc lists this Scotch as ""Not Recommended"". Do not use it.",https://consumer.crckosher.org/liquor/full-liquor-list/,"cRc full liquor list, table row 1821 (category column = Scotch)",2026-08-11,verified_against_current_official_source
CRC-row1822,cRc,Scotch,Benromach,10 Year Old,Not Recommended,,False,,no_evidence,False,False,False,True,,"cRc lists this Scotch as ""Not Recommended"". Do not use it.",https://consumer.crckosher.org/liquor/full-liquor-list/,"cRc full liquor list, table row 1822 (category column = Scotch)",2026-08-11,verified_against_current_official_source
CRC-row1823,cRc,Scotch,Highland Park,Dark 17 Year,Not Recommended,,False,,no_evidence,False,False,False,True,,"cRc lists this Scotch as ""Not Recommended"". Do not use it.",https://consumer.crckosher.org/liquor/full-liquor-list/,"cRc full liquor list, table row 1823 (category column = Scotch)",2026-08-11,verified_against_current_official_source
CRC-row1824,cRc,Scotch,Tomatin,14 Year Old,Not Recommended,,False,,no_evidence,False,False,False,True,,"cRc lists this Scotch as ""Not Recommended"". Do not use it.",https://consumer.crckosher.org/liquor/full-liquor-list/,"cRc full liquor list, table row 1824 (category column = Scotch)",2026-08-11,verified_against_current_official_source
CRC-row1825,cRc,Scotch,Ardbeg,Uigeadail,Not Recommended,,False,,no_evidence,False,False,False,True,,"cRc lists this Scotch as ""Not Recommended"". Do not use it.",https://consumer.crckosher.org/liquor/full-liquor-list/,"cRc full liquor list, table row 1825 (category column = Scotch)",2026-08-11,verified_against_current_official_source
CRC-row1826,cRc,Scotch,Glenmorangie,Milsean,Not Recommended,,False,,no_evidence,False,False,False,True,,"cRc lists this Scotch as ""Not Recommended"". Do not use it.",https://consumer.crckosher.org/liquor/full-liquor-list/,"cRc full liquor list, table row 1826 (category column = Scotch)",2026-08-11,verified_against_current_official_source
CRC-row1827,cRc,Scotch,Glenmorangie,Signet,Not Recommended,,False,,no_evidence,False,False,False,True,,"cRc lists this Scotch as ""Not Recommended"". Do not use it.",https://consumer.crckosher.org/liquor/full-liquor-list/,"cRc full liquor list, table row 1827 (category column = Scotch)",2026-08-11,verified_against_current_official_source
CRC-row1828,cRc,Scotch,Glenlivet,Master Distiller's Reserve Small Batch,Not Recommended,,False,,no_evidence,False,False,False,True,,"cRc lists this Scotch as ""Not Recommended"". Do not use it.",https://consumer.crckosher.org/liquor/full-liquor-list/,"cRc full liquor list, table row 1828 (category column = Scotch)",2026-08-11,verified_against_current_official_source
CRC-row1829,cRc,Scotch,Laphroaig,Lore,Not Recommended,,False,,no_evidence,False,False,False,True,,"cRc lists this Scotch as ""Not Recommended"". Do not use it.",https://consumer.crckosher.org/liquor/full-liquor-list/,"cRc full liquor list, table row 1829 (category column = Scotch)",2026-08-11,verified_against_current_official_source
CRC-row1830,cRc,Scotch,Glenfiddich,Reserve Cask,Not Recommended,,False,,no_evidence,False,False,False,True,,"cRc lists this Scotch as ""Not Recommended"". Do not use it.",https://consumer.crckosher.org/liquor/full-liquor-list/,"cRc full liquor list, table row 1830 (category column = Scotch)",2026-08-11,verified_against_current_official_source
CRC-row1831,cRc,Scotch,Glenfiddich,Cask Collection - Select Cask,Not Recommended,,False,,no_evidence,False,False,False,True,,"cRc lists this Scotch as ""Not Recommended"". Do not use it.",https://consumer.crckosher.org/liquor/full-liquor-list/,"cRc full liquor list, table row 1831 (category column = Scotch)",2026-08-11,verified_against_current_official_source
CRC-row1832,cRc,Scotch,Laphroaig,Quarter Cask,Certified,KLBD,True,true,no_evidence,True,False,True,False,Certified when bearing the KLBD logo,cRc certifies this Scotch ONLY when the bottle bears the KLBD logo. Check the bottle.,https://consumer.crckosher.org/liquor/full-liquor-list/,"cRc full liquor list, table row 1832 (category column = Scotch)",2026-08-11,verified_against_current_official_source
CRC-row1833,cRc,Scotch,Glenfarclas,12 Year Old,Not Recommended,,False,,no_evidence,False,False,False,True,,"cRc lists this Scotch as ""Not Recommended"". Do not use it.",https://consumer.crckosher.org/liquor/full-liquor-list/,"cRc full liquor list, table row 1833 (category column = Scotch)",2026-08-11,verified_against_current_official_source
CRC-row1834,cRc,Scotch,Glenfarclas,25 Year Old,Not Recommended,,False,,no_evidence,False,False,False,True,,"cRc lists this Scotch as ""Not Recommended"". Do not use it.",https://consumer.crckosher.org/liquor/full-liquor-list/,"cRc full liquor list, table row 1834 (category column = Scotch)",2026-08-11,verified_against_current_official_source
CRC-row1835,cRc,Scotch,Glenmorangie,Bacalta,Not Recommended,,False,,no_evidence,False,False,False,True,,"cRc lists this Scotch as ""Not Recommended"". Do not use it.",https://consumer.crckosher.org/liquor/full-liquor-list/,"cRc full liquor list, table row 1835 (category column = Scotch)",2026-08-11,verified_against_current_official_source
CRC-row1836,cRc,Scotch,Tomintoul,Tlath,Certified,OU,True,true,no_evidence,True,False,True,False,Certified when bearing the OU logo,cRc certifies this Scotch ONLY when the bottle bears the OU logo. Check the bottle.,https://consumer.crckosher.org/liquor/full-liquor-list/,"cRc full liquor list, table row 1836 (category column = Scotch)",2026-08-11,verified_against_current_official_source
CRC-row1837,cRc,Scotch,Macallan,Fine Oak 12 Year,Not Recommended,,False,,no_evidence,False,False,False,True,,"cRc lists this Scotch as ""Not Recommended"". Do not use it.",https://consumer.crckosher.org/liquor/full-liquor-list/,"cRc full liquor list, table row 1837 (category column = Scotch)",2026-08-11,verified_against_current_official_source
CRC-row1838,cRc,Scotch,Scapa,Skiren,Acceptable (not certified),,False,false,no_evidence,False,True,False,False,,cRc lists this Scotch as acceptable without certification.,https://consumer.crckosher.org/liquor/full-liquor-list/,"cRc full liquor list, table row 1838 (category column = Scotch)",2026-08-11,verified_against_current_official_source
CRC-row1839,cRc,Scotch,Glengoyne,21 Year Old,Not Recommended,,False,,no_evidence,False,False,False,True,,"cRc lists this Scotch as ""Not Recommended"". Do not use it.",https://consumer.crckosher.org/liquor/full-liquor-list/,"cRc full liquor list, table row 1839 (category column = Scotch)",2026-08-11,verified_against_current_official_source
CRC-row1840,cRc,Scotch,Glenlivet,XXV 25 Year Old,Not Recommended,,False,,no_evidence,False,False,False,True,,"cRc lists this Scotch as ""Not Recommended"". Do not use it.",https://consumer.crckosher.org/liquor/full-liquor-list/,"cRc full liquor list, table row 1840 (category column = Scotch)",2026-08-11,verified_against_current_official_source
CRC-row1841,cRc,Scotch,Jura,10,Not Recommended,,False,,no_evidence,False,False,False,True,,"cRc lists this Scotch as ""Not Recommended"". Do not use it.",https://consumer.crckosher.org/liquor/full-liquor-list/,"cRc full liquor list, table row 1841 (category column = Scotch)",2026-08-11,verified_against_current_official_source
CRC-row1842,cRc,Scotch,Glenfarclas,21 Year Old,Not Recommended,,False,,no_evidence,False,False,False,True,,"cRc lists this Scotch as ""Not Recommended"". Do not use it.",https://consumer.crckosher.org/liquor/full-liquor-list/,"cRc full liquor list, table row 1842 (category column = Scotch)",2026-08-11,verified_against_current_official_source
CRC-row1843,cRc,Scotch,Bowmore Islay,No. 1,Certified,KLBD,True,true,no_evidence,True,False,True,False,Certified when bearing the KLBD logo,cRc certifies this Scotch ONLY when the bottle bears the KLBD logo. Check the bottle.,https://consumer.crckosher.org/liquor/full-liquor-list/,"cRc full liquor list, table row 1843 (category column = Scotch)",2026-08-11,verified_against_current_official_source
CRC-row1844,cRc,Scotch,Ardbeg,An Oa,Not Recommended,,False,,no_evidence,False,False,False,True,,"cRc lists this Scotch as ""Not Recommended"". Do not use it.",https://consumer.crckosher.org/liquor/full-liquor-list/,"cRc full liquor list, table row 1844 (category column = Scotch)",2026-08-11,verified_against_current_official_source
CRC-row1845,cRc,Scotch,Glenfiddich,Winter Storm,Not Recommended,,False,,no_evidence,False,False,False,True,,"cRc lists this Scotch as ""Not Recommended"". Do not use it.",https://consumer.crckosher.org/liquor/full-liquor-list/,"cRc full liquor list, table row 1845 (category column = Scotch)",2026-08-11,verified_against_current_official_source
CRC-row1846,cRc,Scotch,Glenfiddich,Project XX,Not Recommended,,False,,no_evidence,False,False,False,True,,"cRc lists this Scotch as ""Not Recommended"". Do not use it.",https://consumer.crckosher.org/liquor/full-liquor-list/,"cRc full liquor list, table row 1846 (category column = Scotch)",2026-08-11,verified_against_current_official_source
CRC-row1847,cRc,Scotch,Bowmore,10 Year Old,Not Recommended,,False,,no_evidence,False,False,False,True,,"cRc lists this Scotch as ""Not Recommended"". Do not use it.",https://consumer.crckosher.org/liquor/full-liquor-list/,"cRc full liquor list, table row 1847 (category column = Scotch)",2026-08-11,verified_against_current_official_source
CRC-row1848,cRc,Scotch,Buchanan's,18 Year Special Reserve,Not Recommended,,False,,no_evidence,False,False,False,True,,"cRc lists this Scotch as ""Not Recommended"". Do not use it.",https://consumer.crckosher.org/liquor/full-liquor-list/,"cRc full liquor list, table row 1848 (category column = Scotch)",2026-08-11,verified_against_current_official_source
CRC-row1849,cRc,Scotch,Glenlivet,Founder's Reserve,Acceptable (not certified),,False,false,no_evidence,False,True,False,False,,cRc lists this Scotch as acceptable without certification.,https://consumer.crckosher.org/liquor/full-liquor-list/,"cRc full liquor list, table row 1849 (category column = Scotch)",2026-08-11,verified_against_current_official_source
CRC-row1850,cRc,Scotch,Glenmorangie,19 Year,Acceptable (not certified),,False,false,no_evidence,False,True,False,False,,cRc lists this Scotch as acceptable without certification.,https://consumer.crckosher.org/liquor/full-liquor-list/,"cRc full liquor list, table row 1850 (category column = Scotch)",2026-08-11,verified_against_current_official_source
CRC-row1851,cRc,Scotch,Glenmorangie,Spios,Acceptable (not certified),,False,false,no_evidence,False,True,False,False,,cRc lists this Scotch as acceptable without certification.,https://consumer.crckosher.org/liquor/full-liquor-list/,"cRc full liquor list, table row 1851 (category column = Scotch)",2026-08-11,verified_against_current_official_source
CRC-row1852,cRc,Scotch,Highland Park,Full Volume Single Malt,Acceptable (not certified),,False,false,no_evidence,False,True,False,False,,cRc lists this Scotch as acceptable without certification.,https://consumer.crckosher.org/liquor/full-liquor-list/,"cRc full liquor list, table row 1852 (category column = Scotch)",2026-08-11,verified_against_current_official_source
CRC-row1853,cRc,Scotch,Johnnie Walker,Wine Cask Blend,Not Recommended,,False,,no_evidence,False,False,False,True,,"cRc lists this Scotch as ""Not Recommended"". Do not use it.",https://consumer.crckosher.org/liquor/full-liquor-list/,"cRc full liquor list, table row 1853 (category column = Scotch)",2026-08-11,verified_against_current_official_source
CRC-row1854,cRc,Scotch,Glenfiddich,Fire & Cane,Acceptable (not certified),,False,false,no_evidence,False,True,False,False,,cRc lists this Scotch as acceptable without certification.,https://consumer.crckosher.org/liquor/full-liquor-list/,"cRc full liquor list, table row 1854 (category column = Scotch)",2026-08-11,verified_against_current_official_source
CRC-row1855,cRc,Scotch,Glendronach,15 Year,Not Recommended,,False,,no_evidence,False,False,False,True,,"cRc lists this Scotch as ""Not Recommended"". Do not use it.",https://consumer.crckosher.org/liquor/full-liquor-list/,"cRc full liquor list, table row 1855 (category column = Scotch)",2026-08-11,verified_against_current_official_source
CRC-row1856,cRc,Scotch,Glen Moray,18 Year Old,Acceptable (not certified),,False,false,no_evidence,False,True,False,False,,cRc lists this Scotch as acceptable without certification.,https://consumer.crckosher.org/liquor/full-liquor-list/,"cRc full liquor list, table row 1856 (category column = Scotch)",2026-08-11,verified_against_current_official_source
CRC-row1857,cRc,Scotch,Glenlivet,12 Year Old First Fill,Acceptable (not certified),,False,false,no_evidence,False,True,False,False,"Must say ""First Fill"" on label.","cRc lists this Scotch as acceptable without certification. Note from cRc: Must say ""First Fill"" on label.",https://consumer.crckosher.org/liquor/full-liquor-list/,"cRc full liquor list, table row 1857 (category column = Scotch)",2026-08-11,verified_against_current_official_source
CRC-row1858,cRc,Scotch,Glenmorangie,Allta,Acceptable (not certified),,False,false,no_evidence,False,True,False,False,,cRc lists this Scotch as acceptable without certification.,https://consumer.crckosher.org/liquor/full-liquor-list/,"cRc full liquor list, table row 1858 (category column = Scotch)",2026-08-11,verified_against_current_official_source
CRC-row1859,cRc,Scotch,Glen Moray,12 Year Old Bourbon Barrels,Acceptable (not certified),,False,false,no_evidence,False,True,False,False,,cRc lists this Scotch as acceptable without certification.,https://consumer.crckosher.org/liquor/full-liquor-list/,"cRc full liquor list, table row 1859 (category column = Scotch)",2026-08-11,verified_against_current_official_source
CRC-row1860,cRc,Scotch,Macallan,Quest,Not Recommended,,False,,no_evidence,False,False,False,True,,"cRc lists this Scotch as ""Not Recommended"". Do not use it.",https://consumer.crckosher.org/liquor/full-liquor-list/,"cRc full liquor list, table row 1860 (category column = Scotch)",2026-08-11,verified_against_current_official_source
CRC-row1861,cRc,Scotch,Macallan,Lumina,Not Recommended,,False,,no_evidence,False,False,False,True,,"cRc lists this Scotch as ""Not Recommended"". Do not use it.",https://consumer.crckosher.org/liquor/full-liquor-list/,"cRc full liquor list, table row 1861 (category column = Scotch)",2026-08-11,verified_against_current_official_source
CRC-row1862,cRc,Scotch,Macallan,Terra,Not Recommended,,False,,no_evidence,False,False,False,True,,"cRc lists this Scotch as ""Not Recommended"". Do not use it.",https://consumer.crckosher.org/liquor/full-liquor-list/,"cRc full liquor list, table row 1862 (category column = Scotch)",2026-08-11,verified_against_current_official_source
CRC-row1863,cRc,Scotch,Macallan,Enigma,Not Recommended,,False,,no_evidence,False,False,False,True,,"cRc lists this Scotch as ""Not Recommended"". Do not use it.",https://consumer.crckosher.org/liquor/full-liquor-list/,"cRc full liquor list, table row 1863 (category column = Scotch)",2026-08-11,verified_against_current_official_source
CRC-row1864,cRc,Scotch,Glenlivet,14 Year Old,Not Recommended,,False,,no_evidence,False,False,False,True,,"cRc lists this Scotch as ""Not Recommended"". Do not use it.",https://consumer.crckosher.org/liquor/full-liquor-list/,"cRc full liquor list, table row 1864 (category column = Scotch)",2026-08-11,verified_against_current_official_source
CRC-row1865,cRc,Scotch,Balvenie,Sweet Toast of American Oak,Acceptable (not certified),,False,false,no_evidence,False,True,False,False,,cRc lists this Scotch as acceptable without certification.,https://consumer.crckosher.org/liquor/full-liquor-list/,"cRc full liquor list, table row 1865 (category column = Scotch)",2026-08-11,verified_against_current_official_source
CRC-row1866,cRc,Scotch,Highland Park,Twisted Tattoo,Not Recommended,,False,,no_evidence,False,False,False,True,,"cRc lists this Scotch as ""Not Recommended"". Do not use it.",https://consumer.crckosher.org/liquor/full-liquor-list/,"cRc full liquor list, table row 1866 (category column = Scotch)",2026-08-11,verified_against_current_official_source
CRC-row1867,cRc,Scotch,Glenfiddich,Grand Cru,Not Recommended,,False,,no_evidence,False,False,False,True,,"cRc lists this Scotch as ""Not Recommended"". Do not use it.",https://consumer.crckosher.org/liquor/full-liquor-list/,"cRc full liquor list, table row 1867 (category column = Scotch)",2026-08-11,verified_against_current_official_source
CRC-row1868,cRc,Scotch,Glenrothes,10 Year,Not Recommended,,False,,no_evidence,False,False,False,True,,"cRc lists this Scotch as ""Not Recommended"". Do not use it.",https://consumer.crckosher.org/liquor/full-liquor-list/,"cRc full liquor list, table row 1868 (category column = Scotch)",2026-08-11,verified_against_current_official_source
CRC-row1869,cRc,Scotch,Bladnoch,10 Year Old,Certified,KLBD,True,true,no_evidence,True,False,True,False,Certified when bearing the KLBD logo,cRc certifies this Scotch ONLY when the bottle bears the KLBD logo. Check the bottle.,https://consumer.crckosher.org/liquor/full-liquor-list/,"cRc full liquor list, table row 1869 (category column = Scotch)",2026-08-11,verified_against_current_official_source
CRC-row1870,cRc,Scotch,Bladnoch,11 Year Old 2020,Certified,KLBD,True,true,no_evidence,True,False,True,False,Certified when bearing the KLBD logo,cRc certifies this Scotch ONLY when the bottle bears the KLBD logo. Check the bottle.,https://consumer.crckosher.org/liquor/full-liquor-list/,"cRc full liquor list, table row 1870 (category column = Scotch)",2026-08-11,verified_against_current_official_source
CRC-row1871,cRc,Scotch,Bladnoch,25 Year Old Talia,Certified,KLBD,True,true,no_evidence,True,False,True,False,Certified when bearing the KLBD logo,cRc certifies this Scotch ONLY when the bottle bears the KLBD logo. Check the bottle.,https://consumer.crckosher.org/liquor/full-liquor-list/,"cRc full liquor list, table row 1871 (category column = Scotch)",2026-08-11,verified_against_current_official_source
CRC-row1872,cRc,Scotch,Bladnoch,27 Year Old Talia,Certified,KLBD,True,true,no_evidence,True,False,True,False,Certified when bearing the KLBD logo,cRc certifies this Scotch ONLY when the bottle bears the KLBD logo. Check the bottle.,https://consumer.crckosher.org/liquor/full-liquor-list/,"cRc full liquor list, table row 1872 (category column = Scotch)",2026-08-11,verified_against_current_official_source
CRC-row1873,cRc,Scotch,Chivas Regal,XV,Not Recommended,,False,,no_evidence,False,False,False,True,,"cRc lists this Scotch as ""Not Recommended"". Do not use it.",https://consumer.crckosher.org/liquor/full-liquor-list/,"cRc full liquor list, table row 1873 (category column = Scotch)",2026-08-11,verified_against_current_official_source
CRC-row1874,cRc,Scotch,Inver House Distillers,MacArthur's Blended Scotch Whisky,Certified,KF,True,false,no_evidence,False,True,False,False,,cRc certifies this Scotch under KF. cRc does not require you to find a symbol on the bottle. This record proves certification exists - it does NOT prove the bottle is physically marked.,https://consumer.crckosher.org/liquor/full-liquor-list/,"cRc full liquor list, table row 1874 (category column = Scotch)",2026-08-11,verified_against_current_official_source
CRC-row1875,cRc,Scotch,Inver House Distillers,Speyburn Bradan Orach,Certified,KF,True,false,no_evidence,False,True,False,False,,cRc certifies this Scotch under KF. cRc does not require you to find a symbol on the bottle. This record proves certification exists - it does NOT prove the bottle is physically marked.,https://consumer.crckosher.org/liquor/full-liquor-list/,"cRc full liquor list, table row 1875 (category column = Scotch)",2026-08-11,verified_against_current_official_source
CRC-row1876,cRc,Scotch,Inver House Distillers,Speyburn Hopkins Reserve,Certified,KF,True,false,no_evidence,False,True,False,False,,cRc certifies this Scotch under KF. cRc does not require you to find a symbol on the bottle. This record proves certification exists - it does NOT prove the bottle is physically marked.,https://consumer.crckosher.org/liquor/full-liquor-list/,"cRc full liquor list, table row 1876 (category column = Scotch)",2026-08-11,verified_against_current_official_source
CRC-row1877,cRc,Scotch,Inver House Distillers,Speyburn 16 Year Old,Certified,KF,True,false,no_evidence,False,True,False,False,,cRc certifies this Scotch under KF. cRc does not require you to find a symbol on the bottle. This record proves certification exists - it does NOT prove the bottle is physically marked.,https://consumer.crckosher.org/liquor/full-liquor-list/,"cRc full liquor list, table row 1877 (category column = Scotch)",2026-08-11,verified_against_current_official_source
CRC-row1878,cRc,Scotch,Inver House Distillers,Speyburn Companion Cask,Certified,KF,True,false,no_evidence,False,True,False,False,,cRc certifies this Scotch under KF. cRc does not require you to find a symbol on the bottle. This record proves certification exists - it does NOT prove the bottle is physically marked.,https://consumer.crckosher.org/liquor/full-liquor-list/,"cRc full liquor list, table row 1878 (category column = Scotch)",2026-08-11,verified_against_current_official_source
CRC-row1879,cRc,Scotch,Inver House Distillers,Old Pulteney 12 Year Old,Certified,KF,True,false,no_evidence,False,True,False,False,,cRc certifies this Scotch under KF. cRc does not require you to find a symbol on the bottle. This record proves certification exists - it does NOT prove the bottle is physically marked.,https://consumer.crckosher.org/liquor/full-liquor-list/,"cRc full liquor list, table row 1879 (category column = Scotch)",2026-08-11,verified_against_current_official_source
CRC-row1880,cRc,Scotch,Inver House Distillers,Old Pulteney 2006 Vintage,Certified,KF,True,false,no_evidence,False,True,False,False,,cRc certifies this Scotch under KF. cRc does not require you to find a symbol on the bottle. This record proves certification exists - it does NOT prove the bottle is physically marked.,https://consumer.crckosher.org/liquor/full-liquor-list/,"cRc full liquor list, table row 1880 (category column = Scotch)",2026-08-11,verified_against_current_official_source
CRC-row1881,cRc,Scotch,Inver House Distillers,Old Pulteney Flotilla 2008 Vintage,Certified,KF,True,false,no_evidence,False,True,False,False,,cRc certifies this Scotch under KF. cRc does not require you to find a symbol on the bottle. This record proves certification exists - it does NOT prove the bottle is physically marked.,https://consumer.crckosher.org/liquor/full-liquor-list/,"cRc full liquor list, table row 1881 (category column = Scotch)",2026-08-11,verified_against_current_official_source
CRC-row1882,cRc,Scotch,Inver House Distillers,Old Pulteney Huddart,Certified,KF,True,false,no_evidence,False,True,False,False,,cRc certifies this Scotch under KF. cRc does not require you to find a symbol on the bottle. This record proves certification exists - it does NOT prove the bottle is physically marked.,https://consumer.crckosher.org/liquor/full-liquor-list/,"cRc full liquor list, table row 1882 (category column = Scotch)",2026-08-11,verified_against_current_official_source
CRC-row1883,cRc,Scotch,Inver House Distillers,Old Pulteney 10 Year Old,Certified,KF,True,false,no_evidence,False,True,False,False,,cRc certifies this Scotch under KF. cRc does not require you to find a symbol on the bottle. This record proves certification exists - it does NOT prove the bottle is physically marked.,https://consumer.crckosher.org/liquor/full-liquor-list/,"cRc full liquor list, table row 1883 (category column = Scotch)",2026-08-11,verified_against_current_official_source
CRC-row1884,cRc,Scotch,Inver House Distillers,Old Pulteney Flotilla 2010 Vintage,Certified,KF,True,false,no_evidence,False,True,False,False,,cRc certifies this Scotch under KF. cRc does not require you to find a symbol on the bottle. This record proves certification exists - it does NOT prove the bottle is physically marked.,https://consumer.crckosher.org/liquor/full-liquor-list/,"cRc full liquor list, table row 1884 (category column = Scotch)",2026-08-11,verified_against_current_official_source
CRC-row1885,cRc,Scotch,Inver House Distillers,Balblair 12 Year Old,Certified,KF,True,false,no_evidence,False,True,False,False,,cRc certifies this Scotch under KF. cRc does not require you to find a symbol on the bottle. This record proves certification exists - it does NOT prove the bottle is physically marked.,https://consumer.crckosher.org/liquor/full-liquor-list/,"cRc full liquor list, table row 1885 (category column = Scotch)",2026-08-11,verified_against_current_official_source
CRC-row1886,cRc,Scotch,AnCnoc,12 Year Old,Certified,KF,True,false,no_evidence,False,True,False,False,,cRc certifies this Scotch under KF. cRc does not require you to find a symbol on the bottle. This record proves certification exists - it does NOT prove the bottle is physically marked.,https://consumer.crckosher.org/liquor/full-liquor-list/,"cRc full liquor list, table row 1886 (category column = Scotch)",2026-08-11,verified_against_current_official_source
CRC-row1887,cRc,Scotch,AnCnoc,Peatheart,Certified,KF,True,false,no_evidence,False,True,False,False,,cRc certifies this Scotch under KF. cRc does not require you to find a symbol on the bottle. This record proves certification exists - it does NOT prove the bottle is physically marked.,https://consumer.crckosher.org/liquor/full-liquor-list/,"cRc full liquor list, table row 1887 (category column = Scotch)",2026-08-11,verified_against_current_official_source
CRC-row1888,cRc,Scotch,Laphroaig,10 Year Old,Certified,KLBD,True,true,no_evidence,True,False,True,False,Certified when bearing the KLBD logo,cRc certifies this Scotch ONLY when the bottle bears the KLBD logo. Check the bottle.,https://consumer.crckosher.org/liquor/full-liquor-list/,"cRc full liquor list, table row 1888 (category column = Scotch)",2026-08-11,verified_against_current_official_source
CRC-row1889,cRc,Scotch,Glenmorangie,A Tale of Cake,Not Recommended,,False,,no_evidence,False,False,False,True,,"cRc lists this Scotch as ""Not Recommended"". Do not use it.",https://consumer.crckosher.org/liquor/full-liquor-list/,"cRc full liquor list, table row 1889 (category column = Scotch)",2026-08-11,verified_against_current_official_source
CRC-row1890,cRc,Scotch,Glenlivet,White Oak Reserve,Not Recommended,,False,,no_evidence,False,False,False,True,,"cRc lists this Scotch as ""Not Recommended"". Do not use it.",https://consumer.crckosher.org/liquor/full-liquor-list/,"cRc full liquor list, table row 1890 (category column = Scotch)",2026-08-11,verified_against_current_official_source
CRC-row1891,cRc,Scotch,Glenlivet,Triple Cask Matured Distillers Reserve,Not Recommended,,False,,no_evidence,False,False,False,True,,"cRc lists this Scotch as ""Not Recommended"". Do not use it.",https://consumer.crckosher.org/liquor/full-liquor-list/,"cRc full liquor list, table row 1891 (category column = Scotch)",2026-08-11,verified_against_current_official_source
CRC-row1892,cRc,Scotch,Highland Park,25 Year,Not Recommended,,False,,no_evidence,False,False,False,True,,"cRc lists this Scotch as ""Not Recommended"". Do not use it.",https://consumer.crckosher.org/liquor/full-liquor-list/,"cRc full liquor list, table row 1892 (category column = Scotch)",2026-08-11,verified_against_current_official_source
CRC-row1893,cRc,Scotch,Glenfiddich,30 Year Old,Not Recommended,,False,,no_evidence,False,False,False,True,,"cRc lists this Scotch as ""Not Recommended"". Do not use it.",https://consumer.crckosher.org/liquor/full-liquor-list/,"cRc full liquor list, table row 1893 (category column = Scotch)",2026-08-11,verified_against_current_official_source
CRC-row1894,cRc,Scotch,Tullibardine,15 Year Old,Acceptable (not certified),,False,false,no_evidence,False,True,False,False,,cRc lists this Scotch as acceptable without certification.,https://consumer.crckosher.org/liquor/full-liquor-list/,"cRc full liquor list, table row 1894 (category column = Scotch)",2026-08-11,verified_against_current_official_source
CRC-row1895,cRc,Scotch,Deanston,18 Year Old,Acceptable (not certified),,False,false,no_evidence,False,True,False,False,,cRc lists this Scotch as acceptable without certification.,https://consumer.crckosher.org/liquor/full-liquor-list/,"cRc full liquor list, table row 1895 (category column = Scotch)",2026-08-11,verified_against_current_official_source
CRC-row1896,cRc,Scotch,Tomatin,Cask Strength,Not Recommended,,False,,no_evidence,False,False,False,True,,"cRc lists this Scotch as ""Not Recommended"". Do not use it.",https://consumer.crckosher.org/liquor/full-liquor-list/,"cRc full liquor list, table row 1896 (category column = Scotch)",2026-08-11,verified_against_current_official_source
CRC-row1897,cRc,Scotch,Balvenie,French Oak 16 Year Old,Not Recommended,,False,,no_evidence,False,False,False,True,,"cRc lists this Scotch as ""Not Recommended"". Do not use it.",https://consumer.crckosher.org/liquor/full-liquor-list/,"cRc full liquor list, table row 1897 (category column = Scotch)",2026-08-11,verified_against_current_official_source
CRC-row1898,cRc,Scotch,Glenfarclas,10 Year Old,Not Recommended,,False,,no_evidence,False,False,False,True,,"cRc lists this Scotch as ""Not Recommended"". Do not use it.",https://consumer.crckosher.org/liquor/full-liquor-list/,"cRc full liquor list, table row 1898 (category column = Scotch)",2026-08-11,verified_against_current_official_source
CRC-row1899,cRc,Scotch,Craigellachie,13 Year Old,Not Recommended,,False,,no_evidence,False,False,False,True,,"cRc lists this Scotch as ""Not Recommended"". Do not use it.",https://consumer.crckosher.org/liquor/full-liquor-list/,"cRc full liquor list, table row 1899 (category column = Scotch)",2026-08-11,verified_against_current_official_source
CRC-row1900,cRc,Scotch,Tomintoul,18 Year (Limited 2002 Edition),Certified,OU,True,true,no_evidence,True,False,True,False,Certified when bearing the OU logo,cRc certifies this Scotch ONLY when the bottle bears the OU logo. Check the bottle.,https://consumer.crckosher.org/liquor/full-liquor-list/,"cRc full liquor list, table row 1900 (category column = Scotch)",2026-08-11,verified_against_current_official_source
CRC-row1901,cRc,Scotch,Tomintoul,18 Year,Certified,OU,True,true,no_evidence,True,False,True,False,Certified when bearing the OU logo,cRc certifies this Scotch ONLY when the bottle bears the OU logo. Check the bottle.,https://consumer.crckosher.org/liquor/full-liquor-list/,"cRc full liquor list, table row 1901 (category column = Scotch)",2026-08-11,verified_against_current_official_source
CRC-row1902,cRc,Scotch,Tomintoul,30 Year,Certified,OU,True,true,no_evidence,True,False,True,False,Certified when bearing the OU logo,cRc certifies this Scotch ONLY when the bottle bears the OU logo. Check the bottle.,https://consumer.crckosher.org/liquor/full-liquor-list/,"cRc full liquor list, table row 1902 (category column = Scotch)",2026-08-11,verified_against_current_official_source
CRC-row1903,cRc,Scotch,Tomintoul,40 Year,Certified,OU,True,true,no_evidence,True,False,True,False,Certified when bearing the OU logo,cRc certifies this Scotch ONLY when the bottle bears the OU logo. Check the bottle.,https://consumer.crckosher.org/liquor/full-liquor-list/,"cRc full liquor list, table row 1903 (category column = Scotch)",2026-08-11,verified_against_current_official_source
CRC-row1904,cRc,Scotch,Aberlour,A'bunadh Alba,Acceptable (not certified),,False,false,no_evidence,False,True,False,False,,cRc lists this Scotch as acceptable without certification.,https://consumer.crckosher.org/liquor/full-liquor-list/,"cRc full liquor list, table row 1904 (category column = Scotch)",2026-08-11,verified_against_current_official_source
CRC-row1905,cRc,Scotch,Johnnie Walker,Black Ruby,Not Recommended,,False,,no_evidence,False,False,False,True,,"cRc lists this Scotch as ""Not Recommended"". Do not use it.",https://consumer.crckosher.org/liquor/full-liquor-list/,"cRc full liquor list, table row 1905 (category column = Scotch)",2026-08-11,verified_against_current_official_source
CRC-row1906,cRc,Scotch,Aberfeldy,12 Year Old,Not Recommended,,False,,no_evidence,False,False,False,True,,"cRc lists this Scotch as ""Not Recommended"". Do not use it.",https://consumer.crckosher.org/liquor/full-liquor-list/,"cRc full liquor list, table row 1906 (category column = Scotch)",2026-08-11,verified_against_current_official_source
CRC-row1907,cRc,Scotch,Glenmorangie,A Tale of Ice Cream,Acceptable (not certified),,False,false,no_evidence,False,True,False,False,,cRc lists this Scotch as acceptable without certification.,https://consumer.crckosher.org/liquor/full-liquor-list/,"cRc full liquor list, table row 1907 (category column = Scotch)",2026-08-11,verified_against_current_official_source
CRC-row1908,cRc,Scotch,Glenfiddich,19 Year Old Bourbon Barrel,Acceptable (not certified),,False,false,no_evidence,False,True,False,False,,cRc lists this Scotch as acceptable without certification.,https://consumer.crckosher.org/liquor/full-liquor-list/,"cRc full liquor list, table row 1908 (category column = Scotch)",2026-08-11,verified_against_current_official_source
CRC-row1909,cRc,Scotch,Highland Mist,Unflavored,Not Recommended unless purchased before Pesach 2009/5769,,False,,no_evidence,False,False,False,True,,"cRc lists this Scotch as ""Not Recommended unless purchased before Pesach 2009/5769"". Do not use it.",https://consumer.crckosher.org/liquor/full-liquor-list/,"cRc full liquor list, table row 1909 (category column = Scotch)",2026-08-11,verified_against_current_official_source
CRC-row1910,cRc,Scotch,House of Stuart,Unflavored,Not Recommended unless purchased before Pesach 2009/5769,,False,,no_evidence,False,False,False,True,,"cRc lists this Scotch as ""Not Recommended unless purchased before Pesach 2009/5769"". Do not use it.",https://consumer.crckosher.org/liquor/full-liquor-list/,"cRc full liquor list, table row 1910 (category column = Scotch)",2026-08-11,verified_against_current_official_source
CRC-row1911,cRc,Scotch,Imperial,Unflavored,Not Recommended unless purchased before Pesach 2009/5769,,False,,no_evidence,False,False,False,True,,"cRc lists this Scotch as ""Not Recommended unless purchased before Pesach 2009/5769"". Do not use it.",https://consumer.crckosher.org/liquor/full-liquor-list/,"cRc full liquor list, table row 1911 (category column = Scotch)",2026-08-11,verified_against_current_official_source
CRC-row1912,cRc,Scotch,Glenmorangie,12 Year,Acceptable (not certified),,False,false,no_evidence,False,True,False,False,,cRc lists this Scotch as acceptable without certification.,https://consumer.crckosher.org/liquor/full-liquor-list/,"cRc full liquor list, table row 1912 (category column = Scotch)",2026-08-11,verified_against_current_official_source
CRC-row1913,cRc,Scotch,Laphroaig,Select,Not Recommended,,False,,no_evidence,False,False,False,True,,"cRc lists this Scotch as ""Not Recommended"". Do not use it.",https://consumer.crckosher.org/liquor/full-liquor-list/,"cRc full liquor list, table row 1913 (category column = Scotch)",2026-08-11,verified_against_current_official_source
CRC-row1914,cRc,Scotch,Glenmorangie,Triple Cask Reserve,Acceptable (not certified),,False,false,no_evidence,False,True,False,False,,cRc lists this Scotch as acceptable without certification.,https://consumer.crckosher.org/liquor/full-liquor-list/,"cRc full liquor list, table row 1914 (category column = Scotch)",2026-08-11,verified_against_current_official_source
CRC-row1915,cRc,Scotch,Dewar's,15 Year The Monarch,Not Recommended,,False,,no_evidence,False,False,False,True,,"cRc lists this Scotch as ""Not Recommended"". Do not use it.",https://consumer.crckosher.org/liquor/full-liquor-list/,"cRc full liquor list, table row 1915 (category column = Scotch)",2026-08-11,verified_against_current_official_source
CRC-row1916,cRc,Scotch,Aberfeldy,16 Year Old,Not Recommended,,False,,no_evidence,False,False,False,True,,"cRc lists this Scotch as ""Not Recommended"". Do not use it.",https://consumer.crckosher.org/liquor/full-liquor-list/,"cRc full liquor list, table row 1916 (category column = Scotch)",2026-08-11,verified_against_current_official_source
CRC-row1917,cRc,Scotch,Ardbeg,10 year,Certified,OU,True,true,no_evidence,True,False,True,False,Certified when bearing the OU logo,cRc certifies this Scotch ONLY when the bottle bears the OU logo. Check the bottle.,https://consumer.crckosher.org/liquor/full-liquor-list/,"cRc full liquor list, table row 1917 (category column = Scotch)",2026-08-11,verified_against_current_official_source
CRC-row1918,cRc,Scotch,Glenrothes,Alba Reserve,Acceptable (not certified),,False,false,no_evidence,False,True,False,False,,cRc lists this Scotch as acceptable without certification.,https://consumer.crckosher.org/liquor/full-liquor-list/,"cRc full liquor list, table row 1918 (category column = Scotch)",2026-08-11,verified_against_current_official_source
CRC-row1919,cRc,Scotch,Glenmorangie,Original,Certified,OU,True,true,no_evidence,True,False,True,False,Certified when bearing the OU logo,cRc certifies this Scotch ONLY when the bottle bears the OU logo. Check the bottle.,https://consumer.crckosher.org/liquor/full-liquor-list/,"cRc full liquor list, table row 1919 (category column = Scotch)",2026-08-11,verified_against_current_official_source
CRC-row1920,cRc,Scotch,Glenmorangie,Astar,Certified,OU,True,true,no_evidence,True,False,True,False,Certified when bearing the OU logo,cRc certifies this Scotch ONLY when the bottle bears the OU logo. Check the bottle.,https://consumer.crckosher.org/liquor/full-liquor-list/,"cRc full liquor list, table row 1920 (category column = Scotch)",2026-08-11,verified_against_current_official_source
CRC-row1921,cRc,Scotch,McClelland's,Lowland,Certified,KLBD,True,true,no_evidence,True,False,True,False,Certified when bearing the KLBD logo,cRc certifies this Scotch ONLY when the bottle bears the KLBD logo. Check the bottle.,https://consumer.crckosher.org/liquor/full-liquor-list/,"cRc full liquor list, table row 1921 (category column = Scotch)",2026-08-11,verified_against_current_official_source
CRC-row1922,cRc,Scotch,McClelland's,Speyside,Certified,KLBD,True,true,no_evidence,True,False,True,False,Certified when bearing the KLBD logo,cRc certifies this Scotch ONLY when the bottle bears the KLBD logo. Check the bottle.,https://consumer.crckosher.org/liquor/full-liquor-list/,"cRc full liquor list, table row 1922 (category column = Scotch)",2026-08-11,verified_against_current_official_source
CRC-row1923,cRc,Scotch,Tomintoul,10 Year,Certified,OU,True,true,no_evidence,True,False,True,False,Certified when bearing the OU logo,cRc certifies this Scotch ONLY when the bottle bears the OU logo. Check the bottle.,https://consumer.crckosher.org/liquor/full-liquor-list/,"cRc full liquor list, table row 1923 (category column = Scotch)",2026-08-11,verified_against_current_official_source
CRC-row1924,cRc,Scotch,Tomintoul,16 Year,Certified,OU,True,true,no_evidence,True,False,True,False,Certified when bearing the OU logo,cRc certifies this Scotch ONLY when the bottle bears the OU logo. Check the bottle.,https://consumer.crckosher.org/liquor/full-liquor-list/,"cRc full liquor list, table row 1924 (category column = Scotch)",2026-08-11,verified_against_current_official_source
CRC-row1925,cRc,Scotch,Tomintoul,33 Year,Certified,OU,True,true,no_evidence,True,False,True,False,Certified when bearing the OU logo,cRc certifies this Scotch ONLY when the bottle bears the OU logo. Check the bottle.,https://consumer.crckosher.org/liquor/full-liquor-list/,"cRc full liquor list, table row 1925 (category column = Scotch)",2026-08-11,verified_against_current_official_source
CRC-row1926,cRc,Scotch,Tomintoul,Peaty Tang,Certified,OU,True,true,no_evidence,True,False,True,False,Certified when bearing the OU logo,cRc certifies this Scotch ONLY when the bottle bears the OU logo. Check the bottle.,https://consumer.crckosher.org/liquor/full-liquor-list/,"cRc full liquor list, table row 1926 (category column = Scotch)",2026-08-11,verified_against_current_official_source
