record_id,agency,category,brand_exact,product_exact,agency_status_exact,certification_or_symbol,certification_recorded,symbol_required_for_approval,physical_symbol_independently_observed,in_list_1_approved_only_when_bearing_symbol,in_list_2,in_list_3,in_list_4,conditions_exact,plain_language_explanation,official_source_url,source_location,checked_date,verification_status
STARK-item-36PQDVMU,STAR-K,Tequila,3 Amigos,Añejo,Approved,,False,false,no_evidence,False,True,False,False,,STAR-K approves this tequila without requiring a kosher symbol on the bottle.,https://www.star-k.org/resource/list/W56J90P5/all_liquor#item-36PQDVMU,"STAR-K all_liquor listing, item block item-36PQDVMU (imported row index 19)",2026-08-11,verified_against_current_official_source
STARK-item-S3SLR7EE,STAR-K,Tequila,3 Amigos,Blanco,Approved,,False,false,no_evidence,False,True,False,False,,STAR-K approves this tequila without requiring a kosher symbol on the bottle.,https://www.star-k.org/resource/list/W56J90P5/all_liquor#item-S3SLR7EE,"STAR-K all_liquor listing, item block item-S3SLR7EE (imported row index 20)",2026-08-11,verified_against_current_official_source
STARK-item-RSURC5KM,STAR-K,Tequila,3 Amigos,Extra-Añejo,Approved,,False,false,no_evidence,False,True,False,False,,STAR-K approves this tequila without requiring a kosher symbol on the bottle.,https://www.star-k.org/resource/list/W56J90P5/all_liquor#item-RSURC5KM,"STAR-K all_liquor listing, item block item-RSURC5KM (imported row index 21)",2026-08-11,verified_against_current_official_source
STARK-item-TCQE7887,STAR-K,Tequila,3 Amigos,Reposado,Approved,,False,false,no_evidence,False,True,False,False,,STAR-K approves this tequila without requiring a kosher symbol on the bottle.,https://www.star-k.org/resource/list/W56J90P5/all_liquor#item-TCQE7887,"STAR-K all_liquor listing, item block item-TCQE7887 (imported row index 22)",2026-08-11,verified_against_current_official_source
STARK-item-4H8LJ0YE,STAR-K,Tequila,3 R,Tequila,Approved,,False,false,no_evidence,False,True,False,False,,STAR-K approves this tequila without requiring a kosher symbol on the bottle.,https://www.star-k.org/resource/list/W56J90P5/all_liquor#item-4H8LJ0YE,"STAR-K all_liquor listing, item block item-4H8LJ0YE (imported row index 28)",2026-08-11,verified_against_current_official_source
STARK-item-VMN9L02Y,STAR-K,Tequila,4 Machos,Añejo,Approved,,False,false,no_evidence,False,True,False,False,,STAR-K approves this tequila without requiring a kosher symbol on the bottle.,https://www.star-k.org/resource/list/W56J90P5/all_liquor#item-VMN9L02Y,"STAR-K all_liquor listing, item block item-VMN9L02Y (imported row index 29)",2026-08-11,verified_against_current_official_source
STARK-item-WWL21BVQ,STAR-K,Tequila,4 Machos,Blanco,Approved,,False,false,no_evidence,False,True,False,False,,STAR-K approves this tequila without requiring a kosher symbol on the bottle.,https://www.star-k.org/resource/list/W56J90P5/all_liquor#item-WWL21BVQ,"STAR-K all_liquor listing, item block item-WWL21BVQ (imported row index 30)",2026-08-11,verified_against_current_official_source
STARK-item-X7JVFDPI,STAR-K,Tequila,4 Machos,Reposado,Approved,,False,false,no_evidence,False,True,False,False,,STAR-K approves this tequila without requiring a kosher symbol on the bottle.,https://www.star-k.org/resource/list/W56J90P5/all_liquor#item-X7JVFDPI,"STAR-K all_liquor listing, item block item-X7JVFDPI (imported row index 31)",2026-08-11,verified_against_current_official_source
STARK-item-ZGHOVFIA,STAR-K,Tequila,7 Mares,Añejo,Approved,,False,false,no_evidence,False,True,False,False,,STAR-K approves this tequila without requiring a kosher symbol on the bottle.,https://www.star-k.org/resource/list/W56J90P5/all_liquor#item-ZGHOVFIA,"STAR-K all_liquor listing, item block item-ZGHOVFIA (imported row index 32)",2026-08-11,verified_against_current_official_source
STARK-item-1QFHAGC3,STAR-K,Tequila,7 Mares,Blanco,Approved,,False,false,no_evidence,False,True,False,False,,STAR-K approves this tequila without requiring a kosher symbol on the bottle.,https://www.star-k.org/resource/list/W56J90P5/all_liquor#item-1QFHAGC3,"STAR-K all_liquor listing, item block item-1QFHAGC3 (imported row index 33)",2026-08-11,verified_against_current_official_source
STARK-item-2ZCBPI7U,STAR-K,Tequila,7 Mares,Reposado,Not Approved,,False,,no_evidence,False,False,False,True,,STAR-K lists this as Not Approved. Do not use it.,https://www.star-k.org/resource/list/W56J90P5/all_liquor#item-2ZCBPI7U,"STAR-K all_liquor listing, item block item-2ZCBPI7U (imported row index 34)",2026-08-11,verified_against_current_official_source
STARK-item-1G9QS3LI,STAR-K,Tequila,100 Anos,Blanco,Approved,,False,false,no_evidence,False,True,False,False,,STAR-K approves this tequila without requiring a kosher symbol on the bottle.,https://www.star-k.org/resource/list/W56J90P5/all_liquor#item-1G9QS3LI,"STAR-K all_liquor listing, item block item-1G9QS3LI (imported row index 38)",2026-08-11,verified_against_current_official_source
STARK-item-2Q7J85EA,STAR-K,Tequila,100 Anos,Reposado Azul,Approved,,False,false,no_evidence,False,True,False,False,,STAR-K approves this tequila without requiring a kosher symbol on the bottle.,https://www.star-k.org/resource/list/W56J90P5/all_liquor#item-2Q7J85EA,"STAR-K all_liquor listing, item block item-2Q7J85EA (imported row index 39)",2026-08-11,verified_against_current_official_source
STARK-item-RN0EME7U,STAR-K,Tequila,1800,Nuevo Milenio Extra Añejo,Not Approved,,False,,no_evidence,False,False,False,True,,STAR-K lists this as Not Approved. Do not use it.,https://www.star-k.org/resource/list/W56J90P5/all_liquor#item-RN0EME7U,"STAR-K all_liquor listing, item block item-RN0EME7U (imported row index 42)",2026-08-11,verified_against_current_official_source
STARK-item-T852GIUE,STAR-K,Tequila,1800,Reserva Añejo,Approved,,False,false,no_evidence,False,True,False,False,,STAR-K approves this tequila without requiring a kosher symbol on the bottle.,https://www.star-k.org/resource/list/W56J90P5/all_liquor#item-T852GIUE,"STAR-K all_liquor listing, item block item-T852GIUE (imported row index 43)",2026-08-11,verified_against_current_official_source
STARK-item-314DM693,STAR-K,Tequila,1800,Reserva Blanco,Approved,,False,false,no_evidence,False,True,False,False,,STAR-K approves this tequila without requiring a kosher symbol on the bottle.,https://www.star-k.org/resource/list/W56J90P5/all_liquor#item-314DM693,"STAR-K all_liquor listing, item block item-314DM693 (imported row index 44)",2026-08-11,verified_against_current_official_source
STARK-item-VH3UVKN7,STAR-K,Tequila,1800,Reserva Reposado,Approved,,False,false,no_evidence,False,True,False,False,,STAR-K approves this tequila without requiring a kosher symbol on the bottle.,https://www.star-k.org/resource/list/W56J90P5/all_liquor#item-VH3UVKN7,"STAR-K all_liquor listing, item block item-VH3UVKN7 (imported row index 45)",2026-08-11,verified_against_current_official_source
STARK-item-WR1NAMHY,STAR-K,Tequila,1800,Reserva Silver,Approved,,False,false,no_evidence,False,True,False,False,,STAR-K approves this tequila without requiring a kosher symbol on the bottle.,https://www.star-k.org/resource/list/W56J90P5/all_liquor#item-WR1NAMHY,"STAR-K all_liquor listing, item block item-WR1NAMHY (imported row index 46)",2026-08-11,verified_against_current_official_source
STARK-item-SX782G1M,STAR-K,Tequila,1800,Select Silver 100 Proof,Approved,,False,false,no_evidence,False,True,False,False,,STAR-K approves this tequila without requiring a kosher symbol on the bottle.,https://www.star-k.org/resource/list/W56J90P5/all_liquor#item-SX782G1M,"STAR-K all_liquor listing, item block item-SX782G1M (imported row index 47)",2026-08-11,verified_against_current_official_source
STARK-item-WRGTUGKM,STAR-K,Tequila,1800,Tequila,Approved,,False,false,no_evidence,False,True,False,False,"Including Anjeo, Gold, & Reposado","STAR-K approves this tequila without requiring a kosher symbol on the bottle. Condition recorded by STAR-K: Including Anjeo, Gold, & Reposado",https://www.star-k.org/resource/list/W56J90P5/all_liquor#item-WRGTUGKM,"STAR-K all_liquor listing, item block item-WRGTUGKM (imported row index 48)",2026-08-11,verified_against_current_official_source
STARK-item-R5CMJIV7,STAR-K,Tequila,Amor Mio,Tequila,Approved,,False,false,no_evidence,False,True,False,False,,STAR-K approves this tequila without requiring a kosher symbol on the bottle.,https://www.star-k.org/resource/list/W56J90P5/all_liquor#item-R5CMJIV7,"STAR-K all_liquor listing, item block item-R5CMJIV7 (imported row index 80)",2026-08-11,verified_against_current_official_source
STARK-item-30A55K1M,STAR-K,Tequila,Antiguo Imperio,Añejo,Approved,,False,false,no_evidence,False,True,False,False,,STAR-K approves this tequila without requiring a kosher symbol on the bottle.,https://www.star-k.org/resource/list/W56J90P5/all_liquor#item-30A55K1M,"STAR-K all_liquor listing, item block item-30A55K1M (imported row index 100)",2026-08-11,verified_against_current_official_source
STARK-item-S7DZIVR7,STAR-K,Tequila,Antiguo Imperio,Blanco,Approved,,False,false,no_evidence,False,True,False,False,,STAR-K approves this tequila without requiring a kosher symbol on the bottle.,https://www.star-k.org/resource/list/W56J90P5/all_liquor#item-S7DZIVR7,"STAR-K all_liquor listing, item block item-S7DZIVR7 (imported row index 101)",2026-08-11,verified_against_current_official_source
STARK-item-RXF64TYE,STAR-K,Tequila,Antiguo Imperio,Extra-Añejo,Not Approved,,False,,no_evidence,False,False,False,True,,STAR-K lists this as Not Approved. Do not use it.,https://www.star-k.org/resource/list/W56J90P5/all_liquor#item-RXF64TYE,"STAR-K all_liquor listing, item block item-RXF64TYE (imported row index 102)",2026-08-11,verified_against_current_official_source
STARK-item-UGBSXXLY,STAR-K,Tequila,Antiguo Imperio,Reposado,Approved,,False,false,no_evidence,False,True,False,False,,STAR-K approves this tequila without requiring a kosher symbol on the bottle.,https://www.star-k.org/resource/list/W56J90P5/all_liquor#item-UGBSXXLY,"STAR-K all_liquor listing, item block item-UGBSXXLY (imported row index 103)",2026-08-11,verified_against_current_official_source
STARK-item-TEAFYKPY,STAR-K,Tequila,Arrecife,Tequila,Approved,,False,false,no_evidence,False,True,False,False,,STAR-K approves this tequila without requiring a kosher symbol on the bottle.,https://www.star-k.org/resource/list/W56J90P5/all_liquor#item-TEAFYKPY,"STAR-K all_liquor listing, item block item-TEAFYKPY (imported row index 137)",2026-08-11,verified_against_current_official_source
STARK-item-VQ0LCZFQ,STAR-K,Tequila,Arsenal,Añejo,Approved,,False,false,no_evidence,False,True,False,False,,STAR-K approves this tequila without requiring a kosher symbol on the bottle.,https://www.star-k.org/resource/list/W56J90P5/all_liquor#item-VQ0LCZFQ,"STAR-K all_liquor listing, item block item-VQ0LCZFQ (imported row index 138)",2026-08-11,verified_against_current_official_source
STARK-item-XA59733A,STAR-K,Tequila,Arsenal,Blanco,Approved,,False,false,no_evidence,False,True,False,False,,STAR-K approves this tequila without requiring a kosher symbol on the bottle.,https://www.star-k.org/resource/list/W56J90P5/all_liquor#item-XA59733A,"STAR-K all_liquor listing, item block item-XA59733A (imported row index 139)",2026-08-11,verified_against_current_official_source
STARK-item-W18FR10I,STAR-K,Tequila,Arsenal,Extra-Añejo,Approved,,False,false,no_evidence,False,True,False,False,,STAR-K approves this tequila without requiring a kosher symbol on the bottle.,https://www.star-k.org/resource/list/W56J90P5/all_liquor#item-W18FR10I,"STAR-K all_liquor listing, item block item-W18FR10I (imported row index 140)",2026-08-11,verified_against_current_official_source
STARK-item-ZK33L5W3,STAR-K,Tequila,Arsenal,Reposado,Approved,,False,false,no_evidence,False,True,False,False,,STAR-K approves this tequila without requiring a kosher symbol on the bottle.,https://www.star-k.org/resource/list/W56J90P5/all_liquor#item-ZK33L5W3,"STAR-K all_liquor listing, item block item-ZK33L5W3 (imported row index 141)",2026-08-11,verified_against_current_official_source
STARK-item-UO89DMJQ,STAR-K,Tequila,Ases y Reyes,Tequila,Approved,,False,false,no_evidence,False,True,False,False,,STAR-K approves this tequila without requiring a kosher symbol on the bottle.,https://www.star-k.org/resource/list/W56J90P5/all_liquor#item-UO89DMJQ,"STAR-K all_liquor listing, item block item-UO89DMJQ (imported row index 142)",2026-08-11,verified_against_current_official_source
STARK-item-1U1V17QU,STAR-K,Tequila,Black Eagle,Anejo,Approved,,False,false,no_evidence,False,True,False,False,,STAR-K approves this tequila without requiring a kosher symbol on the bottle.,https://www.star-k.org/resource/list/W56J90P5/all_liquor#item-1U1V17QU,"STAR-K all_liquor listing, item block item-1U1V17QU (imported row index 323)",2026-08-11,verified_against_current_official_source
STARK-item-25YPF9KM,STAR-K,Tequila,Black Eagle,Blanco,Approved,,False,false,no_evidence,False,True,False,False,,STAR-K approves this tequila without requiring a kosher symbol on the bottle.,https://www.star-k.org/resource/list/W56J90P5/all_liquor#item-25YPF9KM,"STAR-K all_liquor listing, item block item-25YPF9KM (imported row index 324)",2026-08-11,verified_against_current_official_source
STARK-item-4EWIUAEE,STAR-K,Tequila,Black Eagle,Reposado,Approved,,False,false,no_evidence,False,True,False,False,,STAR-K approves this tequila without requiring a kosher symbol on the bottle.,https://www.star-k.org/resource/list/W56J90P5/all_liquor#item-4EWIUAEE,"STAR-K all_liquor listing, item block item-4EWIUAEE (imported row index 325)",2026-08-11,verified_against_current_official_source
STARK-item-R22JUIB7,STAR-K,Tequila,Bonanza,Anejo,Approved,,False,false,no_evidence,False,True,False,False,,STAR-K approves this tequila without requiring a kosher symbol on the bottle.,https://www.star-k.org/resource/list/W56J90P5/all_liquor#item-R22JUIB7,"STAR-K all_liquor listing, item block item-R22JUIB7 (imported row index 501)",2026-08-11,verified_against_current_official_source
STARK-item-SBYC0K6Y,STAR-K,Tequila,Bonanza,Blanco,Approved,,False,false,no_evidence,False,True,False,False,,STAR-K approves this tequila without requiring a kosher symbol on the bottle.,https://www.star-k.org/resource/list/W56J90P5/all_liquor#item-SBYC0K6Y,"STAR-K all_liquor listing, item block item-SBYC0K6Y (imported row index 502)",2026-08-11,verified_against_current_official_source
STARK-item-ULW7OMZQ,STAR-K,Tequila,Bonanza,Reposado,Approved,,False,false,no_evidence,False,True,False,False,,STAR-K approves this tequila without requiring a kosher symbol on the bottle.,https://www.star-k.org/resource/list/W56J90P5/all_liquor#item-ULW7OMZQ,"STAR-K all_liquor listing, item block item-ULW7OMZQ (imported row index 503)",2026-08-11,verified_against_current_official_source
STARK-item-VVUZ4OTI,STAR-K,Tequila,Brindis Tradicional,Añejo,Approved,,False,false,no_evidence,False,True,False,False,,STAR-K approves this tequila without requiring a kosher symbol on the bottle.,https://www.star-k.org/resource/list/W56J90P5/all_liquor#item-VVUZ4OTI,"STAR-K all_liquor listing, item block item-VVUZ4OTI (imported row index 527)",2026-08-11,verified_against_current_official_source
STARK-item-YFQMXSG3,STAR-K,Tequila,Brindis Tradicional,Blanco,Approved,,False,false,no_evidence,False,True,False,False,,STAR-K approves this tequila without requiring a kosher symbol on the bottle.,https://www.star-k.org/resource/list/W56J90P5/all_liquor#item-YFQMXSG3,"STAR-K all_liquor listing, item block item-YFQMXSG3 (imported row index 528)",2026-08-11,verified_against_current_official_source
STARK-item-W6STIQMA,STAR-K,Tequila,Brindis Tradicional,Extra-Añejo,Approved,,False,false,no_evidence,False,True,False,False,,STAR-K approves this tequila without requiring a kosher symbol on the bottle.,https://www.star-k.org/resource/list/W56J90P5/all_liquor#item-W6STIQMA,"STAR-K all_liquor listing, item block item-W6STIQMA (imported row index 529)",2026-08-11,verified_against_current_official_source
STARK-item-ZPOFCTAU,STAR-K,Tequila,Brindis Tradicional,Reposado,Approved,,False,false,no_evidence,False,True,False,False,,STAR-K approves this tequila without requiring a kosher symbol on the bottle.,https://www.star-k.org/resource/list/W56J90P5/all_liquor#item-ZPOFCTAU,"STAR-K all_liquor listing, item block item-ZPOFCTAU (imported row index 530)",2026-08-11,verified_against_current_official_source
STARK-item-1ZL0RV5M,STAR-K,Tequila,Cabo Wabo,Silver,Approved,,False,false,no_evidence,False,True,False,False,,STAR-K approves this tequila without requiring a kosher symbol on the bottle.,https://www.star-k.org/resource/list/W56J90P5/all_liquor#item-1ZL0RV5M,"STAR-K all_liquor listing, item block item-1ZL0RV5M (imported row index 606)",2026-08-11,verified_against_current_official_source
STARK-item-20J37XYE,STAR-K,Tequila,Cabo Wabo,White,Approved,,False,false,no_evidence,False,True,False,False,,STAR-K approves this tequila without requiring a kosher symbol on the bottle.,https://www.star-k.org/resource/list/W56J90P5/all_liquor#item-20J37XYE,"STAR-K all_liquor listing, item block item-20J37XYE (imported row index 607)",2026-08-11,verified_against_current_official_source
STARK-item-4JHWLZR7,STAR-K,Tequila,Casa Noble,Anejo,Approved,,False,false,no_evidence,False,True,False,False,,STAR-K approves this tequila without requiring a kosher symbol on the bottle.,https://www.star-k.org/resource/list/W56J90P5/all_liquor#item-4JHWLZR7,"STAR-K all_liquor listing, item block item-4JHWLZR7 (imported row index 645)",2026-08-11,verified_against_current_official_source
STARK-item-TGKQZAJQ,STAR-K,Tequila,Casa Noble,Reposado,Approved,,False,false,no_evidence,False,True,False,False,,STAR-K approves this tequila without requiring a kosher symbol on the bottle.,https://www.star-k.org/resource/list/W56J90P5/all_liquor#item-TGKQZAJQ,"STAR-K all_liquor listing, item block item-TGKQZAJQ (imported row index 646)",2026-08-11,verified_against_current_official_source
STARK-item-R7MXK9PY,STAR-K,Tequila,Casa Noble,Single Barrel Añejo,Approved,,False,false,no_evidence,False,True,False,False,,STAR-K approves this tequila without requiring a kosher symbol on the bottle.,https://www.star-k.org/resource/list/W56J90P5/all_liquor#item-R7MXK9PY,"STAR-K all_liquor listing, item block item-R7MXK9PY (imported row index 647)",2026-08-11,verified_against_current_official_source
STARK-item-YACGOJ87,STAR-K,Tequila,Casa Vieja,Tequila,Approved,,False,false,no_evidence,False,True,False,False,"Including Anjeo, Gold, & Reposado","STAR-K approves this tequila without requiring a kosher symbol on the bottle. Condition recorded by STAR-K: Including Anjeo, Gold, & Reposado",https://www.star-k.org/resource/list/W56J90P5/all_liquor#item-YACGOJ87,"STAR-K all_liquor listing, item block item-YACGOJ87 (imported row index 648)",2026-08-11,verified_against_current_official_source
STARK-item-UQIKEBDI,STAR-K,Tequila,Cava de Oro,Añejo Tequila,Not Approved,,False,,no_evidence,False,False,False,True,,STAR-K lists this as Not Approved. Do not use it.,https://www.star-k.org/resource/list/W56J90P5/all_liquor#item-UQIKEBDI,"STAR-K all_liquor listing, item block item-UQIKEBDI (imported row index 659)",2026-08-11,verified_against_current_official_source
STARK-item-W0D70F13,STAR-K,Tequila,Cava de Oro,Blanco Tequila,Approved,,False,false,no_evidence,False,True,False,False,,STAR-K approves this tequila without requiring a kosher symbol on the bottle.,https://www.star-k.org/resource/list/W56J90P5/all_liquor#item-W0D70F13,"STAR-K all_liquor listing, item block item-W0D70F13 (imported row index 660)",2026-08-11,verified_against_current_official_source
STARK-item-V1FDTD7A,STAR-K,Tequila,Cava de Oro,Extra Añejo Tequila,Not Approved,,False,,no_evidence,False,False,False,True,,STAR-K lists this as Not Approved. Do not use it.,https://www.star-k.org/resource/list/W56J90P5/all_liquor#item-V1FDTD7A,"STAR-K all_liquor listing, item block item-V1FDTD7A (imported row index 661)",2026-08-11,verified_against_current_official_source
STARK-item-VAJ83QUE,STAR-K,Tequila,Cava de Oro,Plata Tequila,Approved,,False,false,no_evidence,False,True,False,False,,STAR-K approves this tequila without requiring a kosher symbol on the bottle.,https://www.star-k.org/resource/list/W56J90P5/all_liquor#item-VAJ83QUE,"STAR-K all_liquor listing, item block item-VAJ83QUE (imported row index 662)",2026-08-11,verified_against_current_official_source
STARK-item-YJB1OHUU,STAR-K,Tequila,Cava de Oro,Reposado Tequila,Not Approved,,False,,no_evidence,False,False,False,True,,STAR-K lists this as Not Approved. Do not use it.,https://www.star-k.org/resource/list/W56J90P5/all_liquor#item-YJB1OHUU,"STAR-K all_liquor listing, item block item-YJB1OHUU (imported row index 663)",2026-08-11,verified_against_current_official_source
STARK-item-ZT0T4JOM,STAR-K,Tequila,Cazadores,Blanco,Approved,,False,false,no_evidence,False,True,False,False,,STAR-K approves this tequila without requiring a kosher symbol on the bottle.,https://www.star-k.org/resource/list/W56J90P5/all_liquor#item-ZT0T4JOM,"STAR-K all_liquor listing, item block item-ZT0T4JOM (imported row index 664)",2026-08-11,verified_against_current_official_source
STARK-item-148NILIE,STAR-K,Tequila,Cazadores,Reposado,Approved,,False,false,no_evidence,False,True,False,False,,STAR-K approves this tequila without requiring a kosher symbol on the bottle.,https://www.star-k.org/resource/list/W56J90P5/all_liquor#item-148NILIE,"STAR-K all_liquor listing, item block item-148NILIE (imported row index 665)",2026-08-11,verified_against_current_official_source
STARK-item-2D6GXMB7,STAR-K,Tequila,Celebre,Anejo,Approved,,False,false,no_evidence,False,True,False,False,,STAR-K approves this tequila without requiring a kosher symbol on the bottle.,https://www.star-k.org/resource/list/W56J90P5/all_liquor#item-2D6GXMB7,"STAR-K all_liquor listing, item block item-2D6GXMB7 (imported row index 666)",2026-08-11,verified_against_current_official_source
STARK-item-RA8ABX4Q,STAR-K,Tequila,Celebre,Blanco,Approved,,False,false,no_evidence,False,True,False,False,,STAR-K approves this tequila without requiring a kosher symbol on the bottle.,https://www.star-k.org/resource/list/W56J90P5/all_liquor#item-RA8ABX4Q,"STAR-K all_liquor listing, item block item-RA8ABX4Q (imported row index 667)",2026-08-11,verified_against_current_official_source
STARK-item-4N30CO6Y,STAR-K,Tequila,Celebre,Extra-Añejo,Approved,,False,false,no_evidence,False,True,False,False,,STAR-K approves this tequila without requiring a kosher symbol on the bottle.,https://www.star-k.org/resource/list/W56J90P5/all_liquor#item-4N30CO6Y,"STAR-K all_liquor listing, item block item-4N30CO6Y (imported row index 668)",2026-08-11,verified_against_current_official_source
STARK-item-TK65QZXI,STAR-K,Tequila,Celebre,Reposado,Approved,,False,false,no_evidence,False,True,False,False,,STAR-K approves this tequila without requiring a kosher symbol on the bottle.,https://www.star-k.org/resource/list/W56J90P5/all_liquor#item-TK65QZXI,"STAR-K all_liquor listing, item block item-TK65QZXI (imported row index 669)",2026-08-11,verified_against_current_official_source
STARK-item-W94V8P7A,STAR-K,Tequila,Chula Parranda,Tequila,Approved,,False,false,no_evidence,False,True,False,False,,STAR-K approves this tequila without requiring a kosher symbol on the bottle.,https://www.star-k.org/resource/list/W56J90P5/all_liquor#item-W94V8P7A,"STAR-K all_liquor listing, item block item-W94V8P7A (imported row index 690)",2026-08-11,verified_against_current_official_source
STARK-item-VY63SNDI,STAR-K,Tequila,Cocula,Tequila,Approved,,False,false,no_evidence,False,True,False,False,,STAR-K approves this tequila without requiring a kosher symbol on the bottle.,https://www.star-k.org/resource/list/W56J90P5/all_liquor#item-VY63SNDI,"STAR-K all_liquor listing, item block item-VY63SNDI (imported row index 701)",2026-08-11,verified_against_current_official_source
STARK-item-UU4X62QA,STAR-K,Tequila,Conmemorativo,Añejo,Approved,,False,false,no_evidence,False,True,False,False,,STAR-K approves this tequila without requiring a kosher symbol on the bottle.,https://www.star-k.org/resource/list/W56J90P5/all_liquor#item-UU4X62QA,"STAR-K all_liquor listing, item block item-UU4X62QA (imported row index 749)",2026-08-11,verified_against_current_official_source
STARK-item-V52RK4K3,STAR-K,Tequila,De Batalla,Reposado,Approved,,False,false,no_evidence,False,True,False,False,,STAR-K approves this tequila without requiring a kosher symbol on the bottle.,https://www.star-k.org/resource/list/W56J90P5/all_liquor#item-V52RK4K3,"STAR-K all_liquor listing, item block item-V52RK4K3 (imported row index 820)",2026-08-11,verified_against_current_official_source
STARK-item-XEZKZ6EU,STAR-K,Tequila,Diva Maya,Blanco,Approved,,False,false,no_evidence,False,True,False,False,,STAR-K approves this tequila without requiring a kosher symbol on the bottle.,https://www.star-k.org/resource/list/W56J90P5/all_liquor#item-XEZKZ6EU,"STAR-K all_liquor listing, item block item-XEZKZ6EU (imported row index 889)",2026-08-11,verified_against_current_official_source
STARK-item-ZYU8T93E,STAR-K,Tequila,Don Julio,70 Añejo Claro Tequila,Approved,,False,false,no_evidence,False,True,False,False,,STAR-K approves this tequila without requiring a kosher symbol on the bottle.,https://www.star-k.org/resource/list/W56J90P5/all_liquor#item-ZYU8T93E,"STAR-K all_liquor listing, item block item-ZYU8T93E (imported row index 897)",2026-08-11,verified_against_current_official_source
STARK-item-1SEMEELI,STAR-K,Tequila,Don Julio,Alma Miel Tequila,Not Approved,,False,,no_evidence,False,False,False,True,,STAR-K lists this as Not Approved. Do not use it.,https://www.star-k.org/resource/list/W56J90P5/all_liquor#item-1SEMEELI,"STAR-K all_liquor listing, item block item-1SEMEELI (imported row index 898)",2026-08-11,verified_against_current_official_source
STARK-item-YOXEE79M,STAR-K,Tequila,Don Julio,Añejo Tequila,Approved,,False,false,no_evidence,False,True,False,False,,STAR-K approves this tequila without requiring a kosher symbol on the bottle.,https://www.star-k.org/resource/list/W56J90P5/all_liquor#item-YOXEE79M,"STAR-K all_liquor listing, item block item-YOXEE79M (imported row index 899)",2026-08-11,verified_against_current_official_source
STARK-item-3IQUNCPY,STAR-K,Tequila,Don Julio,Blanco Tequila,Approved,,False,false,no_evidence,False,True,False,False,,STAR-K approves this tequila without requiring a kosher symbol on the bottle.,https://www.star-k.org/resource/list/W56J90P5/all_liquor#item-3IQUNCPY,"STAR-K all_liquor listing, item block item-3IQUNCPY (imported row index 900)",2026-08-11,verified_against_current_official_source
STARK-item-Z5Y6BEQU,STAR-K,Tequila,Don Julio,Primavera Reposado Tequila,Not Approved,,False,,no_evidence,False,False,False,True,,STAR-K lists this as Not Approved. Do not use it.,https://www.star-k.org/resource/list/W56J90P5/all_liquor#item-Z5Y6BEQU,"STAR-K all_liquor listing, item block item-Z5Y6BEQU (imported row index 901)",2026-08-11,verified_against_current_official_source
STARK-item-19S19AV7,STAR-K,Tequila,Don Julio,Reposado Tequila,Approved,,False,false,no_evidence,False,True,False,False,,STAR-K approves this tequila without requiring a kosher symbol on the bottle.,https://www.star-k.org/resource/list/W56J90P5/all_liquor#item-19S19AV7,"STAR-K all_liquor listing, item block item-19S19AV7 (imported row index 902)",2026-08-11,verified_against_current_official_source
STARK-item-2EWZQGKM,STAR-K,Tequila,Don Julio,Rosado Tequila,Not Approved,,False,,no_evidence,False,False,False,True,,STAR-K lists this as Not Approved. Do not use it.,https://www.star-k.org/resource/list/W56J90P5/all_liquor#item-2EWZQGKM,"STAR-K all_liquor listing, item block item-2EWZQGKM (imported row index 903)",2026-08-11,verified_against_current_official_source
STARK-item-4SON4EJQ,STAR-K,Tequila,Don Tepo,Blanco,Approved,,False,false,no_evidence,False,True,False,False,,STAR-K approves this tequila without requiring a kosher symbol on the bottle.,https://www.star-k.org/resource/list/W56J90P5/all_liquor#item-4SON4EJQ,"STAR-K all_liquor listing, item block item-4SON4EJQ (imported row index 906)",2026-08-11,verified_against_current_official_source
STARK-item-YI2PMR13,STAR-K,Tequila,Dos Artes,Tequila,Approved,,False,false,no_evidence,False,True,False,False,,STAR-K approves this tequila without requiring a kosher symbol on the bottle.,https://www.star-k.org/resource/list/W56J90P5/all_liquor#item-YI2PMR13,"STAR-K all_liquor listing, item block item-YI2PMR13 (imported row index 907)",2026-08-11,verified_against_current_official_source
STARK-item-ZSZI2TUU,STAR-K,Tequila,Earth,Tequila,Approved,,False,false,no_evidence,False,True,False,False,,STAR-K approves this tequila without requiring a kosher symbol on the bottle.,https://www.star-k.org/resource/list/W56J90P5/all_liquor#item-ZSZI2TUU,"STAR-K all_liquor listing, item block item-ZSZI2TUU (imported row index 926)",2026-08-11,verified_against_current_official_source
STARK-item-Q6CE13LI,STAR-K,Tequila,El Brindis Mexicano,Añejo,Approved,,False,false,no_evidence,False,True,False,False,,STAR-K approves this tequila without requiring a kosher symbol on the bottle.,https://www.star-k.org/resource/list/W56J90P5/all_liquor#item-Q6CE13LI,"STAR-K all_liquor listing, item block item-Q6CE13LI (imported row index 935)",2026-08-11,verified_against_current_official_source
STARK-item-TP82U693,STAR-K,Tequila,El Brindis Mexicano,Blanco,Approved,,False,false,no_evidence,False,True,False,False,,STAR-K approves this tequila without requiring a kosher symbol on the bottle.,https://www.star-k.org/resource/list/W56J90P5/all_liquor#item-TP82U693,"STAR-K all_liquor listing, item block item-TP82U693 (imported row index 936)",2026-08-11,verified_against_current_official_source
STARK-item-SF09F5EA,STAR-K,Tequila,El Brindis Mexicano,Extra-Añejo,Not Approved,,False,,no_evidence,False,False,False,True,,STAR-K lists this as Not Approved. Do not use it.,https://www.star-k.org/resource/list/W56J90P5/all_liquor#item-SF09F5EA,"STAR-K all_liquor listing, item block item-SF09F5EA (imported row index 937)",2026-08-11,verified_against_current_official_source
STARK-item-UZ6U083U,STAR-K,Tequila,El Brindis Mexicano,Reposado,Approved,,False,false,no_evidence,False,True,False,False,,STAR-K approves this tequila without requiring a kosher symbol on the bottle.,https://www.star-k.org/resource/list/W56J90P5/all_liquor#item-UZ6U083U,"STAR-K all_liquor listing, item block item-UZ6U083U (imported row index 938)",2026-08-11,verified_against_current_official_source
STARK-item-V04OO0WM,STAR-K,Tequila,El Jimador,Añejo,Approved,,False,false,no_evidence,False,True,False,False,,STAR-K approves this tequila without requiring a kosher symbol on the bottle.,https://www.star-k.org/resource/list/W56J90P5/all_liquor#item-V04OO0WM,"STAR-K all_liquor listing, item block item-V04OO0WM (imported row index 939)",2026-08-11,verified_against_current_official_source
STARK-item-XJ2H4BQE,STAR-K,Tequila,El Jimador,Blanco,Approved,,False,false,no_evidence,False,True,False,False,,STAR-K approves this tequila without requiring a kosher symbol on the bottle.,https://www.star-k.org/resource/list/W56J90P5/all_liquor#item-XJ2H4BQE,"STAR-K all_liquor listing, item block item-XJ2H4BQE (imported row index 940)",2026-08-11,verified_against_current_official_source
STARK-item-YTYBIDJ7,STAR-K,Tequila,El Jimador,Reposado,Approved,,False,false,no_evidence,False,True,False,False,,STAR-K approves this tequila without requiring a kosher symbol on the bottle.,https://www.star-k.org/resource/list/W56J90P5/all_liquor#item-YTYBIDJ7,"STAR-K all_liquor listing, item block item-YTYBIDJ7 (imported row index 941)",2026-08-11,verified_against_current_official_source
STARK-item-1K004L2Y,STAR-K,Tequila,El Jimador,Tequila,Approved,,False,false,no_evidence,False,True,False,False,"Including Anjeo, Gold, & Reposado","STAR-K approves this tequila without requiring a kosher symbol on the bottle. Condition recorded by STAR-K: Including Anjeo, Gold, & Reposado",https://www.star-k.org/resource/list/W56J90P5/all_liquor#item-1K004L2Y,"STAR-K all_liquor listing, item block item-1K004L2Y (imported row index 942)",2026-08-11,verified_against_current_official_source
STARK-item-TVVGYUZQ,STAR-K,Tequila,El Tequileno,Assorted Tequila Varieties (when bearing STAR-K),Approved,STAR-K,True,true,no_evidence,True,False,True,False,,STAR-K approves this ONLY if the bottle bears the STAR-K symbol.,https://www.star-k.org/resource/list/W56J90P5/all_liquor#item-TVVGYUZQ,"STAR-K all_liquor listing, item block item-TVVGYUZQ (imported row index 943)",2026-08-11,verified_against_current_official_source
STARK-item-1DUXDG8Q,STAR-K,Tequila,Espolon,Silver,Approved,,False,false,no_evidence,False,True,False,False,,STAR-K approves this tequila without requiring a kosher symbol on the bottle.,https://www.star-k.org/resource/list/W56J90P5/all_liquor#item-1DUXDG8Q,"STAR-K all_liquor listing, item block item-1DUXDG8Q (imported row index 949)",2026-08-11,verified_against_current_official_source
STARK-item-Z4W5YEDY,STAR-K,Tequila,Espolon,White,Approved,,False,false,no_evidence,False,True,False,False,,STAR-K approves this tequila without requiring a kosher symbol on the bottle.,https://www.star-k.org/resource/list/W56J90P5/all_liquor#item-Z4W5YEDY,"STAR-K all_liquor listing, item block item-Z4W5YEDY (imported row index 950)",2026-08-11,verified_against_current_official_source
STARK-item-3NSRSI2I,STAR-K,Tequila,Gila,Reposado,Approved,,False,false,no_evidence,False,True,False,False,,STAR-K approves this tequila without requiring a kosher symbol on the bottle.,https://www.star-k.org/resource/list/W56J90P5/all_liquor#item-3NSRSI2I,"STAR-K all_liquor listing, item block item-3NSRSI2I (imported row index 978)",2026-08-11,verified_against_current_official_source
STARK-item-QAXSRRYA,STAR-K,Tequila,Gila,Silver,Approved,,False,false,no_evidence,False,True,False,False,,STAR-K approves this tequila without requiring a kosher symbol on the bottle.,https://www.star-k.org/resource/list/W56J90P5/all_liquor#item-QAXSRRYA,"STAR-K all_liquor listing, item block item-QAXSRRYA (imported row index 979)",2026-08-11,verified_against_current_official_source
STARK-item-SKVL7TS3,STAR-K,Tequila,Gran Centenario,Añejo,Approved,,False,false,no_evidence,False,True,False,False,,STAR-K approves this tequila without requiring a kosher symbol on the bottle.,https://www.star-k.org/resource/list/W56J90P5/all_liquor#item-SKVL7TS3,"STAR-K all_liquor listing, item block item-SKVL7TS3 (imported row index 1106)",2026-08-11,verified_against_current_official_source
STARK-item-TUTFLVMU,STAR-K,Tequila,Gran Centenario,Extra-Añejo,Approved,,False,false,no_evidence,False,True,False,False,,STAR-K approves this tequila without requiring a kosher symbol on the bottle.,https://www.star-k.org/resource/list/W56J90P5/all_liquor#item-TUTFLVMU,"STAR-K all_liquor listing, item block item-TUTFLVMU (imported row index 1107)",2026-08-11,verified_against_current_official_source
STARK-item-XKH2HSN7,STAR-K,Tequila,Gran Centenario,Plata,Approved,,False,false,no_evidence,False,True,False,False,,STAR-K approves this tequila without requiring a kosher symbol on the bottle.,https://www.star-k.org/resource/list/W56J90P5/all_liquor#item-XKH2HSN7,"STAR-K all_liquor listing, item block item-XKH2HSN7 (imported row index 1108)",2026-08-11,verified_against_current_official_source
STARK-item-U5Q91XGM,STAR-K,Tequila,Gran Centenario,Reposado,Approved,,False,false,no_evidence,False,True,False,False,,STAR-K approves this tequila without requiring a kosher symbol on the bottle.,https://www.star-k.org/resource/list/W56J90P5/all_liquor#item-U5Q91XGM,"STAR-K all_liquor listing, item block item-U5Q91XGM (imported row index 1109)",2026-08-11,verified_against_current_official_source
STARK-item-2U84INVQ,STAR-K,Tequila,Gran Centenario,Tequila,Approved,,False,false,no_evidence,False,True,False,False,"Including Anjeo, Gold, & Reposado","STAR-K approves this tequila without requiring a kosher symbol on the bottle. Condition recorded by STAR-K: Including Anjeo, Gold, & Reposado",https://www.star-k.org/resource/list/W56J90P5/all_liquor#item-2U84INVQ,"STAR-K all_liquor listing, item block item-2U84INVQ (imported row index 1110)",2026-08-11,verified_against_current_official_source
STARK-item-13WCGVOM,STAR-K,Tequila,Grand Love,Tequila,Approved,,False,false,no_evidence,False,True,False,False,,STAR-K approves this tequila without requiring a kosher symbol on the bottle.,https://www.star-k.org/resource/list/W56J90P5/all_liquor#item-13WCGVOM,"STAR-K all_liquor listing, item block item-13WCGVOM (imported row index 1111)",2026-08-11,verified_against_current_official_source
STARK-item-WEO3FYAE,STAR-K,Tequila,Hacienda,Reposado,Approved,,False,false,no_evidence,False,True,False,False,,STAR-K approves this tequila without requiring a kosher symbol on the bottle.,https://www.star-k.org/resource/list/W56J90P5/all_liquor#item-WEO3FYAE,"STAR-K all_liquor listing, item block item-WEO3FYAE (imported row index 1124)",2026-08-11,verified_against_current_official_source
STARK-item-XOMVU147,STAR-K,Tequila,Hacienda,Reposado Black,Approved,,False,false,no_evidence,False,True,False,False,,STAR-K approves this tequila without requiring a kosher symbol on the bottle.,https://www.star-k.org/resource/list/W56J90P5/all_liquor#item-XOMVU147,"STAR-K all_liquor listing, item block item-XOMVU147 (imported row index 1125)",2026-08-11,verified_against_current_official_source
STARK-item-Z9IIO5RQ,STAR-K,Tequila,Herradura,Añejo,Approved,,False,false,no_evidence,False,True,False,False,,STAR-K approves this tequila without requiring a kosher symbol on the bottle.,https://www.star-k.org/resource/list/W56J90P5/all_liquor#item-Z9IIO5RQ,"STAR-K all_liquor listing, item block item-Z9IIO5RQ (imported row index 1161)",2026-08-11,verified_against_current_official_source
STARK-item-2IFB47LI,STAR-K,Tequila,Herradura,Blanco,Approved,,False,false,no_evidence,False,True,False,False,,STAR-K approves this tequila without requiring a kosher symbol on the bottle.,https://www.star-k.org/resource/list/W56J90P5/all_liquor#item-2IFB47LI,"STAR-K all_liquor listing, item block item-2IFB47LI (imported row index 1162)",2026-08-11,verified_against_current_official_source
STARK-item-YUFUWUHY,STAR-K,Tequila,Herradura,Plata,Approved,,False,false,no_evidence,False,True,False,False,,STAR-K approves this tequila without requiring a kosher symbol on the bottle.,https://www.star-k.org/resource/list/W56J90P5/all_liquor#item-YUFUWUHY,"STAR-K all_liquor listing, item block item-YUFUWUHY (imported row index 1163)",2026-08-11,verified_against_current_official_source
STARK-item-RFI7IGC3,STAR-K,Tequila,Herradura,Reposado,Approved,,False,false,no_evidence,False,True,False,False,,STAR-K approves this tequila without requiring a kosher symbol on the bottle.,https://www.star-k.org/resource/list/W56J90P5/all_liquor#item-RFI7IGC3,"STAR-K all_liquor listing, item block item-RFI7IGC3 (imported row index 1164)",2026-08-11,verified_against_current_official_source
STARK-item-3RD6I9EA,STAR-K,Tequila,Herradura,Selección Suprema Extra Añejo,Approved,,False,false,no_evidence,False,True,False,False,,STAR-K approves this tequila without requiring a kosher symbol on the bottle.,https://www.star-k.org/resource/list/W56J90P5/all_liquor#item-3RD6I9EA,"STAR-K all_liquor listing, item block item-3RD6I9EA (imported row index 1165)",2026-08-11,verified_against_current_official_source
STARK-item-356WXPPI,STAR-K,Tequila,Herradura,Tequila,Approved,,False,false,no_evidence,False,True,False,False,"Including Anjeo, Gold, & Reposado","STAR-K approves this tequila without requiring a kosher symbol on the bottle. Condition recorded by STAR-K: Including Anjeo, Gold, & Reposado",https://www.star-k.org/resource/list/W56J90P5/all_liquor#item-356WXPPI,"STAR-K all_liquor listing, item block item-356WXPPI (imported row index 1166)",2026-08-11,verified_against_current_official_source
STARK-item-YYKO03XY,STAR-K,Tequila,Herradura Gran Imperio,Reposado,Approved,,False,false,no_evidence,False,True,False,False,,STAR-K approves this tequila without requiring a kosher symbol on the bottle.,https://www.star-k.org/resource/list/W56J90P5/all_liquor#item-YYKO03XY,"STAR-K all_liquor listing, item block item-YYKO03XY (imported row index 1167)",2026-08-11,verified_against_current_official_source
STARK-item-SPGZXI7U,STAR-K,Tequila,Hornitos,Añejo,Approved,,False,false,no_evidence,False,True,False,False,,STAR-K approves this tequila without requiring a kosher symbol on the bottle.,https://www.star-k.org/resource/list/W56J90P5/all_liquor#item-SPGZXI7U,"STAR-K all_liquor listing, item block item-SPGZXI7U (imported row index 1204)",2026-08-11,verified_against_current_official_source
STARK-item-TZESCK1M,STAR-K,Tequila,Hornitos,Blanco,Approved,,False,false,no_evidence,False,True,False,False,,STAR-K approves this tequila without requiring a kosher symbol on the bottle.,https://www.star-k.org/resource/list/W56J90P5/all_liquor#item-TZESCK1M,"STAR-K all_liquor listing, item block item-TZESCK1M (imported row index 1205)",2026-08-11,verified_against_current_official_source
STARK-item-U9CMRMUE,STAR-K,Tequila,Hornitos,Reposado,Approved,,False,false,no_evidence,False,True,False,False,,STAR-K approves this tequila without requiring a kosher symbol on the bottle.,https://www.star-k.org/resource/list/W56J90P5/all_liquor#item-U9CMRMUE,"STAR-K all_liquor listing, item block item-U9CMRMUE (imported row index 1206)",2026-08-11,verified_against_current_official_source
STARK-item-RRAXWYMA,STAR-K,Tequila,Hornitos,Tequila,Approved,,False,false,no_evidence,False,True,False,False,"Including Anjeo, Gold, & Reposado","STAR-K approves this tequila without requiring a kosher symbol on the bottle. Condition recorded by STAR-K: Including Anjeo, Gold, & Reposado",https://www.star-k.org/resource/list/W56J90P5/all_liquor#item-RRAXWYMA,"STAR-K all_liquor listing, item block item-RRAXWYMA (imported row index 1207)",2026-08-11,verified_against_current_official_source
STARK-item-WIAF7ON7,STAR-K,Tequila,Jarana,Blanco (Plata),Approved,,False,false,no_evidence,False,True,False,False,,STAR-K approves this tequila without requiring a kosher symbol on the bottle.,https://www.star-k.org/resource/list/W56J90P5/all_liquor#item-WIAF7ON7,"STAR-K all_liquor listing, item block item-WIAF7ON7 (imported row index 1346)",2026-08-11,verified_against_current_official_source
STARK-item-XS80LQHY,STAR-K,Tequila,Jarana,Reposado,Approved,,False,false,no_evidence,False,True,False,False,,STAR-K approves this tequila without requiring a kosher symbol on the bottle.,https://www.star-k.org/resource/list/W56J90P5/all_liquor#item-XS80LQHY,"STAR-K all_liquor listing, item block item-XS80LQHY (imported row index 1347)",2026-08-11,verified_against_current_official_source
STARK-item-Y3631RBQ,STAR-K,Tequila,Jarana,Reposado (Autentico),Approved,,False,false,no_evidence,False,True,False,False,,STAR-K approves this tequila without requiring a kosher symbol on the bottle.,https://www.star-k.org/resource/list/W56J90P5/all_liquor#item-Y3631RBQ,"STAR-K all_liquor listing, item block item-Y3631RBQ (imported row index 1348)",2026-08-11,verified_against_current_official_source
STARK-item-ZC4WFT6I,STAR-K,Tequila,Jose Cuervo,Añejo,Approved,,False,false,no_evidence,False,True,False,False,,STAR-K approves this tequila without requiring a kosher symbol on the bottle.,https://www.star-k.org/resource/list/W56J90P5/all_liquor#item-ZC4WFT6I,"STAR-K all_liquor listing, item block item-ZC4WFT6I (imported row index 1378)",2026-08-11,verified_against_current_official_source
STARK-item-2M2PUVYA,STAR-K,Tequila,Jose Cuervo,Black Añejo,Approved,,False,false,no_evidence,False,True,False,False,,STAR-K approves this tequila without requiring a kosher symbol on the bottle.,https://www.star-k.org/resource/list/W56J90P5/all_liquor#item-2M2PUVYA,"STAR-K all_liquor listing, item block item-2M2PUVYA (imported row index 1379)",2026-08-11,verified_against_current_official_source
STARK-item-RJ5J97QU,STAR-K,Tequila,Jose Cuervo,Especial Reposado,Approved,,False,false,no_evidence,False,True,False,False,,STAR-K approves this tequila without requiring a kosher symbol on the bottle.,https://www.star-k.org/resource/list/W56J90P5/all_liquor#item-RJ5J97QU,"STAR-K all_liquor listing, item block item-RJ5J97QU (imported row index 1380)",2026-08-11,verified_against_current_official_source
STARK-item-3WZI0XS3,STAR-K,Tequila,Jose Cuervo,Especial Silver,Approved,,False,false,no_evidence,False,True,False,False,,STAR-K approves this tequila without requiring a kosher symbol on the bottle.,https://www.star-k.org/resource/list/W56J90P5/all_liquor#item-3WZI0XS3,"STAR-K all_liquor listing, item block item-3WZI0XS3 (imported row index 1381)",2026-08-11,verified_against_current_official_source
STARK-item-ST2DN9KM,STAR-K,Tequila,Jose Cuervo,Gold,Approved,,False,false,no_evidence,False,True,False,False,,STAR-K approves this tequila without requiring a kosher symbol on the bottle.,https://www.star-k.org/resource/list/W56J90P5/all_liquor#item-ST2DN9KM,"STAR-K all_liquor listing, item block item-ST2DN9KM (imported row index 1382)",2026-08-11,verified_against_current_official_source
STARK-item-VQ8YTMXY,STAR-K,Tequila,Jose Cuervo,Special Edition 250,Not Approved,,False,,no_evidence,False,False,False,True,,STAR-K lists this as Not Approved. Do not use it.,https://www.star-k.org/resource/list/W56J90P5/all_liquor#item-VQ8YTMXY,"STAR-K all_liquor listing, item block item-VQ8YTMXY (imported row index 1383)",2026-08-11,verified_against_current_official_source
STARK-item-S29QB1G3,STAR-K,Tequila,Jose Cuervo,Tequila,Approved,,False,false,no_evidence,False,True,False,False,"Including Anjeo, Gold, & Reposado","STAR-K approves this tequila without requiring a kosher symbol on the bottle. Condition recorded by STAR-K: Including Anjeo, Gold, & Reposado",https://www.star-k.org/resource/list/W56J90P5/all_liquor#item-S29QB1G3,"STAR-K all_liquor listing, item block item-S29QB1G3 (imported row index 1384)",2026-08-11,verified_against_current_official_source
STARK-item-T4Z73AEE,STAR-K,Tequila,Jose Cuervo,Tradicional Reposado,Approved,,False,false,no_evidence,False,True,False,False,,STAR-K approves this tequila without requiring a kosher symbol on the bottle.,https://www.star-k.org/resource/list/W56J90P5/all_liquor#item-T4Z73AEE,"STAR-K all_liquor listing, item block item-T4Z73AEE (imported row index 1385)",2026-08-11,verified_against_current_official_source
STARK-item-XXTMCFVQ,STAR-K,Tequila,La Cofradía,Añejo,Approved,,False,false,no_evidence,False,True,False,False,,STAR-K approves this tequila without requiring a kosher symbol on the bottle.,https://www.star-k.org/resource/list/W56J90P5/all_liquor#item-XXTMCFVQ,"STAR-K all_liquor listing, item block item-XXTMCFVQ (imported row index 1438)",2026-08-11,verified_against_current_official_source
STARK-item-UDX1HB87,STAR-K,Tequila,La Cofradía,Blanco,Approved,,False,false,no_evidence,False,True,False,False,,STAR-K approves this tequila without requiring a kosher symbol on the bottle.,https://www.star-k.org/resource/list/W56J90P5/all_liquor#item-UDX1HB87,"STAR-K all_liquor listing, item block item-UDX1HB87 (imported row index 1439)",2026-08-11,verified_against_current_official_source
STARK-item-WNVTWD2Y,STAR-K,Tequila,La Cofradía,Reposado,Approved,,False,false,no_evidence,False,True,False,False,,STAR-K approves this tequila without requiring a kosher symbol on the bottle.,https://www.star-k.org/resource/list/W56J90P5/all_liquor#item-WNVTWD2Y,"STAR-K all_liquor listing, item block item-WNVTWD2Y (imported row index 1440)",2026-08-11,verified_against_current_official_source
STARK-item-Y8RGRHPI,STAR-K,Tequila,Leyenda Antigua,Reposado,Approved,,False,false,no_evidence,False,True,False,False,,STAR-K approves this tequila without requiring a kosher symbol on the bottle.,https://www.star-k.org/resource/list/W56J90P5/all_liquor#item-Y8RGRHPI,"STAR-K all_liquor listing, item block item-Y8RGRHPI (imported row index 1579)",2026-08-11,verified_against_current_official_source
STARK-item-1HO07JIA,STAR-K,Tequila,Leyenda del Milagro,Añejo,Approved,,False,false,no_evidence,False,True,False,False,,STAR-K approves this tequila without requiring a kosher symbol on the bottle.,https://www.star-k.org/resource/list/W56J90P5/all_liquor#item-1HO07JIA,"STAR-K all_liquor listing, item block item-1HO07JIA (imported row index 1580)",2026-08-11,verified_against_current_official_source
STARK-item-2RM4LKC3,STAR-K,Tequila,Leyenda del Milagro,Añejo Reserva Barrica Selecta,Approved,,False,false,no_evidence,False,True,False,False,,STAR-K approves this tequila without requiring a kosher symbol on the bottle.,https://www.star-k.org/resource/list/W56J90P5/all_liquor#item-2RM4LKC3,"STAR-K all_liquor listing, item block item-2RM4LKC3 (imported row index 1581)",2026-08-11,verified_against_current_official_source
STARK-item-32KW1M7U,STAR-K,Tequila,Leyenda del Milagro,Blanco Reserva Barrica Selecta,Approved,,False,false,no_evidence,False,True,False,False,,STAR-K approves this tequila without requiring a kosher symbol on the bottle.,https://www.star-k.org/resource/list/W56J90P5/all_liquor#item-32KW1M7U,"STAR-K all_liquor listing, item block item-32KW1M7U (imported row index 1582)",2026-08-11,verified_against_current_official_source
STARK-item-Z4DNBVBQ,STAR-K,Tequila,Leyenda del Milagro,Plata,Approved,,False,false,no_evidence,False,True,False,False,,STAR-K approves this tequila without requiring a kosher symbol on the bottle.,https://www.star-k.org/resource/list/W56J90P5/all_liquor#item-Z4DNBVBQ,"STAR-K all_liquor listing, item block item-Z4DNBVBQ (imported row index 1583)",2026-08-11,verified_against_current_official_source
STARK-item-1DBHQX6I,STAR-K,Tequila,Leyenda del Milagro,Plata con Sabor Natural Limón,Approved,,False,false,no_evidence,False,True,False,False,,STAR-K approves this tequila without requiring a kosher symbol on the bottle.,https://www.star-k.org/resource/list/W56J90P5/all_liquor#item-1DBHQX6I,"STAR-K all_liquor listing, item block item-1DBHQX6I (imported row index 1584)",2026-08-11,verified_against_current_official_source
STARK-item-3N9A6ZYA,STAR-K,Tequila,Leyenda del Milagro,Plata con Sabor Natural Mandarina,Approved,,False,false,no_evidence,False,True,False,False,,STAR-K approves this tequila without requiring a kosher symbol on the bottle.,https://www.star-k.org/resource/list/W56J90P5/all_liquor#item-3N9A6ZYA,"STAR-K all_liquor listing, item block item-3N9A6ZYA (imported row index 1585)",2026-08-11,verified_against_current_official_source
STARK-item-ROPXZV5M,STAR-K,Tequila,Leyenda del Milagro,Reposado,Approved,,False,false,no_evidence,False,True,False,False,,STAR-K approves this tequila without requiring a kosher symbol on the bottle.,https://www.star-k.org/resource/list/W56J90P5/all_liquor#item-ROPXZV5M,"STAR-K all_liquor listing, item block item-ROPXZV5M (imported row index 1586)",2026-08-11,verified_against_current_official_source
STARK-item-SYNREXYE,STAR-K,Tequila,Leyenda del Milagro,Reposado Reserva Barrica Selecta,Approved,,False,false,no_evidence,False,True,False,False,,STAR-K approves this tequila without requiring a kosher symbol on the bottle.,https://www.star-k.org/resource/list/W56J90P5/all_liquor#item-SYNREXYE,"STAR-K all_liquor listing, item block item-SYNREXYE (imported row index 1587)",2026-08-11,verified_against_current_official_source
STARK-item-T9LKTZR7,STAR-K,Tequila,Leyenda del Milagro,"Reposado Reserva Barrica Selecta,",Approved,,False,false,no_evidence,False,True,False,False,,STAR-K approves this tequila without requiring a kosher symbol on the bottle.,https://www.star-k.org/resource/list/W56J90P5/all_liquor#item-T9LKTZR7,"STAR-K all_liquor listing, item block item-T9LKTZR7 (imported row index 1588)",2026-08-11,verified_against_current_official_source
STARK-item-TB7KQ2AU,STAR-K,Tequila,Los Arango,Tequila,Approved,,False,false,no_evidence,False,True,False,False,"Including Anjeo, Gold, & Reposado","STAR-K approves this tequila without requiring a kosher symbol on the bottle. Condition recorded by STAR-K: Including Anjeo, Gold, & Reposado",https://www.star-k.org/resource/list/W56J90P5/all_liquor#item-TB7KQ2AU,"STAR-K all_liquor listing, item block item-TB7KQ2AU (imported row index 1615)",2026-08-11,verified_against_current_official_source
STARK-item-X3E1350I,STAR-K,Tequila,Lunazul Tequila,Añejo,Approved,,False,false,no_evidence,False,True,False,False,,STAR-K approves this tequila without requiring a kosher symbol on the bottle.,https://www.star-k.org/resource/list/W56J90P5/all_liquor#item-X3E1350I,"STAR-K all_liquor listing, item block item-X3E1350I (imported row index 1619)",2026-08-11,verified_against_current_official_source
STARK-item-VIID92LY,STAR-K,Tequila,Lunazul Tequila,Blanco,Approved,,False,false,no_evidence,False,True,False,False,,STAR-K approves this tequila without requiring a kosher symbol on the bottle.,https://www.star-k.org/resource/list/W56J90P5/all_liquor#item-VIID92LY,"STAR-K all_liquor listing, item block item-VIID92LY (imported row index 1620)",2026-08-11,verified_against_current_official_source
STARK-item-WSG8N4FQ,STAR-K,Tequila,Lunazul Tequila,Reposado,Approved,,False,false,no_evidence,False,True,False,False,,STAR-K approves this tequila without requiring a kosher symbol on the bottle.,https://www.star-k.org/resource/list/W56J90P5/all_liquor#item-WSG8N4FQ,"STAR-K all_liquor listing, item block item-WSG8N4FQ (imported row index 1621)",2026-08-11,verified_against_current_official_source
STARK-item-YBCUH73A,STAR-K,Tequila,Maestro Tequilero,Añejo,Approved,,False,false,no_evidence,False,True,False,False,,STAR-K approves this tequila without requiring a kosher symbol on the bottle.,https://www.star-k.org/resource/list/W56J90P5/all_liquor#item-YBCUH73A,"STAR-K all_liquor listing, item block item-YBCUH73A (imported row index 1629)",2026-08-11,verified_against_current_official_source
STARK-item-1LANW9W3,STAR-K,Tequila,Maestro Tequilero,Blanco,Approved,,False,false,no_evidence,False,True,False,False,,STAR-K approves this tequila without requiring a kosher symbol on the bottle.,https://www.star-k.org/resource/list/W56J90P5/all_liquor#item-1LANW9W3,"STAR-K all_liquor listing, item block item-1LANW9W3 (imported row index 1630)",2026-08-11,verified_against_current_official_source
STARK-item-2V9GBAQU,STAR-K,Tequila,Maestro Tequilero,Reposado,Approved,,False,false,no_evidence,False,True,False,False,,STAR-K approves this tequila without requiring a kosher symbol on the bottle.,https://www.star-k.org/resource/list/W56J90P5/all_liquor#item-2V9GBAQU,"STAR-K all_liquor listing, item block item-2V9GBAQU (imported row index 1631)",2026-08-11,verified_against_current_official_source
STARK-item-366AQCKM,STAR-K,Tequila,Man in Black,Añejo,Approved,,False,false,no_evidence,False,True,False,False,,STAR-K approves this tequila without requiring a kosher symbol on the bottle.,https://www.star-k.org/resource/list/W56J90P5/all_liquor#item-366AQCKM,"STAR-K all_liquor listing, item block item-366AQCKM (imported row index 1643)",2026-08-11,verified_against_current_official_source
STARK-item-QADB59W3,STAR-K,Tequila,Man in Black,Plata,Approved,,False,false,no_evidence,False,True,False,False,,STAR-K approves this tequila without requiring a kosher symbol on the bottle.,https://www.star-k.org/resource/list/W56J90P5/all_liquor#item-QADB59W3,"STAR-K all_liquor listing, item block item-QADB59W3 (imported row index 1644)",2026-08-11,verified_against_current_official_source
STARK-item-RSABQLIE,STAR-K,Tequila,Man in Black,Reposado,Approved,,False,false,no_evidence,False,True,False,False,,STAR-K approves this tequila without requiring a kosher symbol on the bottle.,https://www.star-k.org/resource/list/W56J90P5/all_liquor#item-RSABQLIE,"STAR-K all_liquor listing, item block item-RSABQLIE (imported row index 1645)",2026-08-11,verified_against_current_official_source
STARK-item-VL4D645M,STAR-K,Tequila,Man in Black,Tequila,Approved,,False,false,no_evidence,False,True,False,False,"Including Anjeo, Gold, & Reposado","STAR-K approves this tequila without requiring a kosher symbol on the bottle. Condition recorded by STAR-K: Including Anjeo, Gold, & Reposado",https://www.star-k.org/resource/list/W56J90P5/all_liquor#item-VL4D645M,"STAR-K all_liquor listing, item block item-VL4D645M (imported row index 1646)",2026-08-11,verified_against_current_official_source
STARK-item-S3956MB7,STAR-K,Tequila,Mayorazgo,Reposado,Approved,,False,false,no_evidence,False,True,False,False,,STAR-K approves this tequila without requiring a kosher symbol on the bottle.,https://www.star-k.org/resource/list/W56J90P5/all_liquor#item-S3956MB7,"STAR-K all_liquor listing, item block item-S3956MB7 (imported row index 1658)",2026-08-11,verified_against_current_official_source
STARK-item-2CU6VXIE,STAR-K,Tequila,Mi Sorpresa,Tequila,Approved,,False,false,no_evidence,False,True,False,False,,STAR-K approves this tequila without requiring a kosher symbol on the bottle.,https://www.star-k.org/resource/list/W56J90P5/all_liquor#item-2CU6VXIE,"STAR-K all_liquor listing, item block item-2CU6VXIE (imported row index 1676)",2026-08-11,verified_against_current_official_source
STARK-item-WV28K6YE,STAR-K,Tequila,Milagro,Tequila,Approved,,False,false,no_evidence,False,True,False,False,"Including Anjeo, Gold, & Reposado","STAR-K approves this tequila without requiring a kosher symbol on the bottle. Condition recorded by STAR-K: Including Anjeo, Gold, & Reposado",https://www.star-k.org/resource/list/W56J90P5/all_liquor#item-WV28K6YE,"STAR-K all_liquor listing, item block item-WV28K6YE (imported row index 1684)",2026-08-11,verified_against_current_official_source
STARK-item-TC7YKO6Y,STAR-K,Tequila,Miravalle,Blanco,Approved,,False,false,no_evidence,False,True,False,False,,STAR-K approves this tequila without requiring a kosher symbol on the bottle.,https://www.star-k.org/resource/list/W56J90P5/all_liquor#item-TC7YKO6Y,"STAR-K all_liquor listing, item block item-TC7YKO6Y (imported row index 1702)",2026-08-11,verified_against_current_official_source
STARK-item-VM5RZQZQ,STAR-K,Tequila,Ole,Blanco,Approved,,False,false,no_evidence,False,True,False,False,,STAR-K approves this tequila without requiring a kosher symbol on the bottle.,https://www.star-k.org/resource/list/W56J90P5/all_liquor#item-VM5RZQZQ,"STAR-K all_liquor listing, item block item-VM5RZQZQ (imported row index 1770)",2026-08-11,verified_against_current_official_source
STARK-item-WW3LESTI,STAR-K,Tequila,Ole,Gold,Approved,,False,false,no_evidence,False,True,False,False,,STAR-K approves this tequila without requiring a kosher symbol on the bottle.,https://www.star-k.org/resource/list/W56J90P5/all_liquor#item-WW3LESTI,"STAR-K all_liquor listing, item block item-WW3LESTI (imported row index 1771)",2026-08-11,verified_against_current_official_source
STARK-item-X71ETUMA,STAR-K,Tequila,Ole,Reposado,Approved,,False,false,no_evidence,False,True,False,False,,STAR-K approves this tequila without requiring a kosher symbol on the bottle.,https://www.star-k.org/resource/list/W56J90P5/all_liquor#item-X71ETUMA,"STAR-K all_liquor listing, item block item-X71ETUMA (imported row index 1772)",2026-08-11,verified_against_current_official_source
STARK-item-ZGX89WG3,STAR-K,Tequila,Oro Viejo,Añejo,Approved,,False,false,no_evidence,False,True,False,False,,STAR-K approves this tequila without requiring a kosher symbol on the bottle.,https://www.star-k.org/resource/list/W56J90P5/all_liquor#item-ZGX89WG3,"STAR-K all_liquor listing, item block item-ZGX89WG3 (imported row index 1776)",2026-08-11,verified_against_current_official_source
STARK-item-1QV2NXAU,STAR-K,Tequila,Oro Viejo,Blanco,Approved,,False,false,no_evidence,False,True,False,False,,STAR-K approves this tequila without requiring a kosher symbol on the bottle.,https://www.star-k.org/resource/list/W56J90P5/all_liquor#item-1QV2NXAU,"STAR-K all_liquor listing, item block item-1QV2NXAU (imported row index 1777)",2026-08-11,verified_against_current_official_source
STARK-item-21TU3Z5M,STAR-K,Tequila,Oro Viejo,Reposado,Approved,,False,false,no_evidence,False,True,False,False,,STAR-K approves this tequila without requiring a kosher symbol on the bottle.,https://www.star-k.org/resource/list/W56J90P5/all_liquor#item-21TU3Z5M,"STAR-K all_liquor listing, item block item-21TU3Z5M (imported row index 1778)",2026-08-11,verified_against_current_official_source
STARK-item-4MSYAYB7,STAR-K,Tequila,Padre Azul,Tequila,Approved,,False,false,no_evidence,False,True,False,False,,STAR-K approves this tequila without requiring a kosher symbol on the bottle.,https://www.star-k.org/resource/list/W56J90P5/all_liquor#item-4MSYAYB7,"STAR-K all_liquor listing, item block item-4MSYAYB7 (imported row index 1799)",2026-08-11,verified_against_current_official_source
STARK-item-VRP6QFDI,STAR-K,Tequila,Partida,Blanco,Approved,,False,false,no_evidence,False,True,False,False,,STAR-K approves this tequila without requiring a kosher symbol on the bottle.,https://www.star-k.org/resource/list/W56J90P5/all_liquor#item-VRP6QFDI,"STAR-K all_liquor listing, item block item-VRP6QFDI (imported row index 1805)",2026-08-11,verified_against_current_official_source
STARK-item-R0XZ080Y,STAR-K,Tequila,Pasion Azul,Tequila,Approved,,False,false,no_evidence,False,True,False,False,,STAR-K approves this tequila without requiring a kosher symbol on the bottle.,https://www.star-k.org/resource/list/W56J90P5/all_liquor#item-R0XZ080Y,"STAR-K all_liquor listing, item block item-R0XZ080Y (imported row index 1806)",2026-08-11,verified_against_current_official_source
STARK-item-2ZTG9C0I,STAR-K,Tequila,Patron,Anejo,Approved,,False,false,no_evidence,False,True,False,False,"Including Anjeo, Gold, & Reposado","STAR-K approves this tequila without requiring a kosher symbol on the bottle. Condition recorded by STAR-K: Including Anjeo, Gold, & Reposado",https://www.star-k.org/resource/list/W56J90P5/all_liquor#item-2ZTG9C0I,"STAR-K all_liquor listing, item block item-2ZTG9C0I (imported row index 1807)",2026-08-11,verified_against_current_official_source
STARK-item-W16R9ORQ,STAR-K,Tequila,Patron,Patron Gran Patron Burdeos,Not Approved,,False,,no_evidence,False,False,False,True,,STAR-K lists this as Not Approved. Do not use it.,https://www.star-k.org/resource/list/W56J90P5/all_liquor#item-W16R9ORQ,"STAR-K all_liquor listing, item block item-W16R9ORQ (imported row index 1811)",2026-08-11,verified_against_current_official_source
STARK-item-X6Z1Z8R7,STAR-K,Tequila,Patron,Platinum,Approved,,False,false,no_evidence,False,True,False,False,,STAR-K approves this tequila without requiring a kosher symbol on the bottle.,https://www.star-k.org/resource/list/W56J90P5/all_liquor#item-X6Z1Z8R7,"STAR-K all_liquor listing, item block item-X6Z1Z8R7 (imported row index 1812)",2026-08-11,verified_against_current_official_source
STARK-item-1PVNTBFQ,STAR-K,Tequila,Patron,Reposado,Approved,,False,false,no_evidence,False,True,False,False,"Including Anjeo, Gold, & Reposado","STAR-K approves this tequila without requiring a kosher symbol on the bottle. Condition recorded by STAR-K: Including Anjeo, Gold, & Reposado",https://www.star-k.org/resource/list/W56J90P5/all_liquor#item-1PVNTBFQ,"STAR-K all_liquor listing, item block item-1PVNTBFQ (imported row index 1813)",2026-08-11,verified_against_current_official_source
STARK-item-ZFXUE0LY,STAR-K,Tequila,Patron,Silver Patron,Approved,,False,false,no_evidence,False,True,False,False,,STAR-K approves this tequila without requiring a kosher symbol on the bottle.,https://www.star-k.org/resource/list/W56J90P5/all_liquor#item-ZFXUE0LY,"STAR-K all_liquor listing, item block item-ZFXUE0LY (imported row index 1814)",2026-08-11,verified_against_current_official_source
STARK-item-3AROH2YE,STAR-K,Tequila,Patrón,Añejo,Approved,,False,false,no_evidence,False,True,False,False,,STAR-K approves this tequila without requiring a kosher symbol on the bottle.,https://www.star-k.org/resource/list/W56J90P5/all_liquor#item-3AROH2YE,"STAR-K all_liquor listing, item block item-3AROH2YE (imported row index 1819)",2026-08-11,verified_against_current_official_source
STARK-item-RXWPGAV7,STAR-K,Tequila,Patrón,Blanco,Approved,,False,false,no_evidence,False,True,False,False,,STAR-K approves this tequila without requiring a kosher symbol on the bottle.,https://www.star-k.org/resource/list/W56J90P5/all_liquor#item-RXWPGAV7,"STAR-K all_liquor listing, item block item-RXWPGAV7 (imported row index 1820)",2026-08-11,verified_against_current_official_source
STARK-item-S8UIVCPY,STAR-K,Tequila,Patrón,Reposado,Approved,,False,false,no_evidence,False,True,False,False,,STAR-K approves this tequila without requiring a kosher symbol on the bottle.,https://www.star-k.org/resource/list/W56J90P5/all_liquor#item-S8UIVCPY,"STAR-K all_liquor listing, item block item-S8UIVCPY (imported row index 1821)",2026-08-11,verified_against_current_official_source
STARK-item-UHRBBEJQ,STAR-K,Tequila,Patrón,Silver,Approved,,False,false,no_evidence,False,True,False,False,,STAR-K approves this tequila without requiring a kosher symbol on the bottle.,https://www.star-k.org/resource/list/W56J90P5/all_liquor#item-UHRBBEJQ,"STAR-K all_liquor listing, item block item-UHRBBEJQ (imported row index 1822)",2026-08-11,verified_against_current_official_source
STARK-item-Z6A5WG3E,STAR-K,Tequila,Qui Platinum,Extra Añejo Tequila,Not Approved,,False,,no_evidence,False,False,False,True,,STAR-K lists this as Not Approved. Do not use it.,https://www.star-k.org/resource/list/W56J90P5/all_liquor#item-Z6A5WG3E,"STAR-K all_liquor listing, item block item-Z6A5WG3E (imported row index 1857)",2026-08-11,verified_against_current_official_source
STARK-item-X2YHPNBQ,STAR-K,Tequila,Reserva 1800,Añejo Tequila,Approved,,False,false,no_evidence,False,True,False,False,,STAR-K approves this tequila without requiring a kosher symbol on the bottle.,https://www.star-k.org/resource/list/W56J90P5/all_liquor#item-X2YHPNBQ,"STAR-K all_liquor listing, item block item-X2YHPNBQ (imported row index 1887)",2026-08-11,verified_against_current_official_source
STARK-item-YBVA5P6I,STAR-K,Tequila,Reserva 1800,Blanco Tequila,Approved,,False,false,no_evidence,False,True,False,False,,STAR-K approves this tequila without requiring a kosher symbol on the bottle.,https://www.star-k.org/resource/list/W56J90P5/all_liquor#item-YBVA5P6I,"STAR-K all_liquor listing, item block item-YBVA5P6I (imported row index 1888)",2026-08-11,verified_against_current_official_source
STARK-item-1LT5JRYA,STAR-K,Tequila,Reserva 1800,Reposado Tequila,Approved,,False,false,no_evidence,False,True,False,False,,STAR-K approves this tequila without requiring a kosher symbol on the bottle.,https://www.star-k.org/resource/list/W56J90P5/all_liquor#item-1LT5JRYA,"STAR-K all_liquor listing, item block item-1LT5JRYA (imported row index 1889)",2026-08-11,verified_against_current_official_source
STARK-item-2VRXYTS3,STAR-K,Tequila,Reserva 1800,Silver Tequila,Approved,,False,false,no_evidence,False,True,False,False,,STAR-K approves this tequila without requiring a kosher symbol on the bottle.,https://www.star-k.org/resource/list/W56J90P5/all_liquor#item-2VRXYTS3,"STAR-K all_liquor listing, item block item-2VRXYTS3 (imported row index 1890)",2026-08-11,verified_against_current_official_source
STARK-item-26E9TPIE,STAR-K,Tequila,Reserva de la Familia,Añejo,Approved,,False,false,no_evidence,False,True,False,False,,STAR-K approves this tequila without requiring a kosher symbol on the bottle.,https://www.star-k.org/resource/list/W56J90P5/all_liquor#item-26E9TPIE,"STAR-K all_liquor listing, item block item-26E9TPIE (imported row index 1891)",2026-08-11,verified_against_current_official_source
STARK-item-4EC29QB7,STAR-K,Tequila,Reserva de la Familia,Extra Añejo,Approved,,False,false,no_evidence,False,True,False,False,,STAR-K approves this tequila without requiring a kosher symbol on the bottle.,https://www.star-k.org/resource/list/W56J90P5/all_liquor#item-4EC29QB7,"STAR-K all_liquor listing, item block item-4EC29QB7 (imported row index 1892)",2026-08-11,verified_against_current_official_source
STARK-item-R3H38Z0Y,STAR-K,Tequila,Rio de Plata,Añejo,Approved,,False,false,no_evidence,False,True,False,False,,STAR-K approves this tequila without requiring a kosher symbol on the bottle.,https://www.star-k.org/resource/list/W56J90P5/all_liquor#item-R3H38Z0Y,"STAR-K all_liquor listing, item block item-R3H38Z0Y (imported row index 1895)",2026-08-11,verified_against_current_official_source
STARK-item-SCFWM24Q,STAR-K,Tequila,Rio de Plata,Blanco,Approved,,False,false,no_evidence,False,True,False,False,,STAR-K approves this tequila without requiring a kosher symbol on the bottle.,https://www.star-k.org/resource/list/W56J90P5/all_liquor#item-SCFWM24Q,"STAR-K all_liquor listing, item block item-SCFWM24Q (imported row index 1896)",2026-08-11,verified_against_current_official_source
STARK-item-ULDP24XI,STAR-K,Tequila,Rio de Plata,Gold Tequila,Approved,,False,false,no_evidence,False,True,False,False,,STAR-K approves this tequila without requiring a kosher symbol on the bottle.,https://www.star-k.org/resource/list/W56J90P5/all_liquor#item-ULDP24XI,"STAR-K all_liquor listing, item block item-ULDP24XI (imported row index 1897)",2026-08-11,verified_against_current_official_source
STARK-item-VVBJG6QA,STAR-K,Tequila,Rio de Plata,Reposado,Approved,,False,false,no_evidence,False,True,False,False,,STAR-K approves this tequila without requiring a kosher symbol on the bottle.,https://www.star-k.org/resource/list/W56J90P5/all_liquor#item-VVBJG6QA,"STAR-K all_liquor listing, item block item-VVBJG6QA (imported row index 1898)",2026-08-11,verified_against_current_official_source
STARK-item-UGRYHROM,STAR-K,Tequila,Rio de Plata,Tequila,Approved,,False,false,no_evidence,False,True,False,False,"Including Anjeo, Gold, & Reposado","STAR-K approves this tequila without requiring a kosher symbol on the bottle. Condition recorded by STAR-K: Including Anjeo, Gold, & Reposado",https://www.star-k.org/resource/list/W56J90P5/all_liquor#item-UGRYHROM,"STAR-K all_liquor listing, item block item-UGRYHROM (imported row index 1899)",2026-08-11,verified_against_current_official_source
STARK-item-1Z3S5C3E,STAR-K,Tequila,Romance Por Milagro,250 ml Añejo Reserva Barrica Selecta,Approved,,False,false,no_evidence,False,True,False,False,,STAR-K approves this tequila without requiring a kosher symbol on the bottle.,https://www.star-k.org/resource/list/W56J90P5/all_liquor#item-1Z3S5C3E,"STAR-K all_liquor listing, item block item-1Z3S5C3E (imported row index 1905)",2026-08-11,verified_against_current_official_source
STARK-item-ZP5ZPA9M,STAR-K,Tequila,Romance Por Milagro,750 ml Reposado,Approved,,False,false,no_evidence,False,True,False,False,,STAR-K approves this tequila without requiring a kosher symbol on the bottle.,https://www.star-k.org/resource/list/W56J90P5/all_liquor#item-ZP5ZPA9M,"STAR-K all_liquor listing, item block item-ZP5ZPA9M (imported row index 1906)",2026-08-11,verified_against_current_official_source
STARK-item-W69CV8K3,STAR-K,Tequila,Romance by Milagro,Añejo Select Barel Reserve,Approved,,False,false,no_evidence,False,True,False,False,,STAR-K approves this tequila without requiring a kosher symbol on the bottle.,https://www.star-k.org/resource/list/W56J90P5/all_liquor#item-W69CV8K3,"STAR-K all_liquor listing, item block item-W69CV8K3 (imported row index 1907)",2026-08-11,verified_against_current_official_source
STARK-item-YF76A0EU,STAR-K,Tequila,Romance by Milagro,Reposado,Approved,,False,false,no_evidence,False,True,False,False,,STAR-K approves this tequila without requiring a kosher symbol on the bottle.,https://www.star-k.org/resource/list/W56J90P5/all_liquor#item-YF76A0EU,"STAR-K all_liquor listing, item block item-YF76A0EU (imported row index 1908)",2026-08-11,verified_against_current_official_source
STARK-item-TJVTO04Q,STAR-K,Tequila,Santanera,Tequila,Approved,,False,false,no_evidence,False,True,False,False,,STAR-K approves this tequila without requiring a kosher symbol on the bottle.,https://www.star-k.org/resource/list/W56J90P5/all_liquor#item-TJVTO04Q,"STAR-K all_liquor listing, item block item-TJVTO04Q (imported row index 2043)",2026-08-11,verified_against_current_official_source
STARK-item-VQPRWTIE,STAR-K,Tequila,Sauza,Tequila,Approved,,False,false,no_evidence,False,True,False,False,"Including Anjeo, Gold, & Reposado","STAR-K approves this tequila without requiring a kosher symbol on the bottle. Condition recorded by STAR-K: Including Anjeo, Gold, & Reposado",https://www.star-k.org/resource/list/W56J90P5/all_liquor#item-VQPRWTIE,"STAR-K all_liquor listing, item block item-VQPRWTIE (imported row index 2044)",2026-08-11,verified_against_current_official_source
STARK-item-201MKEV7,STAR-K,Tequila,Sauza Hornitos,Añejo,Approved,,False,false,no_evidence,False,True,False,False,,STAR-K approves this tequila without requiring a kosher symbol on the bottle.,https://www.star-k.org/resource/list/W56J90P5/all_liquor#item-201MKEV7,"STAR-K all_liquor listing, item block item-201MKEV7 (imported row index 2046)",2026-08-11,verified_against_current_official_source
STARK-item-4JYFZGPY,STAR-K,Tequila,Sauza Hornitos,Blanco,Approved,,False,false,no_evidence,False,True,False,False,,STAR-K approves this tequila without requiring a kosher symbol on the bottle.,https://www.star-k.org/resource/list/W56J90P5/all_liquor#item-4JYFZGPY,"STAR-K all_liquor listing, item block item-4JYFZGPY (imported row index 2047)",2026-08-11,verified_against_current_official_source
STARK-item-R74GYPNQ,STAR-K,Tequila,Sauza Hornitos,Reposado,Approved,,False,false,no_evidence,False,True,False,False,,STAR-K approves this tequila without requiring a kosher symbol on the bottle.,https://www.star-k.org/resource/list/W56J90P5/all_liquor#item-R74GYPNQ,"STAR-K all_liquor listing, item block item-R74GYPNQ (imported row index 2048)",2026-08-11,verified_against_current_official_source
STARK-item-TG10DRHI,STAR-K,Tequila,Scarface,Añejo,Approved,,False,false,no_evidence,False,True,False,False,,STAR-K approves this tequila without requiring a kosher symbol on the bottle.,https://www.star-k.org/resource/list/W56J90P5/all_liquor#item-TG10DRHI,"STAR-K all_liquor listing, item block item-TG10DRHI (imported row index 2053)",2026-08-11,verified_against_current_official_source
STARK-item-UQY4SSAA,STAR-K,Tequila,Scarface,Blanco,Approved,,False,false,no_evidence,False,True,False,False,,STAR-K approves this tequila without requiring a kosher symbol on the bottle.,https://www.star-k.org/resource/list/W56J90P5/all_liquor#item-UQY4SSAA,"STAR-K all_liquor listing, item block item-UQY4SSAA (imported row index 2054)",2026-08-11,verified_against_current_official_source
STARK-item-V1WW8U53,STAR-K,Tequila,Scarface,Reposado,Approved,,False,false,no_evidence,False,True,False,False,,STAR-K approves this tequila without requiring a kosher symbol on the bottle.,https://www.star-k.org/resource/list/W56J90P5/all_liquor#item-V1WW8U53,"STAR-K all_liquor listing, item block item-V1WW8U53 (imported row index 2055)",2026-08-11,verified_against_current_official_source
STARK-item-15N7V3F7,STAR-K,Tequila,Tenampa,Azul Reposado,Approved,,False,false,no_evidence,False,True,False,False,,STAR-K approves this tequila without requiring a kosher symbol on the bottle.,https://www.star-k.org/resource/list/W56J90P5/all_liquor#item-15N7V3F7,"STAR-K all_liquor listing, item block item-15N7V3F7 (imported row index 2158)",2026-08-11,verified_against_current_official_source
STARK-item-YKSJ2YSM,STAR-K,Tequila,Tenampa,Azul Silver,Approved,,False,false,no_evidence,False,True,False,False,,STAR-K approves this tequila without requiring a kosher symbol on the bottle.,https://www.star-k.org/resource/list/W56J90P5/all_liquor#item-YKSJ2YSM,"STAR-K all_liquor listing, item block item-YKSJ2YSM (imported row index 2159)",2026-08-11,verified_against_current_official_source
STARK-item-WAUQMWYU,STAR-K,Tequila,Tenampa,Blanco,Approved,,False,false,no_evidence,False,True,False,False,,STAR-K approves this tequila without requiring a kosher symbol on the bottle.,https://www.star-k.org/resource/list/W56J90P5/all_liquor#item-WAUQMWYU,"STAR-K all_liquor listing, item block item-WAUQMWYU (imported row index 2160)",2026-08-11,verified_against_current_official_source
STARK-item-ZUPDG1ME,STAR-K,Tequila,Tenampa,Reposado,Approved,,False,false,no_evidence,False,True,False,False,,STAR-K approves this tequila without requiring a kosher symbol on the bottle.,https://www.star-k.org/resource/list/W56J90P5/all_liquor#item-ZUPDG1ME,"STAR-K all_liquor listing, item block item-ZUPDG1ME (imported row index 2161)",2026-08-11,verified_against_current_official_source
STARK-item-3ELZA40Y,STAR-K,Tequila,Tierras Auténticas de Jalisco,Orgánico Añejo,Approved,,False,false,no_evidence,False,True,False,False,,STAR-K approves this tequila without requiring a kosher symbol on the bottle.,https://www.star-k.org/resource/list/W56J90P5/all_liquor#item-3ELZA40Y,"STAR-K all_liquor listing, item block item-3ELZA40Y (imported row index 2182)",2026-08-11,verified_against_current_official_source
STARK-item-4OJTP64Q,STAR-K,Tequila,Tierras Auténticas de Jalisco,Orgánico Blanco,Approved,,False,false,no_evidence,False,True,False,False,,STAR-K approves this tequila without requiring a kosher symbol on the bottle.,https://www.star-k.org/resource/list/W56J90P5/all_liquor#item-4OJTP64Q,"STAR-K all_liquor listing, item block item-4OJTP64Q (imported row index 2183)",2026-08-11,verified_against_current_official_source
STARK-item-RBOUPE2I,STAR-K,Tequila,Tierras Auténticas de Jalisco,Orgánico Extra Añejo,Approved,,False,false,no_evidence,False,True,False,False,,STAR-K approves this tequila without requiring a kosher symbol on the bottle.,https://www.star-k.org/resource/list/W56J90P5/all_liquor#item-RBOUPE2I,"STAR-K all_liquor listing, item block item-RBOUPE2I (imported row index 2184)",2026-08-11,verified_against_current_official_source
STARK-item-TLMN5GUA,STAR-K,Tequila,Tierras Auténticas de Jalisco,Orgánico Reposado,Approved,,False,false,no_evidence,False,True,False,False,,STAR-K approves this tequila without requiring a kosher symbol on the bottle.,https://www.star-k.org/resource/list/W56J90P5/all_liquor#item-TLMN5GUA,"STAR-K all_liquor listing, item block item-TLMN5GUA (imported row index 2185)",2026-08-11,verified_against_current_official_source
STARK-item-W1NKBUB7,STAR-K,Tequila,Tradicion Azul,Tequila,Approved,,False,false,no_evidence,False,True,False,False,"Including Anjeo, Gold, & Reposado","STAR-K approves this tequila without requiring a kosher symbol on the bottle. Condition recorded by STAR-K: Including Anjeo, Gold, & Reposado",https://www.star-k.org/resource/list/W56J90P5/all_liquor#item-W1NKBUB7,"STAR-K all_liquor listing, item block item-W1NKBUB7 (imported row index 2237)",2026-08-11,verified_against_current_official_source
STARK-item-UVKHJIO3,STAR-K,Tequila,Tradición Azul,Añejo,Approved,,False,false,no_evidence,False,True,False,False,,STAR-K approves this tequila without requiring a kosher symbol on the bottle.,https://www.star-k.org/resource/list/W56J90P5/all_liquor#item-UVKHJIO3,"STAR-K all_liquor listing, item block item-UVKHJIO3 (imported row index 2238)",2026-08-11,verified_against_current_official_source
STARK-item-XFF4DLCM,STAR-K,Tequila,Tradición Azul,Blanco,Approved,,False,false,no_evidence,False,True,False,False,,STAR-K approves this tequila without requiring a kosher symbol on the bottle.,https://www.star-k.org/resource/list/W56J90P5/all_liquor#item-XFF4DLCM,"STAR-K all_liquor listing, item block item-XFF4DLCM (imported row index 2239)",2026-08-11,verified_against_current_official_source
STARK-item-V6HAYKIU,STAR-K,Tequila,Tradición Azul,Extra Añejo,Approved,,False,false,no_evidence,False,True,False,False,,STAR-K approves this tequila without requiring a kosher symbol on the bottle.,https://www.star-k.org/resource/list/W56J90P5/all_liquor#item-V6HAYKIU,"STAR-K all_liquor listing, item block item-V6HAYKIU (imported row index 2240)",2026-08-11,verified_against_current_official_source
STARK-item-YODXSN7E,STAR-K,Tequila,Tradición Azul,Reposado,Approved,,False,false,no_evidence,False,True,False,False,,STAR-K approves this tequila without requiring a kosher symbol on the bottle.,https://www.star-k.org/resource/list/W56J90P5/all_liquor#item-YODXSN7E,"STAR-K all_liquor listing, item block item-YODXSN7E (imported row index 2241)",2026-08-11,verified_against_current_official_source
STARK-item-ZYBQ8PZ7,STAR-K,Tequila,Tres Generaciones,Añejo,Approved,,False,false,no_evidence,False,True,False,False,,STAR-K approves this tequila without requiring a kosher symbol on the bottle.,https://www.star-k.org/resource/list/W56J90P5/all_liquor#item-ZYBQ8PZ7,"STAR-K all_liquor listing, item block item-ZYBQ8PZ7 (imported row index 2244)",2026-08-11,verified_against_current_official_source
STARK-item-190KMRTY,STAR-K,Tequila,Tres Generaciones,Blanco,Approved,,False,false,no_evidence,False,True,False,False,,STAR-K approves this tequila without requiring a kosher symbol on the bottle.,https://www.star-k.org/resource/list/W56J90P5/all_liquor#item-190KMRTY,"STAR-K all_liquor listing, item block item-190KMRTY (imported row index 2245)",2026-08-11,verified_against_current_official_source
STARK-item-SKB6JAQU,STAR-K,Tequila,Tres Generaciones,Plata,Approved,,False,false,no_evidence,False,True,False,False,,STAR-K approves this tequila without requiring a kosher symbol on the bottle.,https://www.star-k.org/resource/list/W56J90P5/all_liquor#item-SKB6JAQU,"STAR-K all_liquor listing, item block item-SKB6JAQU (imported row index 2246)",2026-08-11,verified_against_current_official_source
STARK-item-XALEQW6Y,STAR-K,Tequila,Tres Generaciones,Tequila,Approved,,False,false,no_evidence,False,True,False,False,"Including Anjeo, Gold, & Reposado","STAR-K approves this tequila without requiring a kosher symbol on the bottle. Condition recorded by STAR-K: Including Anjeo, Gold, & Reposado",https://www.star-k.org/resource/list/W56J90P5/all_liquor#item-XALEQW6Y,"STAR-K all_liquor listing, item block item-XALEQW6Y (imported row index 2247)",2026-08-11,verified_against_current_official_source
STARK-item-3I7D2TNQ,STAR-K,Tequila,Tres Magueyes,Blanco,Not Approved,,False,,no_evidence,False,False,False,True,,STAR-K lists this as Not Approved. Do not use it.,https://www.star-k.org/resource/list/W56J90P5/all_liquor#item-3I7D2TNQ,"STAR-K all_liquor listing, item block item-3I7D2TNQ (imported row index 2248)",2026-08-11,verified_against_current_official_source
STARK-item-4S58GVHI,STAR-K,Tequila,Tres Magueyes,Reposado,Approved,,False,false,no_evidence,False,True,False,False,,STAR-K approves this tequila without requiring a kosher symbol on the bottle.,https://www.star-k.org/resource/list/W56J90P5/all_liquor#item-4S58GVHI,"STAR-K all_liquor listing, item block item-4S58GVHI (imported row index 2249)",2026-08-11,verified_against_current_official_source
STARK-item-UTTM4BXI,STAR-K,Tequila,Tres Mujeres,Tequila,Approved,,False,false,no_evidence,False,True,False,False,,STAR-K approves this tequila without requiring a kosher symbol on the bottle.,https://www.star-k.org/resource/list/W56J90P5/all_liquor#item-UTTM4BXI,"STAR-K all_liquor listing, item block item-UTTM4BXI (imported row index 2250)",2026-08-11,verified_against_current_official_source
STARK-item-Q7SYEJIA,STAR-K,Tequila,Xicote,Blanco,Approved,,False,false,no_evidence,False,True,False,False,,STAR-K approves this tequila without requiring a kosher symbol on the bottle.,https://www.star-k.org/resource/list/W56J90P5/all_liquor#item-Q7SYEJIA,"STAR-K all_liquor listing, item block item-Q7SYEJIA (imported row index 2374)",2026-08-11,verified_against_current_official_source
STARK-item-SGQRTKC3,STAR-K,Tequila,Xicote,Reposado,Approved,,False,false,no_evidence,False,True,False,False,,STAR-K approves this tequila without requiring a kosher symbol on the bottle.,https://www.star-k.org/resource/list/W56J90P5/all_liquor#item-SGQRTKC3,"STAR-K all_liquor listing, item block item-SGQRTKC3 (imported row index 2375)",2026-08-11,verified_against_current_official_source
STARK-item-TQOK9M7U,STAR-K,Tequila,Zarco,Gold,Approved,,False,false,no_evidence,False,True,False,False,,STAR-K approves this tequila without requiring a kosher symbol on the bottle.,https://www.star-k.org/resource/list/W56J90P5/all_liquor#item-TQOK9M7U,"STAR-K all_liquor listing, item block item-TQOK9M7U (imported row index 2384)",2026-08-11,verified_against_current_official_source
STARK-item-U1MENO1M,STAR-K,Tequila,Zarco,Silver,Approved,,False,false,no_evidence,False,True,False,False,,STAR-K approves this tequila without requiring a kosher symbol on the bottle.,https://www.star-k.org/resource/list/W56J90P5/all_liquor#item-U1MENO1M,"STAR-K all_liquor listing, item block item-U1MENO1M (imported row index 2385)",2026-08-11,verified_against_current_official_source
CRC-row1927,cRc,Tequila,Patron,Silver 100% Agave Tequila,Certified,KA Aleph Aleph-P,True,true,no_evidence,True,False,True,False,Certified when bearing the KA Aleph Aleph-P logo | Kosher for Passover,cRc certifies this ONLY when the bottle bears the KA Aleph Aleph-P logo. Note from cRc: Kosher for Passover,https://consumer.crckosher.org/liquor/full-liquor-list/,"cRc full liquor list, table row 1927 (category column = Tequila)",2026-08-11,verified_against_current_official_source
CRC-row1928,cRc,Tequila,1800,Coconut Tequila,Not Recommended,,False,,no_evidence,False,False,False,True,,"cRc lists this as ""Not Recommended"". Do not use it.",https://consumer.crckosher.org/liquor/full-liquor-list/,"cRc full liquor list, table row 1928 (category column = Tequila)",2026-08-11,verified_against_current_official_source
CRC-row1929,cRc,Tequila,1800,Milenio,Not Recommended,,False,,no_evidence,False,False,False,True,,"cRc lists this as ""Not Recommended"". Do not use it.",https://consumer.crckosher.org/liquor/full-liquor-list/,"cRc full liquor list, table row 1929 (category column = Tequila)",2026-08-11,verified_against_current_official_source
CRC-row1930,cRc,Tequila,Espolon,Tequila Espolon Anejo 100% Agave,Certified,Star-K,True,true,no_evidence,True,False,True,False,Certified when bearing the Star-K logo,cRc certifies this ONLY when the bottle bears the Star-K logo.,https://consumer.crckosher.org/liquor/full-liquor-list/,"cRc full liquor list, table row 1930 (category column = Tequila)",2026-08-11,verified_against_current_official_source
CRC-row1931,cRc,Tequila,Espolon,Tequila Espolon Blanco 100% Agave,Certified,Star-K,True,true,no_evidence,True,False,True,False,Certified when bearing the Star-K logo,cRc certifies this ONLY when the bottle bears the Star-K logo.,https://consumer.crckosher.org/liquor/full-liquor-list/,"cRc full liquor list, table row 1931 (category column = Tequila)",2026-08-11,verified_against_current_official_source
CRC-row1932,cRc,Tequila,Espolon,Tequila Espolon Cristalino 100% Agave,Certified,Star-K,True,true,no_evidence,True,False,True,False,Certified when bearing the Star-K logo,cRc certifies this ONLY when the bottle bears the Star-K logo.,https://consumer.crckosher.org/liquor/full-liquor-list/,"cRc full liquor list, table row 1932 (category column = Tequila)",2026-08-11,verified_against_current_official_source
CRC-row1933,cRc,Tequila,Padre Azul,Tequila Anejo,Certified,Star-K,True,true,no_evidence,True,False,True,False,Certified when bearing the Star-K logo,cRc certifies this ONLY when the bottle bears the Star-K logo.,https://consumer.crckosher.org/liquor/full-liquor-list/,"cRc full liquor list, table row 1933 (category column = Tequila)",2026-08-11,verified_against_current_official_source
CRC-row1934,cRc,Tequila,Padre Azul,Tequila Blanco,Certified,Star-K,True,true,no_evidence,True,False,True,False,Certified when bearing the Star-K logo,cRc certifies this ONLY when the bottle bears the Star-K logo.,https://consumer.crckosher.org/liquor/full-liquor-list/,"cRc full liquor list, table row 1934 (category column = Tequila)",2026-08-11,verified_against_current_official_source
CRC-row1935,cRc,Tequila,Padre Azul,Tequila Reposado,Certified,Star-K,True,true,no_evidence,True,False,True,False,Certified when bearing the Star-K logo,cRc certifies this ONLY when the bottle bears the Star-K logo.,https://consumer.crckosher.org/liquor/full-liquor-list/,"cRc full liquor list, table row 1935 (category column = Tequila)",2026-08-11,verified_against_current_official_source
CRC-row1936,cRc,Tequila,Padrecito,Tequila Anejo 100% Agave,Certified,Star-K,True,true,no_evidence,True,False,True,False,Certified when bearing the Star-K logo,cRc certifies this ONLY when the bottle bears the Star-K logo.,https://consumer.crckosher.org/liquor/full-liquor-list/,"cRc full liquor list, table row 1936 (category column = Tequila)",2026-08-11,verified_against_current_official_source
CRC-row1937,cRc,Tequila,Padrecito,Tequila Blanco 100% Agave,Certified,Star-K,True,true,no_evidence,True,False,True,False,Certified when bearing the Star-K logo,cRc certifies this ONLY when the bottle bears the Star-K logo.,https://consumer.crckosher.org/liquor/full-liquor-list/,"cRc full liquor list, table row 1937 (category column = Tequila)",2026-08-11,verified_against_current_official_source
CRC-row1938,cRc,Tequila,Padrecito,Tequila Reposado 100% Agave,Certified,Star-K,True,true,no_evidence,True,False,True,False,Certified when bearing the Star-K logo,cRc certifies this ONLY when the bottle bears the Star-K logo.,https://consumer.crckosher.org/liquor/full-liquor-list/,"cRc full liquor list, table row 1938 (category column = Tequila)",2026-08-11,verified_against_current_official_source
CRC-row1939,cRc,Tequila,El Tequileno,Assorted Varieties,Certified,Star-K,True,true,no_evidence,True,False,True,False,Certified when bearing the Star-K logo,cRc certifies this ONLY when the bottle bears the Star-K logo.,https://consumer.crckosher.org/liquor/full-liquor-list/,"cRc full liquor list, table row 1939 (category column = Tequila)",2026-08-11,verified_against_current_official_source
CRC-row1940,cRc,Tequila,Rooster Rojo,Tequila Reposado Smoked Pineapple,Certified,OU,True,true,no_evidence,True,False,True,False,Certified when bearing the OU logo,cRc certifies this ONLY when the bottle bears the OU logo.,https://consumer.crckosher.org/liquor/full-liquor-list/,"cRc full liquor list, table row 1940 (category column = Tequila)",2026-08-11,verified_against_current_official_source
CRC-row1941,cRc,Tequila,Rooster Rojo,Tequila Ahumado Reposado,Certified,OU,True,true,no_evidence,True,False,True,False,Certified when bearing the OU logo,cRc certifies this ONLY when the bottle bears the OU logo.,https://consumer.crckosher.org/liquor/full-liquor-list/,"cRc full liquor list, table row 1941 (category column = Tequila)",2026-08-11,verified_against_current_official_source
CRC-row1942,cRc,Tequila,Patron,Reposado,Certified,KA Aleph Aleph,True,false,no_evidence,False,True,False,False,,cRc lists this as Certified under KA Aleph Aleph. Per cRc's legend a symbol is not required on the bottle; this does NOT prove the bottle is printed with one.,https://consumer.crckosher.org/liquor/full-liquor-list/,"cRc full liquor list, table row 1942 (category column = Tequila)",2026-08-11,verified_against_current_official_source
CRC-row1943,cRc,Tequila,Patron,Anejo,Certified,KA Aleph Aleph,True,false,no_evidence,False,True,False,False,,cRc lists this as Certified under KA Aleph Aleph. Per cRc's legend a symbol is not required on the bottle; this does NOT prove the bottle is printed with one.,https://consumer.crckosher.org/liquor/full-liquor-list/,"cRc full liquor list, table row 1943 (category column = Tequila)",2026-08-11,verified_against_current_official_source
CRC-row1944,cRc,Tequila,Roca Patron,Silver Tequila,Certified,KA Aleph Aleph-P,True,true,no_evidence,True,False,True,False,Certified when bearing the KA Aleph Aleph-P logo | Kosher for Passover,cRc certifies this ONLY when the bottle bears the KA Aleph Aleph-P logo. Note from cRc: Kosher for Passover,https://consumer.crckosher.org/liquor/full-liquor-list/,"cRc full liquor list, table row 1944 (category column = Tequila)",2026-08-11,verified_against_current_official_source
CRC-row1945,cRc,Tequila,Roca Patron,Reposado,Certified,KA Aleph Aleph,True,false,no_evidence,False,True,False,False,,cRc lists this as Certified under KA Aleph Aleph. Per cRc's legend a symbol is not required on the bottle; this does NOT prove the bottle is printed with one.,https://consumer.crckosher.org/liquor/full-liquor-list/,"cRc full liquor list, table row 1945 (category column = Tequila)",2026-08-11,verified_against_current_official_source
CRC-row1946,cRc,Tequila,Roca Patron,Anejo,Certified,KA Aleph Aleph,True,false,no_evidence,False,True,False,False,,cRc lists this as Certified under KA Aleph Aleph. Per cRc's legend a symbol is not required on the bottle; this does NOT prove the bottle is printed with one.,https://consumer.crckosher.org/liquor/full-liquor-list/,"cRc full liquor list, table row 1946 (category column = Tequila)",2026-08-11,verified_against_current_official_source
CRC-row1947,cRc,Tequila,Gran Patron,Platinum 100% Agave Silver Tequila,Certified,KA Aleph Aleph-P,True,true,no_evidence,True,False,True,False,Certified when bearing the KA Aleph Aleph-P logo | Kosher for Passover,cRc certifies this ONLY when the bottle bears the KA Aleph Aleph-P logo. Note from cRc: Kosher for Passover,https://consumer.crckosher.org/liquor/full-liquor-list/,"cRc full liquor list, table row 1947 (category column = Tequila)",2026-08-11,verified_against_current_official_source
CRC-row1948,cRc,Tequila,Gran Patron,Burdeos,Not Recommended,,False,,no_evidence,False,False,False,True,,"cRc lists this as ""Not Recommended"". Do not use it.",https://consumer.crckosher.org/liquor/full-liquor-list/,"cRc full liquor list, table row 1948 (category column = Tequila)",2026-08-11,verified_against_current_official_source
CRC-row1949,cRc,Tequila,Qui,Platinum Extra Añejo Tequila,Not Recommended,,False,,no_evidence,False,False,False,True,,"cRc lists this as ""Not Recommended"". Do not use it.",https://consumer.crckosher.org/liquor/full-liquor-list/,"cRc full liquor list, table row 1949 (category column = Tequila)",2026-08-11,verified_against_current_official_source
CRC-row1950,cRc,Tequila,1800,Cristalino,Not Recommended,,False,,no_evidence,False,False,False,True,,"cRc lists this as ""Not Recommended"". Do not use it.",https://consumer.crckosher.org/liquor/full-liquor-list/,"cRc full liquor list, table row 1950 (category column = Tequila)",2026-08-11,verified_against_current_official_source
CRC-row1951,cRc,Tequila,Zarza,Tequila Anejo Passover,Certified,OU-P,True,true,no_evidence,True,False,True,False,Certified when bearing the OU-P logo | Kosher for Passover,cRc certifies this ONLY when the bottle bears the OU-P logo. Note from cRc: Kosher for Passover,https://consumer.crckosher.org/liquor/full-liquor-list/,"cRc full liquor list, table row 1951 (category column = Tequila)",2026-08-11,verified_against_current_official_source
CRC-row1952,cRc,Tequila,Zarza,Tequila Blanco Passover,Certified,OU-P,True,true,no_evidence,True,False,True,False,Certified when bearing the OU-P logo | Kosher for Passover,cRc certifies this ONLY when the bottle bears the OU-P logo. Note from cRc: Kosher for Passover,https://consumer.crckosher.org/liquor/full-liquor-list/,"cRc full liquor list, table row 1952 (category column = Tequila)",2026-08-11,verified_against_current_official_source
CRC-row1953,cRc,Tequila,Zarza,Tequila Reposado Passover,Certified,OU-P,True,true,no_evidence,True,False,True,False,Certified when bearing the OU-P logo | Kosher for Passover,cRc certifies this ONLY when the bottle bears the OU-P logo. Note from cRc: Kosher for Passover,https://consumer.crckosher.org/liquor/full-liquor-list/,"cRc full liquor list, table row 1953 (category column = Tequila)",2026-08-11,verified_against_current_official_source
CRC-row1954,cRc,Tequila,Zapopan,Tequila,Certified,OU,True,true,no_evidence,True,False,True,False,Certified when bearing the OU logo,cRc certifies this ONLY when the bottle bears the OU logo.,https://consumer.crckosher.org/liquor/full-liquor-list/,"cRc full liquor list, table row 1954 (category column = Tequila)",2026-08-11,verified_against_current_official_source
CRC-row1955,cRc,Tequila,Villa One,Tequila Anejo,Certified,OU,True,true,no_evidence,True,False,True,False,Certified when bearing the OU logo,cRc certifies this ONLY when the bottle bears the OU logo.,https://consumer.crckosher.org/liquor/full-liquor-list/,"cRc full liquor list, table row 1955 (category column = Tequila)",2026-08-11,verified_against_current_official_source
CRC-row1956,cRc,Tequila,Villa One,Tequila Blanco,Certified,OU,True,true,no_evidence,True,False,True,False,Certified when bearing the OU logo,cRc certifies this ONLY when the bottle bears the OU logo.,https://consumer.crckosher.org/liquor/full-liquor-list/,"cRc full liquor list, table row 1956 (category column = Tequila)",2026-08-11,verified_against_current_official_source
CRC-row1957,cRc,Tequila,Villa One,Tequila Reposado,Certified,OU,True,true,no_evidence,True,False,True,False,Certified when bearing the OU logo,cRc certifies this ONLY when the bottle bears the OU logo.,https://consumer.crckosher.org/liquor/full-liquor-list/,"cRc full liquor list, table row 1957 (category column = Tequila)",2026-08-11,verified_against_current_official_source
CRC-row1958,cRc,Tequila,Tres Manos,Tequila,Certified,OU,True,true,no_evidence,True,False,True,False,Certified when bearing the OU logo,cRc certifies this ONLY when the bottle bears the OU logo.,https://consumer.crckosher.org/liquor/full-liquor-list/,"cRc full liquor list, table row 1958 (category column = Tequila)",2026-08-11,verified_against_current_official_source
CRC-row1959,cRc,Tequila,Tonala,Tequila,Certified,OU,True,true,no_evidence,True,False,True,False,Certified when bearing the OU logo,cRc certifies this ONLY when the bottle bears the OU logo.,https://consumer.crckosher.org/liquor/full-liquor-list/,"cRc full liquor list, table row 1959 (category column = Tequila)",2026-08-11,verified_against_current_official_source
CRC-row1960,cRc,Tequila,Thunder Struck,Tequila,Certified,OU,True,true,no_evidence,True,False,True,False,Certified when bearing the OU logo,cRc certifies this ONLY when the bottle bears the OU logo.,https://consumer.crckosher.org/liquor/full-liquor-list/,"cRc full liquor list, table row 1960 (category column = Tequila)",2026-08-11,verified_against_current_official_source
CRC-row1961,cRc,Tequila,Tenoch,Tequila,Certified,OU,True,true,no_evidence,True,False,True,False,Certified when bearing the OU logo,cRc certifies this ONLY when the bottle bears the OU logo.,https://consumer.crckosher.org/liquor/full-liquor-list/,"cRc full liquor list, table row 1961 (category column = Tequila)",2026-08-11,verified_against_current_official_source
CRC-row1962,cRc,Tequila,Stallion,Tequila,Certified,OU,True,true,no_evidence,True,False,True,False,Certified when bearing the OU logo,cRc certifies this ONLY when the bottle bears the OU logo.,https://consumer.crckosher.org/liquor/full-liquor-list/,"cRc full liquor list, table row 1962 (category column = Tequila)",2026-08-11,verified_against_current_official_source
CRC-row1963,cRc,Tequila,Sol Del Sur,Tequila + Liqueur with Caramel Color,Certified,OU,True,true,no_evidence,True,False,True,False,Certified when bearing the OU logo,cRc certifies this ONLY when the bottle bears the OU logo.,https://consumer.crckosher.org/liquor/full-liquor-list/,"cRc full liquor list, table row 1963 (category column = Tequila)",2026-08-11,verified_against_current_official_source
CRC-row1964,cRc,Tequila,Santos,Tequila,Certified,OU,True,true,no_evidence,True,False,True,False,Certified when bearing the OU logo,cRc certifies this ONLY when the bottle bears the OU logo.,https://consumer.crckosher.org/liquor/full-liquor-list/,"cRc full liquor list, table row 1964 (category column = Tequila)",2026-08-11,verified_against_current_official_source
CRC-row1965,cRc,Tequila,Rooster Rojo,Tequila Anejo,Certified,OU,True,true,no_evidence,True,False,True,False,Certified when bearing the OU logo,cRc certifies this ONLY when the bottle bears the OU logo.,https://consumer.crckosher.org/liquor/full-liquor-list/,"cRc full liquor list, table row 1965 (category column = Tequila)",2026-08-11,verified_against_current_official_source
CRC-row1966,cRc,Tequila,Rooster Rojo,Tequila Anejo Smoked Pineapple,Certified,OU,True,true,no_evidence,True,False,True,False,Certified when bearing the OU logo,cRc certifies this ONLY when the bottle bears the OU logo.,https://consumer.crckosher.org/liquor/full-liquor-list/,"cRc full liquor list, table row 1966 (category column = Tequila)",2026-08-11,verified_against_current_official_source
CRC-row1967,cRc,Tequila,Rooster Rojo,Tequila Blanco,Certified,OU,True,true,no_evidence,True,False,True,False,Certified when bearing the OU logo,cRc certifies this ONLY when the bottle bears the OU logo.,https://consumer.crckosher.org/liquor/full-liquor-list/,"cRc full liquor list, table row 1967 (category column = Tequila)",2026-08-11,verified_against_current_official_source
CRC-row1968,cRc,Tequila,Rooster Rojo,Tequila Reposado,Certified,OU,True,true,no_evidence,True,False,True,False,Certified when bearing the OU logo,cRc certifies this ONLY when the bottle bears the OU logo.,https://consumer.crckosher.org/liquor/full-liquor-list/,"cRc full liquor list, table row 1968 (category column = Tequila)",2026-08-11,verified_against_current_official_source
CRC-row1969,cRc,Tequila,Perfectomundo,Classic Tequila,Certified,OU,True,true,no_evidence,True,False,True,False,Certified when bearing the OU logo,cRc certifies this ONLY when the bottle bears the OU logo.,https://consumer.crckosher.org/liquor/full-liquor-list/,"cRc full liquor list, table row 1969 (category column = Tequila)",2026-08-11,verified_against_current_official_source
CRC-row1970,cRc,Tequila,Pancho Pistolas,Tequila,Certified,OU,True,true,no_evidence,True,False,True,False,Certified when bearing the OU logo,cRc certifies this ONLY when the bottle bears the OU logo.,https://consumer.crckosher.org/liquor/full-liquor-list/,"cRc full liquor list, table row 1970 (category column = Tequila)",2026-08-11,verified_against_current_official_source
CRC-row1971,cRc,Tequila,Mexican Moonshine,Roger Clyne's Tequila,Certified,OU,True,true,no_evidence,True,False,True,False,Certified when bearing the OU logo,cRc certifies this ONLY when the bottle bears the OU logo.,https://consumer.crckosher.org/liquor/full-liquor-list/,"cRc full liquor list, table row 1971 (category column = Tequila)",2026-08-11,verified_against_current_official_source
CRC-row1972,cRc,Tequila,Laneta,Tequila Anejo,Certified,OU,True,true,no_evidence,True,False,True,False,Certified when bearing the OU logo,cRc certifies this ONLY when the bottle bears the OU logo.,https://consumer.crckosher.org/liquor/full-liquor-list/,"cRc full liquor list, table row 1972 (category column = Tequila)",2026-08-11,verified_against_current_official_source
CRC-row1973,cRc,Tequila,Laneta,Tequila Blanco,Certified,OU,True,true,no_evidence,True,False,True,False,Certified when bearing the OU logo,cRc certifies this ONLY when the bottle bears the OU logo.,https://consumer.crckosher.org/liquor/full-liquor-list/,"cRc full liquor list, table row 1973 (category column = Tequila)",2026-08-11,verified_against_current_official_source
CRC-row1974,cRc,Tequila,Laneta,Tequila Extra Anejo,Certified,OU,True,true,no_evidence,True,False,True,False,Certified when bearing the OU logo,cRc certifies this ONLY when the bottle bears the OU logo.,https://consumer.crckosher.org/liquor/full-liquor-list/,"cRc full liquor list, table row 1974 (category column = Tequila)",2026-08-11,verified_against_current_official_source
CRC-row1975,cRc,Tequila,Laneta,Tequila Reposado,Certified,OU,True,true,no_evidence,True,False,True,False,Certified when bearing the OU logo,cRc certifies this ONLY when the bottle bears the OU logo.,https://consumer.crckosher.org/liquor/full-liquor-list/,"cRc full liquor list, table row 1975 (category column = Tequila)",2026-08-11,verified_against_current_official_source
CRC-row1976,cRc,Tequila,La Prima de Pancho,Tequila,Certified,OU,True,true,no_evidence,True,False,True,False,Certified when bearing the OU logo,cRc certifies this ONLY when the bottle bears the OU logo.,https://consumer.crckosher.org/liquor/full-liquor-list/,"cRc full liquor list, table row 1976 (category column = Tequila)",2026-08-11,verified_against_current_official_source
CRC-row1977,cRc,Tequila,"Fabrica de Tequilas Finos, S.A. de C.V.",Tequila,Certified,OU,True,true,no_evidence,True,False,True,False,Certified when bearing the OU logo,cRc certifies this ONLY when the bottle bears the OU logo.,https://consumer.crckosher.org/liquor/full-liquor-list/,"cRc full liquor list, table row 1977 (category column = Tequila)",2026-08-11,verified_against_current_official_source
CRC-row1978,cRc,Tequila,El Diamante del Cielo,Tequila,Certified,OU,True,true,no_evidence,True,False,True,False,Certified when bearing the OU logo,cRc certifies this ONLY when the bottle bears the OU logo.,https://consumer.crckosher.org/liquor/full-liquor-list/,"cRc full liquor list, table row 1978 (category column = Tequila)",2026-08-11,verified_against_current_official_source
CRC-row1979,cRc,Tequila,Dos Manos,Tequila,Certified,OU,True,true,no_evidence,True,False,True,False,Certified when bearing the OU logo,cRc certifies this ONLY when the bottle bears the OU logo.,https://consumer.crckosher.org/liquor/full-liquor-list/,"cRc full liquor list, table row 1979 (category column = Tequila)",2026-08-11,verified_against_current_official_source
CRC-row1980,cRc,Tequila,Cenote Sac Actun,Tequila Extra Anejo,Certified,OU,True,true,no_evidence,True,False,True,False,Certified when bearing the OU logo,cRc certifies this ONLY when the bottle bears the OU logo.,https://consumer.crckosher.org/liquor/full-liquor-list/,"cRc full liquor list, table row 1980 (category column = Tequila)",2026-08-11,verified_against_current_official_source
CRC-row1981,cRc,Tequila,Cenote Ahumado,Tequila Reposado,Certified,OU,True,true,no_evidence,True,False,True,False,Certified when bearing the OU logo,cRc certifies this ONLY when the bottle bears the OU logo.,https://consumer.crckosher.org/liquor/full-liquor-list/,"cRc full liquor list, table row 1981 (category column = Tequila)",2026-08-11,verified_against_current_official_source
CRC-row1982,cRc,Tequila,Cenote,Tequila Anejo,Certified,OU,True,true,no_evidence,True,False,True,False,Certified when bearing the OU logo,cRc certifies this ONLY when the bottle bears the OU logo.,https://consumer.crckosher.org/liquor/full-liquor-list/,"cRc full liquor list, table row 1982 (category column = Tequila)",2026-08-11,verified_against_current_official_source
CRC-row1983,cRc,Tequila,Cenote,Tequila Blanco,Certified,OU,True,true,no_evidence,True,False,True,False,Certified when bearing the OU logo,cRc certifies this ONLY when the bottle bears the OU logo.,https://consumer.crckosher.org/liquor/full-liquor-list/,"cRc full liquor list, table row 1983 (category column = Tequila)",2026-08-11,verified_against_current_official_source
CRC-row1984,cRc,Tequila,Cenote,Tequila Reposado,Certified,OU,True,true,no_evidence,True,False,True,False,Certified when bearing the OU logo,cRc certifies this ONLY when the bottle bears the OU logo.,https://consumer.crckosher.org/liquor/full-liquor-list/,"cRc full liquor list, table row 1984 (category column = Tequila)",2026-08-11,verified_against_current_official_source
CRC-row1985,cRc,Tequila,Cenote Cristalino,Tequila Anejo,Certified,OU,True,true,no_evidence,True,False,True,False,Certified when bearing the OU logo,cRc certifies this ONLY when the bottle bears the OU logo.,https://consumer.crckosher.org/liquor/full-liquor-list/,"cRc full liquor list, table row 1985 (category column = Tequila)",2026-08-11,verified_against_current_official_source
CRC-row1986,cRc,Tequila,Patsch,Blanco Tequila,Certified,KCOR,True,false,no_evidence,False,True,False,False,,cRc lists this as Certified under KCOR. Per cRc's legend a symbol is not required on the bottle; this does NOT prove the bottle is printed with one.,https://consumer.crckosher.org/liquor/full-liquor-list/,"cRc full liquor list, table row 1986 (category column = Tequila)",2026-08-11,verified_against_current_official_source
CRC-row1987,cRc,Tequila,Patsch,Reposado Tequila,Certified,KCOR,True,false,no_evidence,False,True,False,False,,cRc lists this as Certified under KCOR. Per cRc's legend a symbol is not required on the bottle; this does NOT prove the bottle is printed with one.,https://consumer.crckosher.org/liquor/full-liquor-list/,"cRc full liquor list, table row 1987 (category column = Tequila)",2026-08-11,verified_against_current_official_source
CRC-row1988,cRc,Tequila,Patsch,Anejo Tequila,Certified,KCOR,True,false,no_evidence,False,True,False,False,,cRc lists this as Certified under KCOR. Per cRc's legend a symbol is not required on the bottle; this does NOT prove the bottle is printed with one.,https://consumer.crckosher.org/liquor/full-liquor-list/,"cRc full liquor list, table row 1988 (category column = Tequila)",2026-08-11,verified_against_current_official_source
CRC-row1989,cRc,Tequila,Patsch,Extra Anejo Tequila,Certified,KCOR,True,false,no_evidence,False,True,False,False,,cRc lists this as Certified under KCOR. Per cRc's legend a symbol is not required on the bottle; this does NOT prove the bottle is printed with one.,https://consumer.crckosher.org/liquor/full-liquor-list/,"cRc full liquor list, table row 1989 (category column = Tequila)",2026-08-11,verified_against_current_official_source
CRC-row1990,cRc,Tequila,Mi Amor,Tequila Reposado,Certified,OU-P,True,true,no_evidence,True,False,True,False,Certified when bearing the OU-P logo | Kosher for Passover,cRc certifies this ONLY when the bottle bears the OU-P logo. Note from cRc: Kosher for Passover,https://consumer.crckosher.org/liquor/full-liquor-list/,"cRc full liquor list, table row 1990 (category column = Tequila)",2026-08-11,verified_against_current_official_source
CRC-row1991,cRc,Tequila,Mi Amor,Tequila Blanco,Certified,OU-P,True,true,no_evidence,True,False,True,False,Certified when bearing the OU-P logo | Kosher for Passover,cRc certifies this ONLY when the bottle bears the OU-P logo. Note from cRc: Kosher for Passover,https://consumer.crckosher.org/liquor/full-liquor-list/,"cRc full liquor list, table row 1991 (category column = Tequila)",2026-08-11,verified_against_current_official_source
CRC-row1992,cRc,Tequila,Mi Amor,Tequila Anejo,Certified,OU-P,True,true,no_evidence,True,False,True,False,Certified when bearing the OU-P logo | Kosher for Passover,cRc certifies this ONLY when the bottle bears the OU-P logo. Note from cRc: Kosher for Passover,https://consumer.crckosher.org/liquor/full-liquor-list/,"cRc full liquor list, table row 1992 (category column = Tequila)",2026-08-11,verified_against_current_official_source
CRC-row1993,cRc,Tequila,Don Julio,Primavera,Not Recommended,,False,,no_evidence,False,False,False,True,,"cRc lists this as ""Not Recommended"". Do not use it.",https://consumer.crckosher.org/liquor/full-liquor-list/,"cRc full liquor list, table row 1993 (category column = Tequila)",2026-08-11,verified_against_current_official_source
CRC-row1994,cRc,Tequila,Clase Azul,Anejo,Certified,OK,True,true,no_evidence,True,False,True,False,Certified when bearing the OK logo,cRc certifies this ONLY when the bottle bears the OK logo.,https://consumer.crckosher.org/liquor/full-liquor-list/,"cRc full liquor list, table row 1994 (category column = Tequila)",2026-08-11,verified_against_current_official_source
CRC-row1995,cRc,Tequila,Clase Azul,Blanco,Certified,OK,True,true,no_evidence,True,False,True,False,Certified when bearing the OK logo,cRc certifies this ONLY when the bottle bears the OK logo.,https://consumer.crckosher.org/liquor/full-liquor-list/,"cRc full liquor list, table row 1995 (category column = Tequila)",2026-08-11,verified_against_current_official_source
CRC-row1996,cRc,Tequila,Clase Azul,Gold,Certified,OK,True,true,no_evidence,True,False,True,False,Certified when bearing the OK logo,cRc certifies this ONLY when the bottle bears the OK logo.,https://consumer.crckosher.org/liquor/full-liquor-list/,"cRc full liquor list, table row 1996 (category column = Tequila)",2026-08-11,verified_against_current_official_source
CRC-row1997,cRc,Tequila,Clase Azul,Joven,Certified,OK,True,true,no_evidence,True,False,True,False,Certified when bearing the OK logo,cRc certifies this ONLY when the bottle bears the OK logo.,https://consumer.crckosher.org/liquor/full-liquor-list/,"cRc full liquor list, table row 1997 (category column = Tequila)",2026-08-11,verified_against_current_official_source
CRC-row1998,cRc,Tequila,Clase Azul,Plata,Certified,OK,True,true,no_evidence,True,False,True,False,Certified when bearing the OK logo,cRc certifies this ONLY when the bottle bears the OK logo.,https://consumer.crckosher.org/liquor/full-liquor-list/,"cRc full liquor list, table row 1998 (category column = Tequila)",2026-08-11,verified_against_current_official_source
CRC-row1999,cRc,Tequila,Clase Azul,Reposado,Certified,OK,True,true,no_evidence,True,False,True,False,Certified when bearing the OK logo,cRc certifies this ONLY when the bottle bears the OK logo.,https://consumer.crckosher.org/liquor/full-liquor-list/,"cRc full liquor list, table row 1999 (category column = Tequila)",2026-08-11,verified_against_current_official_source
CRC-row2000,cRc,Tequila,Zarza,Tequila Extra Anejo Passover,Certified,OU-P,True,true,no_evidence,True,False,True,False,Certified when bearing the OU-P logo | Kosher for Passover,cRc certifies this ONLY when the bottle bears the OU-P logo. Note from cRc: Kosher for Passover,https://consumer.crckosher.org/liquor/full-liquor-list/,"cRc full liquor list, table row 2000 (category column = Tequila)",2026-08-11,verified_against_current_official_source
CRC-row2001,cRc,Tequila,Alida,Tequila,Certified,Jay Kosher,True,true,no_evidence,True,False,True,False,Certified when bearing the Jay Kosher logo,cRc certifies this ONLY when the bottle bears the Jay Kosher logo.,https://consumer.crckosher.org/liquor/full-liquor-list/,"cRc full liquor list, table row 2001 (category column = Tequila)",2026-08-11,verified_against_current_official_source
CRC-row2002,cRc,Tequila,Agave 99,Tequila,Certified,OU,True,true,no_evidence,True,False,True,False,Certified when bearing the OU logo,cRc certifies this ONLY when the bottle bears the OU logo.,https://consumer.crckosher.org/liquor/full-liquor-list/,"cRc full liquor list, table row 2002 (category column = Tequila)",2026-08-11,verified_against_current_official_source
CRC-row2003,cRc,Tequila,21 Seeds,Cucumber Jalapeno Tequila,Certified,KSA,True,true,no_evidence,True,False,True,False,Certified when bearing the KSA logo,cRc certifies this ONLY when the bottle bears the KSA logo.,https://consumer.crckosher.org/liquor/full-liquor-list/,"cRc full liquor list, table row 2003 (category column = Tequila)",2026-08-11,verified_against_current_official_source
CRC-row2004,cRc,Tequila,21 Seeds,Grapefruit Hibiscus Tequila,Certified,KSA,True,true,no_evidence,True,False,True,False,Certified when bearing the KSA logo,cRc certifies this ONLY when the bottle bears the KSA logo.,https://consumer.crckosher.org/liquor/full-liquor-list/,"cRc full liquor list, table row 2004 (category column = Tequila)",2026-08-11,verified_against_current_official_source
CRC-row2005,cRc,Tequila,Gran Patron,Smoky Silver Tequila,Certified,KA Aleph Aleph-P,True,true,no_evidence,True,False,True,False,Certified when bearing the KA Aleph Aleph-P logo | Kosher for Passover,cRc certifies this ONLY when the bottle bears the KA Aleph Aleph-P logo. Note from cRc: Kosher for Passover,https://consumer.crckosher.org/liquor/full-liquor-list/,"cRc full liquor list, table row 2005 (category column = Tequila)",2026-08-11,verified_against_current_official_source
CRC-row2006,cRc,Tequila,Kirkland,Tequila Anejo,Not Recommended,,False,,no_evidence,False,False,False,True, ,"cRc lists this as ""Not Recommended"". Do not use it. Note from cRc:  ",https://consumer.crckosher.org/liquor/full-liquor-list/,"cRc full liquor list, table row 2006 (category column = Tequila)",2026-08-11,verified_against_current_official_source
CRC-row2007,cRc,Tequila,Kirkland,Tequila Extra Anejo,Not Recommended,,False,,no_evidence,False,False,False,True, ,"cRc lists this as ""Not Recommended"". Do not use it. Note from cRc:  ",https://consumer.crckosher.org/liquor/full-liquor-list/,"cRc full liquor list, table row 2007 (category column = Tequila)",2026-08-11,verified_against_current_official_source
CRC-row2008,cRc,Tequila,Kirkland,Tequila Reposado,Not Recommended,,False,,no_evidence,False,False,False,True, ,"cRc lists this as ""Not Recommended"". Do not use it. Note from cRc:  ",https://consumer.crckosher.org/liquor/full-liquor-list/,"cRc full liquor list, table row 2008 (category column = Tequila)",2026-08-11,verified_against_current_official_source
CRC-row2009,cRc,Tequila,Cruzados,Blueberry & Elderflower,Certified,cRc,True,true,no_evidence,True,False,True,False,Certified when bearing the cRc logo |  ,cRc certifies this ONLY when the bottle bears the cRc logo. Note from cRc:  ,https://consumer.crckosher.org/liquor/full-liquor-list/,"cRc full liquor list, table row 2009 (category column = Tequila)",2026-08-11,verified_against_current_official_source
CRC-row2010,cRc,Tequila,Cruzados,Candied Strawberry & Basil,Certified,cRc,True,true,no_evidence,True,False,True,False,Certified when bearing the cRc logo |  ,cRc certifies this ONLY when the bottle bears the cRc logo. Note from cRc:  ,https://consumer.crckosher.org/liquor/full-liquor-list/,"cRc full liquor list, table row 2010 (category column = Tequila)",2026-08-11,verified_against_current_official_source
CRC-row2011,cRc,Tequila,Cruzados,Grilled Pineapple Tepache,Certified,cRc,True,true,no_evidence,True,False,True,False,Certified when bearing the cRc logo |  ,cRc certifies this ONLY when the bottle bears the cRc logo. Note from cRc:  ,https://consumer.crckosher.org/liquor/full-liquor-list/,"cRc full liquor list, table row 2011 (category column = Tequila)",2026-08-11,verified_against_current_official_source
CRC-row2012,cRc,Tequila,Cruzados,"Mango, Tamarind & Chili",Certified,cRc,True,true,no_evidence,True,False,True,False,Certified when bearing the cRc logo |  ,cRc certifies this ONLY when the bottle bears the cRc logo. Note from cRc:  ,https://consumer.crckosher.org/liquor/full-liquor-list/,"cRc full liquor list, table row 2012 (category column = Tequila)",2026-08-11,verified_against_current_official_source
CRC-row2013,cRc,Tequila,Cruzados,Yuzu & Ginger,Certified,cRc,True,true,no_evidence,True,False,True,False,Certified when bearing the cRc logo |  ,cRc certifies this ONLY when the bottle bears the cRc logo. Note from cRc:  ,https://consumer.crckosher.org/liquor/full-liquor-list/,"cRc full liquor list, table row 2013 (category column = Tequila)",2026-08-11,verified_against_current_official_source
CRC-row2014,cRc,Tequila,Grand Mayan,Ultra Aged Limited Release,Not Recommended,,False,,no_evidence,False,False,False,True, ,"cRc lists this as ""Not Recommended"". Do not use it. Note from cRc:  ",https://consumer.crckosher.org/liquor/full-liquor-list/,"cRc full liquor list, table row 2014 (category column = Tequila)",2026-08-11,verified_against_current_official_source
CRC-row2015,cRc,Tequila,Mi Campo,All Varieties,Not Recommended,,False,,no_evidence,False,False,False,True, ,"cRc lists this as ""Not Recommended"". Do not use it. Note from cRc:  ",https://consumer.crckosher.org/liquor/full-liquor-list/,"cRc full liquor list, table row 2015 (category column = Tequila)",2026-08-11,verified_against_current_official_source
CRC-row2016,cRc,Tequila,21 Seeds,Valencia Orange Tequila,Certified,KSA,True,true,no_evidence,True,False,True,False,Certified when bearing the KSA logo,cRc certifies this ONLY when the bottle bears the KSA logo.,https://consumer.crckosher.org/liquor/full-liquor-list/,"cRc full liquor list, table row 2016 (category column = Tequila)",2026-08-11,verified_against_current_official_source
