record_id,agency,category,brand_exact,product_exact,agency_status_exact,certification_or_symbol,certification_recorded,symbol_required_for_approval,physical_symbol_independently_observed,in_list_1_approved_only_when_bearing_symbol,in_list_2,in_list_3,in_list_4,conditions_exact,plain_language_explanation,official_source_url,source_location,checked_date,verification_status
STARK-item-2BUR2AMA,STAR-K,Vodka,42 Below,Unflavored Vodka,Approved,,False,false,no_evidence,False,True,False,False,,STAR-K approves this vodka without requiring a kosher symbol on the bottle.,https://www.star-k.org/resource/list/W56J90P5/all_liquor#item-2BUR2AMA,"STAR-K all_liquor listing, item block item-2BUR2AMA (imported row index 35)",2026-08-11,verified_against_current_official_source
STARK-item-4LSLGCG3,STAR-K,Vodka,Absolut Vodka,Absolut Vodka (when bearing OU),Approved,OU,True,true,no_evidence,True,False,True,False,,STAR-K approves this ONLY if the bottle bears the OU symbol.,https://www.star-k.org/resource/list/W56J90P5/all_liquor#item-4LSLGCG3,"STAR-K all_liquor listing, item block item-4LSLGCG3 (imported row index 66)",2026-08-11,verified_against_current_official_source
STARK-item-R9XMGLEU,STAR-K,Vodka,Absolut Vodka,Flavored Vodkas (when bearing OU),Approved,OU,True,true,no_evidence,True,False,True,False,,STAR-K approves this ONLY if the bottle bears the OU symbol.,https://www.star-k.org/resource/list/W56J90P5/all_liquor#item-R9XMGLEU,"STAR-K all_liquor listing, item block item-R9XMGLEU (imported row index 67)",2026-08-11,verified_against_current_official_source
STARK-item-V3Q3PQV7,STAR-K,Vodka,Belvedere Vodka,Belvedere Vodka,Approved,,False,false,no_evidence,False,True,False,False,,STAR-K approves this vodka without requiring a kosher symbol on the bottle.,https://www.star-k.org/resource/list/W56J90P5/all_liquor#item-V3Q3PQV7,"STAR-K all_liquor listing, item block item-V3Q3PQV7 (imported row index 268)",2026-08-11,verified_against_current_official_source
STARK-item-WCOV5SPY,STAR-K,Vodka,Boru Vodka,Boru Vodka,Approved,,False,false,no_evidence,False,True,False,False,,STAR-K approves this vodka without requiring a kosher symbol on the bottle.,https://www.star-k.org/resource/list/W56J90P5/all_liquor#item-WCOV5SPY,"STAR-K all_liquor listing, item block item-WCOV5SPY (imported row index 506)",2026-08-11,verified_against_current_official_source
STARK-item-3GF6SZ13,STAR-K,Vodka,CIROC,CIROC (made from grape juice),Not Approved,,False,,no_evidence,False,False,False,True,(made from grape juice),STAR-K lists this as Not Approved. Do not use it. Condition recorded by STAR-K: (made from grape juice),https://www.star-k.org/resource/list/W56J90P5/all_liquor#item-3GF6SZ13,"STAR-K all_liquor listing, item block item-3GF6SZ13 (imported row index 604)",2026-08-11,verified_against_current_official_source
STARK-item-RLM5ZM2I,STAR-K,Vodka,CLIX Vodka,Vodka,Not Approved,,False,,no_evidence,False,False,False,True,,STAR-K lists this as Not Approved. Do not use it.,https://www.star-k.org/resource/list/W56J90P5/all_liquor#item-RLM5ZM2I,"STAR-K all_liquor listing, item block item-RLM5ZM2I (imported row index 605)",2026-08-11,verified_against_current_official_source
STARK-item-YMMPJUJQ,STAR-K,Vodka,Canadian Iceberg,Canadian Iceberg,Approved,,False,false,no_evidence,False,True,False,False,,STAR-K approves this vodka without requiring a kosher symbol on the bottle.,https://www.star-k.org/resource/list/W56J90P5/all_liquor#item-YMMPJUJQ,"STAR-K all_liquor listing, item block item-YMMPJUJQ (imported row index 619)",2026-08-11,verified_against_current_official_source
STARK-item-ZWKIYVDI,STAR-K,Vodka,Canadian Iceberg,Canadian Iceberg (when bearing OU),Approved,OU,True,true,no_evidence,True,False,True,False,,STAR-K approves this ONLY if the bottle bears the OU symbol.,https://www.star-k.org/resource/list/W56J90P5/all_liquor#item-ZWKIYVDI,"STAR-K all_liquor listing, item block item-ZWKIYVDI (imported row index 620)",2026-08-11,verified_against_current_official_source
STARK-item-17HBDX7A,STAR-K,Vodka,Chopin,Chopin,Approved,,False,false,no_evidence,False,True,False,False,,STAR-K approves this vodka without requiring a kosher symbol on the bottle.,https://www.star-k.org/resource/list/W56J90P5/all_liquor#item-17HBDX7A,"STAR-K all_liquor listing, item block item-17HBDX7A (imported row index 682)",2026-08-11,verified_against_current_official_source
STARK-item-WNXHGQJQ,STAR-K,Vodka,Cooranbong,Cooranbong,Not Approved,,False,,no_evidence,False,False,False,True,,STAR-K lists this as Not Approved. Do not use it.,https://www.star-k.org/resource/list/W56J90P5/all_liquor#item-WNXHGQJQ,"STAR-K all_liquor listing, item block item-WNXHGQJQ (imported row index 759)",2026-08-11,verified_against_current_official_source
STARK-item-SYPEXAF7,STAR-K,Vodka,DiVine,DiVine,Not Approved,,False,,no_evidence,False,False,False,True,,STAR-K lists this as Not Approved. Do not use it.,https://www.star-k.org/resource/list/W56J90P5/all_liquor#item-SYPEXAF7,"STAR-K all_liquor listing, item block item-SYPEXAF7 (imported row index 885)",2026-08-11,verified_against_current_official_source
STARK-item-XL1L89YU,STAR-K,Vodka,Dray 25,Lavender Lime,Approved,,False,false,no_evidence,False,True,False,False,,STAR-K approves this vodka without requiring a kosher symbol on the bottle.,https://www.star-k.org/resource/list/W56J90P5/all_liquor#item-XL1L89YU,"STAR-K all_liquor listing, item block item-XL1L89YU (imported row index 910)",2026-08-11,verified_against_current_official_source
STARK-item-YVYFMASM,STAR-K,Vodka,Dray 25,Orange Blossom,Approved,,False,false,no_evidence,False,True,False,False,,STAR-K approves this vodka without requiring a kosher symbol on the bottle.,https://www.star-k.org/resource/list/W56J90P5/all_liquor#item-YVYFMASM,"STAR-K all_liquor listing, item block item-YVYFMASM (imported row index 911)",2026-08-11,verified_against_current_official_source
STARK-item-Z6V92CME,STAR-K,Vodka,Dray 25,Raspberry Rose and Lychee,Approved,,False,false,no_evidence,False,True,False,False,,STAR-K approves this vodka without requiring a kosher symbol on the bottle.,https://www.star-k.org/resource/list/W56J90P5/all_liquor#item-Z6V92CME,"STAR-K all_liquor listing, item block item-Z6V92CME (imported row index 912)",2026-08-11,verified_against_current_official_source
STARK-item-2FT3HEF7,STAR-K,Vodka,Dray 25,Strawberry Guava,Approved,,False,false,no_evidence,False,True,False,False,,STAR-K approves this vodka without requiring a kosher symbol on the bottle.,https://www.star-k.org/resource/list/W56J90P5/all_liquor#item-2FT3HEF7,"STAR-K all_liquor listing, item block item-2FT3HEF7 (imported row index 913)",2026-08-11,verified_against_current_official_source
STARK-item-V7CGGF0Y,STAR-K,Vodka,Effen Vodka,Effen Vodka (Flavored),Not Approved,,False,,no_evidence,False,False,False,True,,STAR-K lists this as Not Approved. Do not use it.,https://www.star-k.org/resource/list/W56J90P5/all_liquor#item-V7CGGF0Y,"STAR-K all_liquor listing, item block item-V7CGGF0Y (imported row index 933)",2026-08-11,verified_against_current_official_source
STARK-item-UXEM2EF7,STAR-K,Vodka,Effen Vodka,Effen Vodka (Unflavored),Approved,,False,false,no_evidence,False,True,False,False,,STAR-K approves this vodka without requiring a kosher symbol on the bottle.,https://www.star-k.org/resource/list/W56J90P5/all_liquor#item-UXEM2EF7,"STAR-K all_liquor listing, item block item-UXEM2EF7 (imported row index 934)",2026-08-11,verified_against_current_official_source
STARK-item-XG00VH4Q,STAR-K,Vodka,Elit Vodka,Elit Vodka,Approved,,False,false,no_evidence,False,True,False,False,,STAR-K approves this vodka without requiring a kosher symbol on the bottle.,https://www.star-k.org/resource/list/W56J90P5/all_liquor#item-XG00VH4Q,"STAR-K all_liquor listing, item block item-XG00VH4Q (imported row index 946)",2026-08-11,verified_against_current_official_source
STARK-item-YQ83AJXI,STAR-K,Vodka,Finlandia,Regular,Approved,,False,false,no_evidence,False,True,False,False,,STAR-K approves this vodka without requiring a kosher symbol on the bottle.,https://www.star-k.org/resource/list/W56J90P5/all_liquor#item-YQ83AJXI,"STAR-K all_liquor listing, item block item-YQ83AJXI (imported row index 956)",2026-08-11,verified_against_current_official_source
STARK-item-Z16WPLQA,STAR-K,Vodka,Fleischmann's Vodka,Fleischmann's Vodka,Not Approved,,False,,no_evidence,False,False,False,True,,STAR-K lists this as Not Approved. Do not use it.,https://www.star-k.org/resource/list/W56J90P5/all_liquor#item-Z16WPLQA,"STAR-K all_liquor listing, item block item-Z16WPLQA (imported row index 963)",2026-08-11,verified_against_current_official_source
STARK-item-4UYCYQ9M,STAR-K,Vodka,Gordon's,Citrus-Flavored Vodka (when bearing cRc),Approved,cRc,True,true,no_evidence,True,False,True,False,,STAR-K approves this ONLY if the bottle bears the cRc symbol.,https://www.star-k.org/resource/list/W56J90P5/all_liquor#item-4UYCYQ9M,"STAR-K all_liquor listing, item block item-4UYCYQ9M (imported row index 1098)",2026-08-11,verified_against_current_official_source
STARK-item-U3GJ6KRQ,STAR-K,Vodka,Grey Goose,Assorted Flavored Vodkas,Not Approved,,False,,no_evidence,False,False,False,True,,STAR-K lists this as Not Approved. Do not use it.,https://www.star-k.org/resource/list/W56J90P5/all_liquor#item-U3GJ6KRQ,"STAR-K all_liquor listing, item block item-U3GJ6KRQ (imported row index 1116)",2026-08-11,verified_against_current_official_source
STARK-item-VBDDKMLI,STAR-K,Vodka,Grey Goose,Grey Goose,Approved,,False,false,no_evidence,False,True,False,False,,STAR-K approves this vodka without requiring a kosher symbol on the bottle.,https://www.star-k.org/resource/list/W56J90P5/all_liquor#item-VBDDKMLI,"STAR-K all_liquor listing, item block item-VBDDKMLI (imported row index 1117)",2026-08-11,verified_against_current_official_source
STARK-item-XLB7ZOEA,STAR-K,Vodka,Grey Goose,VX Vodka,Not Approved,,False,,no_evidence,False,False,False,True,,STAR-K lists this as Not Approved. Do not use it.,https://www.star-k.org/resource/list/W56J90P5/all_liquor#item-XLB7ZOEA,"STAR-K all_liquor listing, item block item-XLB7ZOEA (imported row index 1118)",2026-08-11,verified_against_current_official_source
STARK-item-3YH4ZD4Q,STAR-K,Vodka,HDW Century Vodka,Vodka,Not Approved,,False,,no_evidence,False,False,False,True,,STAR-K lists this as Not Approved. Do not use it.,https://www.star-k.org/resource/list/W56J90P5/all_liquor#item-3YH4ZD4Q,"STAR-K all_liquor listing, item block item-3YH4ZD4Q (imported row index 1123)",2026-08-11,verified_against_current_official_source
STARK-item-2F6M9TWM,STAR-K,Vodka,Iceberg,Vodka (when bearing OU),Approved,OU,True,true,no_evidence,True,False,True,False,,STAR-K approves this ONLY if the bottle bears the OU symbol.,https://www.star-k.org/resource/list/W56J90P5/all_liquor#item-2F6M9TWM,"STAR-K all_liquor listing, item block item-2F6M9TWM (imported row index 1212)",2026-08-11,verified_against_current_official_source
STARK-item-1HQXPV13,STAR-K,Vodka,Idol,Idol,Not Approved,,False,,no_evidence,False,False,False,True,,STAR-K lists this as Not Approved. Do not use it.,https://www.star-k.org/resource/list/W56J90P5/all_liquor#item-1HQXPV13,"STAR-K all_liquor listing, item block item-1HQXPV13 (imported row index 1216)",2026-08-11,verified_against_current_official_source
STARK-item-TW45G8BQ,STAR-K,Vodka,Ketel One Vodka,Ketel One Vodka,Approved,,False,false,no_evidence,False,True,False,False,,STAR-K approves this vodka without requiring a kosher symbol on the bottle.,https://www.star-k.org/resource/list/W56J90P5/all_liquor#item-TW45G8BQ,"STAR-K all_liquor listing, item block item-TW45G8BQ (imported row index 1410)",2026-08-11,verified_against_current_official_source
STARK-item-Y1UD6FMU,STAR-K,Vodka,Mr. Boston,Riva Vodka,Not Approved,,False,,no_evidence,False,False,False,True,,STAR-K lists this as Not Approved. Do not use it.,https://www.star-k.org/resource/list/W56J90P5/all_liquor#item-Y1UD6FMU,"STAR-K all_liquor listing, item block item-Y1UD6FMU (imported row index 1721)",2026-08-11,verified_against_current_official_source
STARK-item-XQXKPDS3,STAR-K,Vodka,Mr. Boston,Vodka,Not Approved,,False,,no_evidence,False,False,False,True,,STAR-K lists this as Not Approved. Do not use it.,https://www.star-k.org/resource/list/W56J90P5/all_liquor#item-XQXKPDS3,"STAR-K all_liquor listing, item block item-XQXKPDS3 (imported row index 1724)",2026-08-11,verified_against_current_official_source
STARK-item-ZAS8KHGM,STAR-K,Vodka,Nemiroff,Lex (when bearing OU),Approved,OU,True,true,no_evidence,True,False,True,False,,STAR-K approves this ONLY if the bottle bears the OU symbol.,https://www.star-k.org/resource/list/W56J90P5/all_liquor#item-ZAS8KHGM,"STAR-K all_liquor listing, item block item-ZAS8KHGM (imported row index 1730)",2026-08-11,verified_against_current_official_source
STARK-item-2KQ1ZIAE,STAR-K,Vodka,Nemiroff,Nemiroff (when bearing OU),Approved,OU,True,true,no_evidence,True,False,True,False,,STAR-K approves this ONLY if the bottle bears the OU symbol.,https://www.star-k.org/resource/list/W56J90P5/all_liquor#item-2KQ1ZIAE,"STAR-K all_liquor listing, item block item-2KQ1ZIAE (imported row index 1731)",2026-08-11,verified_against_current_official_source
STARK-item-REISOUHY,STAR-K,Vodka,Peacock,Peacock (only when bearing Kosher Symbol),Approved,Kosher Symbol,True,true,no_evidence,True,False,True,False,,STAR-K approves this ONLY if the bottle bears the Kosher Symbol symbol.,https://www.star-k.org/resource/list/W56J90P5/all_liquor#item-REISOUHY,"STAR-K all_liquor listing, item block item-REISOUHY (imported row index 1823)",2026-08-11,verified_against_current_official_source
STARK-item-T2PH8XPI,STAR-K,Vodka,Pinnacle,Assorted Flavored Vodka Varieties (when bearing OU),Approved,OU,True,true,no_evidence,True,False,True,False,,STAR-K approves this ONLY if the bottle bears the OU symbol.,https://www.star-k.org/resource/list/W56J90P5/all_liquor#item-T2PH8XPI,"STAR-K all_liquor listing, item block item-T2PH8XPI (imported row index 1839)",2026-08-11,verified_against_current_official_source
STARK-item-WSIU8FXI,STAR-K,Vodka,Primo,Primo,Not Approved,,False,,no_evidence,False,False,False,True,,STAR-K lists this as Not Approved. Do not use it.,https://www.star-k.org/resource/list/W56J90P5/all_liquor#item-WSIU8FXI,"STAR-K all_liquor listing, item block item-WSIU8FXI (imported row index 1847)",2026-08-11,verified_against_current_official_source
STARK-item-2F9XBIV7,STAR-K,Vodka,Rain,All Varieties,Not Approved,,False,,no_evidence,False,False,False,True,,STAR-K lists this as Not Approved. Do not use it.,https://www.star-k.org/resource/list/W56J90P5/all_liquor#item-2F9XBIV7,"STAR-K all_liquor listing, item block item-2F9XBIV7 (imported row index 1866)",2026-08-11,verified_against_current_official_source
STARK-item-RORLI9ME,STAR-K,Vodka,Roth,Roth,Not Approved,,False,,no_evidence,False,False,False,True,,STAR-K lists this as Not Approved. Do not use it.,https://www.star-k.org/resource/list/W56J90P5/all_liquor#item-RORLI9ME,"STAR-K all_liquor listing, item block item-RORLI9ME (imported row index 1912)",2026-08-11,verified_against_current_official_source
STARK-item-1JZY2V87,STAR-K,Vodka,SKYY,Georgia Peach,Not Approved,,False,,no_evidence,False,False,False,True,,STAR-K lists this as Not Approved. Do not use it.,https://www.star-k.org/resource/list/W56J90P5/all_liquor#item-1JZY2V87,"STAR-K all_liquor listing, item block item-1JZY2V87 (imported row index 1917)",2026-08-11,verified_against_current_official_source
STARK-item-2TXSGX2Y,STAR-K,Vodka,SKYY,Moscato,Not Approved,,False,,no_evidence,False,False,False,True,,STAR-K lists this as Not Approved. Do not use it.,https://www.star-k.org/resource/list/W56J90P5/all_liquor#item-2TXSGX2Y,"STAR-K all_liquor listing, item block item-2TXSGX2Y (imported row index 1918)",2026-08-11,verified_against_current_official_source
STARK-item-Y026MUEE,STAR-K,Vodka,SKYY,SKYY (unflavored),Approved,,False,false,no_evidence,False,True,False,False,,STAR-K approves this vodka without requiring a kosher symbol on the bottle.,https://www.star-k.org/resource/list/W56J90P5/all_liquor#item-Y026MUEE,"STAR-K all_liquor listing, item block item-Y026MUEE (imported row index 1919)",2026-08-11,verified_against_current_official_source
STARK-item-34VLVZVQ,STAR-K,Vodka,SKYY,Vanilla Bean,Not Approved,,False,,no_evidence,False,False,False,True,,STAR-K lists this as Not Approved. Do not use it.,https://www.star-k.org/resource/list/W56J90P5/all_liquor#item-34VLVZVQ,"STAR-K all_liquor listing, item block item-34VLVZVQ (imported row index 1920)",2026-08-11,verified_against_current_official_source
STARK-item-R2K1G3EE,STAR-K,Vodka,Smirnoff,Raw Tea - Green (when bearing KSA),Approved,KSA,True,true,no_evidence,True,False,True,False,,STAR-K approves this ONLY if the bottle bears the KSA symbol.,https://www.star-k.org/resource/list/W56J90P5/all_liquor#item-R2K1G3EE,"STAR-K all_liquor listing, item block item-R2K1G3EE (imported row index 2088)",2026-08-11,verified_against_current_official_source
STARK-item-SBITV487,STAR-K,Vodka,Smirnoff,Raw Tea - Lemon (when bearing KSA),Approved,KSA,True,true,no_evidence,True,False,True,False,,STAR-K approves this ONLY if the bottle bears the KSA symbol.,https://www.star-k.org/resource/list/W56J90P5/all_liquor#item-SBITV487,"STAR-K all_liquor listing, item block item-SBITV487 (imported row index 2089)",2026-08-11,verified_against_current_official_source
STARK-item-ULGMA62Y,STAR-K,Vodka,Smirnoff,Raw Tea - Raspberry (when bearing KSA),Approved,KSA,True,true,no_evidence,True,False,True,False,,STAR-K approves this ONLY if the bottle bears the KSA symbol.,https://www.star-k.org/resource/list/W56J90P5/all_liquor#item-ULGMA62Y,"STAR-K all_liquor listing, item block item-ULGMA62Y (imported row index 2090)",2026-08-11,verified_against_current_official_source
STARK-item-RQ1MU9TI,STAR-K,Vodka,Smirnoff,Vodka Twist (when bearing KSA Pareve),Approved,KSA Pareve,True,true,no_evidence,True,False,True,False,,STAR-K approves this ONLY if the bottle bears the KSA Pareve symbol.,https://www.star-k.org/resource/list/W56J90P5/all_liquor#item-RQ1MU9TI,"STAR-K all_liquor listing, item block item-RQ1MU9TI (imported row index 2091)",2026-08-11,verified_against_current_official_source
STARK-item-XAOPTL6I,STAR-K,Vodka,Smirnoff Ice,Green Apple (when bearing KSA),Approved,KSA,True,true,no_evidence,True,False,True,False,,STAR-K approves this ONLY if the bottle bears the KSA symbol.,https://www.star-k.org/resource/list/W56J90P5/all_liquor#item-XAOPTL6I,"STAR-K all_liquor listing, item block item-XAOPTL6I (imported row index 2092)",2026-08-11,verified_against_current_official_source
STARK-item-ZKMI9NYA,STAR-K,Vodka,Smirnoff Ice,Mango (when bearing KSA),Approved,KSA,True,true,no_evidence,True,False,True,False,,STAR-K approves this ONLY if the bottle bears the KSA symbol.,https://www.star-k.org/resource/list/W56J90P5/all_liquor#item-ZKMI9NYA,"STAR-K all_liquor listing, item block item-ZKMI9NYA (imported row index 2093)",2026-08-11,verified_against_current_official_source
STARK-item-1UJCNPS3,STAR-K,Vodka,Smirnoff Ice,Pineapple (when bearing KSA),Approved,KSA,True,true,no_evidence,True,False,True,False,,STAR-K approves this ONLY if the bottle bears the KSA symbol.,https://www.star-k.org/resource/list/W56J90P5/all_liquor#item-1UJCNPS3,"STAR-K all_liquor listing, item block item-1UJCNPS3 (imported row index 2094)",2026-08-11,verified_against_current_official_source
STARK-item-25H63RMU,STAR-K,Vodka,Smirnoff Ice,Raspberry Burst (when bearing KSA),Approved,KSA,True,true,no_evidence,True,False,True,False,,STAR-K approves this ONLY if the bottle bears the KSA symbol.,https://www.star-k.org/resource/list/W56J90P5/all_liquor#item-25H63RMU,"STAR-K all_liquor listing, item block item-25H63RMU (imported row index 2095)",2026-08-11,verified_against_current_official_source
STARK-item-4EFZHTGM,STAR-K,Vodka,Smirnoff Ice,Wild Grape (when bearing KSA),Approved,KSA,True,true,no_evidence,True,False,True,False,,STAR-K approves this ONLY if the bottle bears the KSA symbol.,https://www.star-k.org/resource/list/W56J90P5/all_liquor#item-4EFZHTGM,"STAR-K all_liquor listing, item block item-4EFZHTGM (imported row index 2096)",2026-08-11,verified_against_current_official_source
STARK-item-WURWJF5M,STAR-K,Vodka,Taaka,Vodka,Not Approved,,False,,no_evidence,False,False,False,True,,STAR-K lists this as Not Approved. Do not use it.,https://www.star-k.org/resource/list/W56J90P5/all_liquor#item-WURWJF5M,"STAR-K all_liquor listing, item block item-WURWJF5M (imported row index 2138)",2026-08-11,verified_against_current_official_source
STARK-item-SN7OVSC3,STAR-K,Vodka,Thinkers,40/60 Vodka (when bearing STAR-K),Approved,STAR-K,True,true,no_evidence,True,False,True,False,,STAR-K approves this ONLY if the bottle bears the STAR-K symbol.,https://www.star-k.org/resource/list/W56J90P5/all_liquor#item-SN7OVSC3,"STAR-K all_liquor listing, item block item-SN7OVSC3 (imported row index 2172)",2026-08-11,verified_against_current_official_source
STARK-item-TX5HAU7U,STAR-K,Vodka,Thinkers,52/48 Vodka (when bearing STAR-K),Approved,STAR-K,True,true,no_evidence,True,False,True,False,,STAR-K approves this ONLY if the bottle bears the STAR-K symbol.,https://www.star-k.org/resource/list/W56J90P5/all_liquor#item-TX5HAU7U,"STAR-K all_liquor listing, item block item-TX5HAU7U (imported row index 2173)",2026-08-11,verified_against_current_official_source
STARK-item-ZENIDJR7,STAR-K,Vodka,Three Olives,Three Olives (from England),Approved,,False,false,no_evidence,False,True,False,False,,STAR-K approves this vodka without requiring a kosher symbol on the bottle.,https://www.star-k.org/resource/list/W56J90P5/all_liquor#item-ZENIDJR7,"STAR-K all_liquor listing, item block item-ZENIDJR7 (imported row index 2179)",2026-08-11,verified_against_current_official_source
STARK-item-X5PPYHYE,STAR-K,Vodka,Three Olives,Three Olives (when bearing OU),Approved,OU,True,true,no_evidence,True,False,True,False,,STAR-K approves this ONLY if the bottle bears the OU symbol.,https://www.star-k.org/resource/list/W56J90P5/all_liquor#item-X5PPYHYE,"STAR-K all_liquor listing, item block item-X5PPYHYE (imported row index 2180)",2026-08-11,verified_against_current_official_source
STARK-item-1OKCSLLY,STAR-K,Vodka,Tito's,Tito's Handmade Vodka,Approved,,False,false,no_evidence,False,True,False,False,,STAR-K approves this vodka without requiring a kosher symbol on the bottle.,https://www.star-k.org/resource/list/W56J90P5/all_liquor#item-1OKCSLLY,"STAR-K all_liquor listing, item block item-1OKCSLLY (imported row index 2187)",2026-08-11,verified_against_current_official_source
STARK-item-39GZMO0I,STAR-K,Vodka,Vox Vodka,Vox Vodka,Approved,,False,false,no_evidence,False,True,False,False,,STAR-K approves this vodka without requiring a kosher symbol on the bottle.,https://www.star-k.org/resource/list/W56J90P5/all_liquor#item-39GZMO0I,"STAR-K all_liquor listing, item block item-39GZMO0I (imported row index 2331)",2026-08-11,verified_against_current_official_source
STARK-item-QCWWVO8Q,STAR-K,Vodka,Weldon Mills,House Vodka,Approved,,False,false,no_evidence,False,True,False,False,,STAR-K approves this vodka without requiring a kosher symbol on the bottle.,https://www.star-k.org/resource/list/W56J90P5/all_liquor#item-QCWWVO8Q,"STAR-K all_liquor listing, item block item-QCWWVO8Q (imported row index 2336)",2026-08-11,verified_against_current_official_source
STARK-item-3PRVWF0Y,STAR-K,Vodka,Weldon Mills,WMD Bombardier Cinnamon Vodka,Approved,,False,false,no_evidence,False,True,False,False,,STAR-K approves this vodka without requiring a kosher symbol on the bottle.,https://www.star-k.org/resource/list/W56J90P5/all_liquor#item-3PRVWF0Y,"STAR-K all_liquor listing, item block item-3PRVWF0Y (imported row index 2343)",2026-08-11,verified_against_current_official_source
STARK-item-2OJAKB0Y,STAR-K,Vodka,Wheatley Vodka,Vodka,Not Approved,,False,,no_evidence,False,False,False,True,,STAR-K lists this as Not Approved. Do not use it.,https://www.star-k.org/resource/list/W56J90P5/all_liquor#item-2OJAKB0Y,"STAR-K all_liquor listing, item block item-2OJAKB0Y (imported row index 2348)",2026-08-11,verified_against_current_official_source
STARK-item-UFHNF2UU,STAR-K,Vodka,Zachlawi,Vodka (when bearing kosher certification),Approved,kosher certification,True,true,no_evidence,True,False,True,False,,STAR-K approves this ONLY if the bottle bears the kosher certification symbol.,https://www.star-k.org/resource/list/W56J90P5/all_liquor#item-UFHNF2UU,"STAR-K all_liquor listing, item block item-UFHNF2UU (imported row index 2383)",2026-08-11,verified_against_current_official_source
CRC-row2019,cRc,Vodka,Sauvage,Upstate Apple Vodka,Certified,OK,True,true,no_evidence,True,False,True,False,Certified when bearing the OK logo,cRc certifies this ONLY when the bottle bears the OK logo.,https://consumer.crckosher.org/liquor/full-liquor-list/,"cRc full liquor list, table row 2019 (category column = Vodka)",2026-08-11,verified_against_current_official_source
CRC-row2020,cRc,Vodka,Zubrowka,Flavored Vodka,Not Recommended,,False,,no_evidence,False,False,False,True,,"cRc lists this as ""Not Recommended"". Do not use it.",https://consumer.crckosher.org/liquor/full-liquor-list/,"cRc full liquor list, table row 2020 (category column = Vodka)",2026-08-11,verified_against_current_official_source
CRC-row2021,cRc,Vodka,Bootlegger New York Craft,Original,Certified,OU,True,true,no_evidence,True,False,True,False,Certified when bearing the OU logo,cRc certifies this ONLY when the bottle bears the OU logo.,https://consumer.crckosher.org/liquor/full-liquor-list/,"cRc full liquor list, table row 2021 (category column = Vodka)",2026-08-11,verified_against_current_official_source
CRC-row2022,cRc,Vodka,Black Cow,All Varieties,Not Recommended,,False,,no_evidence,False,False,False,True,,"cRc lists this as ""Not Recommended"". Do not use it.",https://consumer.crckosher.org/liquor/full-liquor-list/,"cRc full liquor list, table row 2022 (category column = Vodka)",2026-08-11,verified_against_current_official_source
CRC-row2023,cRc,Vodka,SKYY,SKYY Blood Orange,Certified,Star-K,True,true,no_evidence,True,False,True,False,Certified when bearing the Star-K logo,cRc certifies this ONLY when the bottle bears the Star-K logo.,https://consumer.crckosher.org/liquor/full-liquor-list/,"cRc full liquor list, table row 2023 (category column = Vodka)",2026-08-11,verified_against_current_official_source
CRC-row2024,cRc,Vodka,SKYY,SKYY Cherry,Certified,Star-K,True,true,no_evidence,True,False,True,False,Certified when bearing the Star-K logo,cRc certifies this ONLY when the bottle bears the Star-K logo.,https://consumer.crckosher.org/liquor/full-liquor-list/,"cRc full liquor list, table row 2024 (category column = Vodka)",2026-08-11,verified_against_current_official_source
CRC-row2025,cRc,Vodka,SKYY,SKYY Citrus,Certified,Star-K,True,true,no_evidence,True,False,True,False,Certified when bearing the Star-K logo,cRc certifies this ONLY when the bottle bears the Star-K logo.,https://consumer.crckosher.org/liquor/full-liquor-list/,"cRc full liquor list, table row 2025 (category column = Vodka)",2026-08-11,verified_against_current_official_source
CRC-row2026,cRc,Vodka,SKYY,SKYY Peach,Certified,Star-K,True,true,no_evidence,True,False,True,False,Certified when bearing the Star-K logo,cRc certifies this ONLY when the bottle bears the Star-K logo.,https://consumer.crckosher.org/liquor/full-liquor-list/,"cRc full liquor list, table row 2026 (category column = Vodka)",2026-08-11,verified_against_current_official_source
CRC-row2027,cRc,Vodka,SKYY,SKYY Pineapple,Certified,Star-K,True,true,no_evidence,True,False,True,False,Certified when bearing the Star-K logo,cRc certifies this ONLY when the bottle bears the Star-K logo.,https://consumer.crckosher.org/liquor/full-liquor-list/,"cRc full liquor list, table row 2027 (category column = Vodka)",2026-08-11,verified_against_current_official_source
CRC-row2028,cRc,Vodka,SKYY,SKYY Raspberry,Certified,Star-K,True,true,no_evidence,True,False,True,False,Certified when bearing the Star-K logo,cRc certifies this ONLY when the bottle bears the Star-K logo.,https://consumer.crckosher.org/liquor/full-liquor-list/,"cRc full liquor list, table row 2028 (category column = Vodka)",2026-08-11,verified_against_current_official_source
CRC-row2029,cRc,Vodka,SKYY,SKYY Strawberry,Certified,Star-K,True,true,no_evidence,True,False,True,False,Certified when bearing the Star-K logo,cRc certifies this ONLY when the bottle bears the Star-K logo.,https://consumer.crckosher.org/liquor/full-liquor-list/,"cRc full liquor list, table row 2029 (category column = Vodka)",2026-08-11,verified_against_current_official_source
CRC-row2030,cRc,Vodka,SKYY,SKYY Vodka,Certified,Star-K,True,true,no_evidence,True,False,True,False,Certified when bearing the Star-K logo,cRc certifies this ONLY when the bottle bears the Star-K logo.,https://consumer.crckosher.org/liquor/full-liquor-list/,"cRc full liquor list, table row 2030 (category column = Vodka)",2026-08-11,verified_against_current_official_source
CRC-row2031,cRc,Vodka,SKYY,SKYY Watermelon,Certified,Star-K,True,true,no_evidence,True,False,True,False,Certified when bearing the Star-K logo,cRc certifies this ONLY when the bottle bears the Star-K logo.,https://consumer.crckosher.org/liquor/full-liquor-list/,"cRc full liquor list, table row 2031 (category column = Vodka)",2026-08-11,verified_against_current_official_source
CRC-row2032,cRc,Vodka,Absolut,100,Certified,OU,True,true,no_evidence,True,False,True,False,Certified when bearing the OU logo,cRc certifies this ONLY when the bottle bears the OU logo.,https://consumer.crckosher.org/liquor/full-liquor-list/,"cRc full liquor list, table row 2032 (category column = Vodka)",2026-08-11,verified_against_current_official_source
CRC-row2033,cRc,Vodka,Gordon's,Vodka Specialty Spirit,Not Recommended,,False,,no_evidence,False,False,False,True,,"cRc lists this as ""Not Recommended"". Do not use it.",https://consumer.crckosher.org/liquor/full-liquor-list/,"cRc full liquor list, table row 2033 (category column = Vodka)",2026-08-11,verified_against_current_official_source
CRC-row2034,cRc,Vodka,Markland Cottage Wines,Assorted Varieties,Certified,COR,True,true,no_evidence,True,False,True,False,Certified when bearing the COR logo,cRc certifies this ONLY when the bottle bears the COR logo.,https://consumer.crckosher.org/liquor/full-liquor-list/,"cRc full liquor list, table row 2034 (category column = Vodka)",2026-08-11,verified_against_current_official_source
CRC-row2035,cRc,Vodka,Stoli,Imported Premium Vodka,Certified,OU,True,true,no_evidence,True,False,True,False,Certified when bearing the OU logo,cRc certifies this ONLY when the bottle bears the OU logo.,https://consumer.crckosher.org/liquor/full-liquor-list/,"cRc full liquor list, table row 2035 (category column = Vodka)",2026-08-11,verified_against_current_official_source
CRC-row2036,cRc,Vodka,Stoli,Stolichnaya Gold Vodka,Certified,OU,True,true,no_evidence,True,False,True,False,Certified when bearing the OU logo,cRc certifies this ONLY when the bottle bears the OU logo.,https://consumer.crckosher.org/liquor/full-liquor-list/,"cRc full liquor list, table row 2036 (category column = Vodka)",2026-08-11,verified_against_current_official_source
CRC-row2037,cRc,Vodka,Thinkers,40/60 Vodka,Certified,Star-K,True,true,no_evidence,True,False,True,False,Certified when bearing the Star-K logo,cRc certifies this ONLY when the bottle bears the Star-K logo.,https://consumer.crckosher.org/liquor/full-liquor-list/,"cRc full liquor list, table row 2037 (category column = Vodka)",2026-08-11,verified_against_current_official_source
CRC-row2038,cRc,Vodka,Thinkers,52/48 Vodka,Certified,Star-K,True,true,no_evidence,True,False,True,False,Certified when bearing the Star-K logo,cRc certifies this ONLY when the bottle bears the Star-K logo.,https://consumer.crckosher.org/liquor/full-liquor-list/,"cRc full liquor list, table row 2038 (category column = Vodka)",2026-08-11,verified_against_current_official_source
CRC-row2039,cRc,Vodka,Thinkers,Thinkers Vodka 40% Alcohol,Certified,Star-K,True,true,no_evidence,True,False,True,False,Certified when bearing the Star-K logo,cRc certifies this ONLY when the bottle bears the Star-K logo.,https://consumer.crckosher.org/liquor/full-liquor-list/,"cRc full liquor list, table row 2039 (category column = Vodka)",2026-08-11,verified_against_current_official_source
CRC-row2040,cRc,Vodka,Van Gogh,Black Cherry,Certified,OU,True,true,no_evidence,True,False,True,False,Certified when bearing the OU logo,cRc certifies this ONLY when the bottle bears the OU logo.,https://consumer.crckosher.org/liquor/full-liquor-list/,"cRc full liquor list, table row 2040 (category column = Vodka)",2026-08-11,verified_against_current_official_source
CRC-row2041,cRc,Vodka,Van Gogh,Cool Peach,Certified,OU,True,true,no_evidence,True,False,True,False,Certified when bearing the OU logo,cRc certifies this ONLY when the bottle bears the OU logo.,https://consumer.crckosher.org/liquor/full-liquor-list/,"cRc full liquor list, table row 2041 (category column = Vodka)",2026-08-11,verified_against_current_official_source
CRC-row2042,cRc,Vodka,Van Gogh,Double Espresso,Certified,OU,True,true,no_evidence,True,False,True,False,Certified when bearing the OU logo,cRc certifies this ONLY when the bottle bears the OU logo.,https://consumer.crckosher.org/liquor/full-liquor-list/,"cRc full liquor list, table row 2042 (category column = Vodka)",2026-08-11,verified_against_current_official_source
CRC-row2043,cRc,Vodka,Van Gogh,Dutch Chocolate,Certified,OU,True,true,no_evidence,True,False,True,False,Certified when bearing the OU logo,cRc certifies this ONLY when the bottle bears the OU logo.,https://consumer.crckosher.org/liquor/full-liquor-list/,"cRc full liquor list, table row 2043 (category column = Vodka)",2026-08-11,verified_against_current_official_source
CRC-row2044,cRc,Vodka,Van Gogh,Espresso,Certified,OU,True,true,no_evidence,True,False,True,False,Certified when bearing the OU logo,cRc certifies this ONLY when the bottle bears the OU logo.,https://consumer.crckosher.org/liquor/full-liquor-list/,"cRc full liquor list, table row 2044 (category column = Vodka)",2026-08-11,verified_against_current_official_source
CRC-row2045,cRc,Vodka,Van Gogh,Raspberry,Certified,OU,True,true,no_evidence,True,False,True,False,Certified when bearing the OU logo,cRc certifies this ONLY when the bottle bears the OU logo.,https://consumer.crckosher.org/liquor/full-liquor-list/,"cRc full liquor list, table row 2045 (category column = Vodka)",2026-08-11,verified_against_current_official_source
CRC-row2046,cRc,Vodka,Van Gogh,Rich Dark Chocolate,Certified,OU,True,true,no_evidence,True,False,True,False,Certified when bearing the OU logo,cRc certifies this ONLY when the bottle bears the OU logo.,https://consumer.crckosher.org/liquor/full-liquor-list/,"cRc full liquor list, table row 2046 (category column = Vodka)",2026-08-11,verified_against_current_official_source
CRC-row2047,cRc,Vodka,Dripping Springs,Lemon Vodka,Certified,HKA,True,false,no_evidence,False,True,False,False,,cRc lists this as Certified under HKA. Per cRc's legend a symbol is not required on the bottle; this does NOT prove the bottle is printed with one.,https://consumer.crckosher.org/liquor/full-liquor-list/,"cRc full liquor list, table row 2047 (category column = Vodka)",2026-08-11,verified_against_current_official_source
CRC-row2048,cRc,Vodka,Tito's,Handmade Vodka,Certified,OU,True,true,no_evidence,True,False,True,False,Certified when bearing the OU logo,cRc certifies this ONLY when the bottle bears the OU logo.,https://consumer.crckosher.org/liquor/full-liquor-list/,"cRc full liquor list, table row 2048 (category column = Vodka)",2026-08-11,verified_against_current_official_source
CRC-row2049,cRc,Vodka,Koval,Assorted Varieties,Certified,OU,True,true,no_evidence,True,False,True,False,Certified when bearing the OU logo,cRc certifies this ONLY when the bottle bears the OU logo.,https://consumer.crckosher.org/liquor/full-liquor-list/,"cRc full liquor list, table row 2049 (category column = Vodka)",2026-08-11,verified_against_current_official_source
CRC-row2050,cRc,Vodka,Three Rangers,Organic Vodka,Certified,OU,True,true,no_evidence,True,False,True,False,Certified when bearing the OU logo,cRc certifies this ONLY when the bottle bears the OU logo.,https://consumer.crckosher.org/liquor/full-liquor-list/,"cRc full liquor list, table row 2050 (category column = Vodka)",2026-08-11,verified_against_current_official_source
CRC-row2051,cRc,Vodka,Grey Goose,VX,Not Recommended,,False,,no_evidence,False,False,False,True,,"cRc lists this as ""Not Recommended"". Do not use it.",https://consumer.crckosher.org/liquor/full-liquor-list/,"cRc full liquor list, table row 2051 (category column = Vodka)",2026-08-11,verified_against_current_official_source
CRC-row2052,cRc,Vodka,Dripping Springs,Vodka,Certified,HKA,True,false,no_evidence,False,True,False,False,,cRc lists this as Certified under HKA. Per cRc's legend a symbol is not required on the bottle; this does NOT prove the bottle is printed with one.,https://consumer.crckosher.org/liquor/full-liquor-list/,"cRc full liquor list, table row 2052 (category column = Vodka)",2026-08-11,verified_against_current_official_source
CRC-row2053,cRc,Vodka,Dripping Springs,Orange Vodka,Certified,HKA,True,false,no_evidence,False,True,False,False,,cRc lists this as Certified under HKA. Per cRc's legend a symbol is not required on the bottle; this does NOT prove the bottle is printed with one.,https://consumer.crckosher.org/liquor/full-liquor-list/,"cRc full liquor list, table row 2053 (category column = Vodka)",2026-08-11,verified_against_current_official_source
CRC-row2054,cRc,Vodka,Dripping Springs,1876 Vodka,Certified,HKA,True,false,no_evidence,False,True,False,False,,cRc lists this as Certified under HKA. Per cRc's legend a symbol is not required on the bottle; this does NOT prove the bottle is printed with one.,https://consumer.crckosher.org/liquor/full-liquor-list/,"cRc full liquor list, table row 2054 (category column = Vodka)",2026-08-11,verified_against_current_official_source
CRC-row2055,cRc,Vodka,Hangar 1,Vodka,Not Recommended,,False,,no_evidence,False,False,False,True,,"cRc lists this as ""Not Recommended"". Do not use it.",https://consumer.crckosher.org/liquor/full-liquor-list/,"cRc full liquor list, table row 2055 (category column = Vodka)",2026-08-11,verified_against_current_official_source
CRC-row2056,cRc,Vodka,Stoli,Stoli Orange,Certified,OU,True,true,no_evidence,True,False,True,False,Certified when bearing the OU logo,cRc certifies this ONLY when the bottle bears the OU logo.,https://consumer.crckosher.org/liquor/full-liquor-list/,"cRc full liquor list, table row 2056 (category column = Vodka)",2026-08-11,verified_against_current_official_source
CRC-row2057,cRc,Vodka,Stoli,Stoli Raspberry,Certified,OU,True,true,no_evidence,True,False,True,False,Certified when bearing the OU logo,cRc certifies this ONLY when the bottle bears the OU logo.,https://consumer.crckosher.org/liquor/full-liquor-list/,"cRc full liquor list, table row 2057 (category column = Vodka)",2026-08-11,verified_against_current_official_source
CRC-row2058,cRc,Vodka,Stoli,Stoli Vanil,Certified,OU,True,true,no_evidence,True,False,True,False,Certified when bearing the OU logo,cRc certifies this ONLY when the bottle bears the OU logo.,https://consumer.crckosher.org/liquor/full-liquor-list/,"cRc full liquor list, table row 2058 (category column = Vodka)",2026-08-11,verified_against_current_official_source
CRC-row2059,cRc,Vodka,Stoli,Stoli Citrus,Certified,OU,True,true,no_evidence,True,False,True,False,Certified when bearing the OU logo,cRc certifies this ONLY when the bottle bears the OU logo.,https://consumer.crckosher.org/liquor/full-liquor-list/,"cRc full liquor list, table row 2059 (category column = Vodka)",2026-08-11,verified_against_current_official_source
CRC-row2060,cRc,Vodka,Stoli,Stoli Salted Caramel,Certified,OU,True,true,no_evidence,True,False,True,False,Certified when bearing the OU logo,cRc certifies this ONLY when the bottle bears the OU logo.,https://consumer.crckosher.org/liquor/full-liquor-list/,"cRc full liquor list, table row 2060 (category column = Vodka)",2026-08-11,verified_against_current_official_source
CRC-row2061,cRc,Vodka,Stoli,Stoli Strasberi,Certified,OU,True,true,no_evidence,True,False,True,False,Certified when bearing the OU logo,cRc certifies this ONLY when the bottle bears the OU logo.,https://consumer.crckosher.org/liquor/full-liquor-list/,"cRc full liquor list, table row 2061 (category column = Vodka)",2026-08-11,verified_against_current_official_source
CRC-row2062,cRc,Vodka,Aviv,613 Vodka,Certified,OU,True,true,no_evidence,True,False,True,False,Certified when bearing the OU logo,cRc certifies this ONLY when the bottle bears the OU logo.,https://consumer.crckosher.org/liquor/full-liquor-list/,"cRc full liquor list, table row 2062 (category column = Vodka)",2026-08-11,verified_against_current_official_source
CRC-row2063,cRc,Vodka,DiVine,Vodka,Not Recommended,,False,,no_evidence,False,False,False,True,,"cRc lists this as ""Not Recommended"". Do not use it.",https://consumer.crckosher.org/liquor/full-liquor-list/,"cRc full liquor list, table row 2063 (category column = Vodka)",2026-08-11,verified_against_current_official_source
CRC-row2064,cRc,Vodka,Napa Valley,Vodka,Not Recommended,,False,,no_evidence,False,False,False,True,,"cRc lists this as ""Not Recommended"". Do not use it.",https://consumer.crckosher.org/liquor/full-liquor-list/,"cRc full liquor list, table row 2064 (category column = Vodka)",2026-08-11,verified_against_current_official_source
CRC-row2065,cRc,Vodka,Roth,California Vodka,Not Recommended,,False,,no_evidence,False,False,False,True,,"cRc lists this as ""Not Recommended"". Do not use it.",https://consumer.crckosher.org/liquor/full-liquor-list/,"cRc full liquor list, table row 2065 (category column = Vodka)",2026-08-11,verified_against_current_official_source
CRC-row2066,cRc,Vodka,Primo,Vodka,Not Recommended,,False,,no_evidence,False,False,False,True,,"cRc lists this as ""Not Recommended"". Do not use it.",https://consumer.crckosher.org/liquor/full-liquor-list/,"cRc full liquor list, table row 2066 (category column = Vodka)",2026-08-11,verified_against_current_official_source
CRC-row2067,cRc,Vodka,Idol,Vodka,Not Recommended,,False,,no_evidence,False,False,False,True,,"cRc lists this as ""Not Recommended"". Do not use it.",https://consumer.crckosher.org/liquor/full-liquor-list/,"cRc full liquor list, table row 2067 (category column = Vodka)",2026-08-11,verified_against_current_official_source
CRC-row2068,cRc,Vodka,Ciroc,Vodka,Not Recommended,,False,,no_evidence,False,False,False,True,,"cRc lists this as ""Not Recommended"". Do not use it.",https://consumer.crckosher.org/liquor/full-liquor-list/,"cRc full liquor list, table row 2068 (category column = Vodka)",2026-08-11,verified_against_current_official_source
CRC-row2069,cRc,Vodka,Cooranbong,Vodka,Not Recommended,,False,,no_evidence,False,False,False,True,,"cRc lists this as ""Not Recommended"". Do not use it.",https://consumer.crckosher.org/liquor/full-liquor-list/,"cRc full liquor list, table row 2069 (category column = Vodka)",2026-08-11,verified_against_current_official_source
CRC-row2070,cRc,Vodka,Absolut,Apple,Certified,OU,True,true,no_evidence,True,False,True,False,Certified when bearing the OU logo,cRc certifies this ONLY when the bottle bears the OU logo.,https://consumer.crckosher.org/liquor/full-liquor-list/,"cRc full liquor list, table row 2070 (category column = Vodka)",2026-08-11,verified_against_current_official_source
CRC-row2071,cRc,Vodka,Three Rangers,Organic Whiskey,Certified,OU,True,true,no_evidence,True,False,True,False,Certified when bearing the OU logo,cRc certifies this ONLY when the bottle bears the OU logo.,https://consumer.crckosher.org/liquor/full-liquor-list/,"cRc full liquor list, table row 2071 (category column = Vodka)",2026-08-11,verified_against_current_official_source
CRC-row2072,cRc,Vodka,Crater Lake,Hazelnut Espresso Vodka,Certified,Oregon K,True,true,no_evidence,True,False,True,False,Certified when bearing the Oregon K logo,cRc certifies this ONLY when the bottle bears the Oregon K logo.,https://consumer.crckosher.org/liquor/full-liquor-list/,"cRc full liquor list, table row 2072 (category column = Vodka)",2026-08-11,verified_against_current_official_source
CRC-row2073,cRc,Vodka,Crater Lake,Northwest Berry Vodka,Certified,Oregon K,True,true,no_evidence,True,False,True,False,Certified when bearing the Oregon K logo,cRc certifies this ONLY when the bottle bears the Oregon K logo.,https://consumer.crckosher.org/liquor/full-liquor-list/,"cRc full liquor list, table row 2073 (category column = Vodka)",2026-08-11,verified_against_current_official_source
CRC-row2074,cRc,Vodka,Crater Lake,Pepper Vodka,Certified,Oregon K,True,true,no_evidence,True,False,True,False,Certified when bearing the Oregon K logo,cRc certifies this ONLY when the bottle bears the Oregon K logo.,https://consumer.crckosher.org/liquor/full-liquor-list/,"cRc full liquor list, table row 2074 (category column = Vodka)",2026-08-11,verified_against_current_official_source
CRC-row2075,cRc,Vodka,Crater Lake,Reserve Vodka,Certified,Oregon K,True,true,no_evidence,True,False,True,False,Certified when bearing the Oregon K logo,cRc certifies this ONLY when the bottle bears the Oregon K logo.,https://consumer.crckosher.org/liquor/full-liquor-list/,"cRc full liquor list, table row 2075 (category column = Vodka)",2026-08-11,verified_against_current_official_source
CRC-row2076,cRc,Vodka,Crater Lake,Sweet Ginger Vodka,Certified,Oregon K,True,true,no_evidence,True,False,True,False,Certified when bearing the Oregon K logo,cRc certifies this ONLY when the bottle bears the Oregon K logo.,https://consumer.crckosher.org/liquor/full-liquor-list/,"cRc full liquor list, table row 2076 (category column = Vodka)",2026-08-11,verified_against_current_official_source
CRC-row2077,cRc,Vodka,Crater Lake,Vodka,Certified,Oregon K,True,true,no_evidence,True,False,True,False,Certified when bearing the Oregon K logo,cRc certifies this ONLY when the bottle bears the Oregon K logo.,https://consumer.crckosher.org/liquor/full-liquor-list/,"cRc full liquor list, table row 2077 (category column = Vodka)",2026-08-11,verified_against_current_official_source
CRC-row2078,cRc,Vodka,Zachlawi,Russian Style Vodka,Certified,OU,True,true,no_evidence,True,False,True,False,Certified when bearing the OU logo,cRc certifies this ONLY when the bottle bears the OU logo.,https://consumer.crckosher.org/liquor/full-liquor-list/,"cRc full liquor list, table row 2078 (category column = Vodka)",2026-08-11,verified_against_current_official_source
CRC-row2079,cRc,Vodka,Zachlawi,Sweet Potato Vodka with Natural Flavor Added,Certified,OU,True,true,no_evidence,True,False,True,False,Certified when bearing the OU logo,cRc certifies this ONLY when the bottle bears the OU logo.,https://consumer.crckosher.org/liquor/full-liquor-list/,"cRc full liquor list, table row 2079 (category column = Vodka)",2026-08-11,verified_against_current_official_source
CRC-row2080,cRc,Vodka,Peacock,Vodka,Certified,OU-P,True,true,no_evidence,True,False,True,False,Certified when bearing the OU-P logo | Kosher for Passover,cRc certifies this ONLY when the bottle bears the OU-P logo. Note from cRc: Kosher for Passover,https://consumer.crckosher.org/liquor/full-liquor-list/,"cRc full liquor list, table row 2080 (category column = Vodka)",2026-08-11,verified_against_current_official_source
CRC-row2081,cRc,Vodka,Metropolitan Martini Company,Vodka Martini,Certified,OU-P,True,true,no_evidence,True,False,True,False,Certified when bearing the OU-P logo | Kosher for Passover,cRc certifies this ONLY when the bottle bears the OU-P logo. Note from cRc: Kosher for Passover,https://consumer.crckosher.org/liquor/full-liquor-list/,"cRc full liquor list, table row 2081 (category column = Vodka)",2026-08-11,verified_against_current_official_source
CRC-row2082,cRc,Vodka,Absolut,Wild Berri,Certified,OU,True,true,no_evidence,True,False,True,False,Certified when bearing the OU logo,cRc certifies this ONLY when the bottle bears the OU logo.,https://consumer.crckosher.org/liquor/full-liquor-list/,"cRc full liquor list, table row 2082 (category column = Vodka)",2026-08-11,verified_against_current_official_source
CRC-row2083,cRc,Vodka,Barton Naturals,Vodka,Certified,cRc,True,true,no_evidence,True,False,True,False,Certified when bearing the cRc logo,cRc certifies this ONLY when the bottle bears the cRc logo.,https://consumer.crckosher.org/liquor/full-liquor-list/,"cRc full liquor list, table row 2083 (category column = Vodka)",2026-08-11,verified_against_current_official_source
CRC-row2084,cRc,Vodka,Rain,All Varieties,Not Recommended,,False,,no_evidence,False,False,False,True,,"cRc lists this as ""Not Recommended"". Do not use it.",https://consumer.crckosher.org/liquor/full-liquor-list/,"cRc full liquor list, table row 2084 (category column = Vodka)",2026-08-11,verified_against_current_official_source
CRC-row2085,cRc,Vodka,Dead Drop,Vodka,Certified,OU,True,true,no_evidence,True,False,True,False,Certified when bearing the OU logo,cRc certifies this ONLY when the bottle bears the OU logo.,https://consumer.crckosher.org/liquor/full-liquor-list/,"cRc full liquor list, table row 2085 (category column = Vodka)",2026-08-11,verified_against_current_official_source
CRC-row2086,cRc,Vodka,Beluga,Noble Vodka,Certified,OK,True,true,no_evidence,True,False,True,False,Certified when bearing the OK logo,cRc certifies this ONLY when the bottle bears the OK logo.,https://consumer.crckosher.org/liquor/full-liquor-list/,"cRc full liquor list, table row 2086 (category column = Vodka)",2026-08-11,verified_against_current_official_source
CRC-row2087,cRc,Vodka,Beluga,Allure Vodka,Certified,OK,True,true,no_evidence,True,False,True,False,Certified when bearing the OK logo,cRc certifies this ONLY when the bottle bears the OK logo.,https://consumer.crckosher.org/liquor/full-liquor-list/,"cRc full liquor list, table row 2087 (category column = Vodka)",2026-08-11,verified_against_current_official_source
CRC-row2088,cRc,Vodka,Beluga,Transatlantic Racing Vodka,Certified,OK,True,true,no_evidence,True,False,True,False,Certified when bearing the OK logo,cRc certifies this ONLY when the bottle bears the OK logo.,https://consumer.crckosher.org/liquor/full-liquor-list/,"cRc full liquor list, table row 2088 (category column = Vodka)",2026-08-11,verified_against_current_official_source
CRC-row2089,cRc,Vodka,Mermaid,Salt Vodka,Certified,KLBD,True,true,no_evidence,True,False,True,False,Certified when bearing the KLBD logo,cRc certifies this ONLY when the bottle bears the KLBD logo.,https://consumer.crckosher.org/liquor/full-liquor-list/,"cRc full liquor list, table row 2089 (category column = Vodka)",2026-08-11,verified_against_current_official_source
CRC-row2090,cRc,Vodka,Beluga,Epicure,Certified,OK,True,true,no_evidence,True,False,True,False,Certified when bearing the OK logo,cRc certifies this ONLY when the bottle bears the OK logo.,https://consumer.crckosher.org/liquor/full-liquor-list/,"cRc full liquor list, table row 2090 (category column = Vodka)",2026-08-11,verified_against_current_official_source
CRC-row2091,cRc,Vodka,Nemiroff,Ukranian Honey Pepper,Certified,OU,True,true,no_evidence,True,False,True,False,Certified when bearing the OU logo,cRc certifies this ONLY when the bottle bears the OU logo.,https://consumer.crckosher.org/liquor/full-liquor-list/,"cRc full liquor list, table row 2091 (category column = Vodka)",2026-08-11,verified_against_current_official_source
CRC-row2092,cRc,Vodka,Nemiroff,Honey Pepper,Certified,OU,True,true,no_evidence,True,False,True,False,Certified when bearing the OU logo,cRc certifies this ONLY when the bottle bears the OU logo.,https://consumer.crckosher.org/liquor/full-liquor-list/,"cRc full liquor list, table row 2092 (category column = Vodka)",2026-08-11,verified_against_current_official_source
CRC-row2093,cRc,Vodka,Nemiroff,Delikat,Certified,OU,True,true,no_evidence,True,False,True,False,Certified when bearing the OU logo,cRc certifies this ONLY when the bottle bears the OU logo.,https://consumer.crckosher.org/liquor/full-liquor-list/,"cRc full liquor list, table row 2093 (category column = Vodka)",2026-08-11,verified_against_current_official_source
CRC-row2094,cRc,Vodka,Nemiroff,Ukranian Wheat Selected,Certified,OU,True,true,no_evidence,True,False,True,False,Certified when bearing the OU logo,cRc certifies this ONLY when the bottle bears the OU logo.,https://consumer.crckosher.org/liquor/full-liquor-list/,"cRc full liquor list, table row 2094 (category column = Vodka)",2026-08-11,verified_against_current_official_source
CRC-row2095,cRc,Vodka,Nemiroff,Citron,Certified,OU,True,true,no_evidence,True,False,True,False,Certified when bearing the OU logo,cRc certifies this ONLY when the bottle bears the OU logo.,https://consumer.crckosher.org/liquor/full-liquor-list/,"cRc full liquor list, table row 2095 (category column = Vodka)",2026-08-11,verified_against_current_official_source
CRC-row2096,cRc,Vodka,Nemiroff,Lex,Certified,OU,True,true,no_evidence,True,False,True,False,Certified when bearing the OU logo,cRc certifies this ONLY when the bottle bears the OU logo.,https://consumer.crckosher.org/liquor/full-liquor-list/,"cRc full liquor list, table row 2096 (category column = Vodka)",2026-08-11,verified_against_current_official_source
CRC-row2097,cRc,Vodka,Nemiroff,De Luxe Honey Pepper,Certified,OU,True,true,no_evidence,True,False,True,False,Certified when bearing the OU logo,cRc certifies this ONLY when the bottle bears the OU logo.,https://consumer.crckosher.org/liquor/full-liquor-list/,"cRc full liquor list, table row 2097 (category column = Vodka)",2026-08-11,verified_against_current_official_source
CRC-row2098,cRc,Vodka,Smirnoff,Blue Label No. 57,Certified,KSA,True,true,no_evidence,True,False,True,False,Certified when bearing the KSA logo,cRc certifies this ONLY when the bottle bears the KSA logo.,https://consumer.crckosher.org/liquor/full-liquor-list/,"cRc full liquor list, table row 2098 (category column = Vodka)",2026-08-11,verified_against_current_official_source
CRC-row2099,cRc,Vodka,Smirnoff,Pink Lemonade Distilled Spirit Specialty,Certified,KSA,True,true,no_evidence,True,False,True,False,Certified when bearing the KSA logo,cRc certifies this ONLY when the bottle bears the KSA logo.,https://consumer.crckosher.org/liquor/full-liquor-list/,"cRc full liquor list, table row 2099 (category column = Vodka)",2026-08-11,verified_against_current_official_source
CRC-row2100,cRc,Vodka,Smirnoff,Red Label No. 21,Certified,KSA,True,true,no_evidence,True,False,True,False,Certified when bearing the KSA logo,cRc certifies this ONLY when the bottle bears the KSA logo.,https://consumer.crckosher.org/liquor/full-liquor-list/,"cRc full liquor list, table row 2100 (category column = Vodka)",2026-08-11,verified_against_current_official_source
CRC-row2101,cRc,Vodka,Smirnoff,Red Label No. 57,Certified,KSA,True,true,no_evidence,True,False,True,False,Certified when bearing the KSA logo,cRc certifies this ONLY when the bottle bears the KSA logo.,https://consumer.crckosher.org/liquor/full-liquor-list/,"cRc full liquor list, table row 2101 (category column = Vodka)",2026-08-11,verified_against_current_official_source
CRC-row2102,cRc,Vodka,Smirnoff,Root Beer Float (DAIRY),Certified,KSA-D,True,true,no_evidence,True,False,True,False,Certified when bearing the KSA-D logo | DAIRY,cRc certifies this ONLY when the bottle bears the KSA-D logo. Note from cRc: DAIRY,https://consumer.crckosher.org/liquor/full-liquor-list/,"cRc full liquor list, table row 2102 (category column = Vodka)",2026-08-11,verified_against_current_official_source
CRC-row2103,cRc,Vodka,Smirnoff,Silver Label No. 27,Certified,KSA,True,true,no_evidence,True,False,True,False,Certified when bearing the KSA logo,cRc certifies this ONLY when the bottle bears the KSA logo.,https://consumer.crckosher.org/liquor/full-liquor-list/,"cRc full liquor list, table row 2103 (category column = Vodka)",2026-08-11,verified_against_current_official_source
CRC-row2104,cRc,Vodka,Smirnoff Ice,Green Apple,Certified,KSA,True,true,no_evidence,True,False,True,False,Certified when bearing the KSA logo,cRc certifies this ONLY when the bottle bears the KSA logo.,https://consumer.crckosher.org/liquor/full-liquor-list/,"cRc full liquor list, table row 2104 (category column = Vodka)",2026-08-11,verified_against_current_official_source
CRC-row2105,cRc,Vodka,Smirnoff,Spicy Tamarind,Certified,KSA,True,true,no_evidence,True,False,True,False,Certified when bearing the KSA logo,cRc certifies this ONLY when the bottle bears the KSA logo.,https://consumer.crckosher.org/liquor/full-liquor-list/,"cRc full liquor list, table row 2105 (category column = Vodka)",2026-08-11,verified_against_current_official_source
CRC-row2106,cRc,Vodka,Smirnoff Ice,Mango,Certified,KSA,True,true,no_evidence,True,False,True,False,Certified when bearing the KSA logo,cRc certifies this ONLY when the bottle bears the KSA logo.,https://consumer.crckosher.org/liquor/full-liquor-list/,"cRc full liquor list, table row 2106 (category column = Vodka)",2026-08-11,verified_against_current_official_source
CRC-row2107,cRc,Vodka,Smirnoff Ice,Pineapple,Certified,KSA,True,true,no_evidence,True,False,True,False,Certified when bearing the KSA logo,cRc certifies this ONLY when the bottle bears the KSA logo.,https://consumer.crckosher.org/liquor/full-liquor-list/,"cRc full liquor list, table row 2107 (category column = Vodka)",2026-08-11,verified_against_current_official_source
CRC-row2108,cRc,Vodka,Smirnoff Ice,Grape,Certified,KSA,True,true,no_evidence,True,False,True,False,Certified when bearing the KSA logo,cRc certifies this ONLY when the bottle bears the KSA logo.,https://consumer.crckosher.org/liquor/full-liquor-list/,"cRc full liquor list, table row 2108 (category column = Vodka)",2026-08-11,verified_against_current_official_source
CRC-row2109,cRc,Vodka,Smirnoff Ice,Lime Margarita,Certified,KSA,True,true,no_evidence,True,False,True,False,Certified when bearing the KSA logo,cRc certifies this ONLY when the bottle bears the KSA logo.,https://consumer.crckosher.org/liquor/full-liquor-list/,"cRc full liquor list, table row 2109 (category column = Vodka)",2026-08-11,verified_against_current_official_source
CRC-row2110,cRc,Vodka,Smirnoff,Pink Lemonade,Certified,KSA,True,true,no_evidence,True,False,True,False,Certified when bearing the KSA logo,cRc certifies this ONLY when the bottle bears the KSA logo.,https://consumer.crckosher.org/liquor/full-liquor-list/,"cRc full liquor list, table row 2110 (category column = Vodka)",2026-08-11,verified_against_current_official_source
CRC-row2111,cRc,Vodka,Smirnoff Ice,Raspberry,Certified,KSA,True,true,no_evidence,True,False,True,False,Certified when bearing the KSA logo,cRc certifies this ONLY when the bottle bears the KSA logo.,https://consumer.crckosher.org/liquor/full-liquor-list/,"cRc full liquor list, table row 2111 (category column = Vodka)",2026-08-11,verified_against_current_official_source
CRC-row2112,cRc,Vodka,Smirnoff Ice,Screwdriver,Certified,KSA,True,true,no_evidence,True,False,True,False,Certified when bearing the KSA logo,cRc certifies this ONLY when the bottle bears the KSA logo.,https://consumer.crckosher.org/liquor/full-liquor-list/,"cRc full liquor list, table row 2112 (category column = Vodka)",2026-08-11,verified_against_current_official_source
CRC-row2113,cRc,Vodka,Smirnoff Ice,Smash Cherry Lime,Certified,KSA,True,true,no_evidence,True,False,True,False,Certified when bearing the KSA logo,cRc certifies this ONLY when the bottle bears the KSA logo.,https://consumer.crckosher.org/liquor/full-liquor-list/,"cRc full liquor list, table row 2113 (category column = Vodka)",2026-08-11,verified_against_current_official_source
CRC-row2114,cRc,Vodka,Smirnoff Ice,Smash Peach Mango,Certified,KSA,True,true,no_evidence,True,False,True,False,Certified when bearing the KSA logo,cRc certifies this ONLY when the bottle bears the KSA logo.,https://consumer.crckosher.org/liquor/full-liquor-list/,"cRc full liquor list, table row 2114 (category column = Vodka)",2026-08-11,verified_against_current_official_source
CRC-row2115,cRc,Vodka,Smirnoff Ice,"Smash Red, White & Berry",Certified,KSA,True,true,no_evidence,True,False,True,False,Certified when bearing the KSA logo,cRc certifies this ONLY when the bottle bears the KSA logo.,https://consumer.crckosher.org/liquor/full-liquor-list/,"cRc full liquor list, table row 2115 (category column = Vodka)",2026-08-11,verified_against_current_official_source
CRC-row2116,cRc,Vodka,Smirnoff Ice,Smash Strawberry Lemon,Certified,KSA,True,true,no_evidence,True,False,True,False,Certified when bearing the KSA logo,cRc certifies this ONLY when the bottle bears the KSA logo.,https://consumer.crckosher.org/liquor/full-liquor-list/,"cRc full liquor list, table row 2116 (category column = Vodka)",2026-08-11,verified_against_current_official_source
CRC-row2117,cRc,Vodka,Smirnoff Ice,Spicy Tamarind,Certified,KSA,True,true,no_evidence,True,False,True,False,Certified when bearing the KSA logo,cRc certifies this ONLY when the bottle bears the KSA logo.,https://consumer.crckosher.org/liquor/full-liquor-list/,"cRc full liquor list, table row 2117 (category column = Vodka)",2026-08-11,verified_against_current_official_source
CRC-row2118,cRc,Vodka,Smirnoff Ice,Strawberry,Certified,KSA,True,true,no_evidence,True,False,True,False,Certified when bearing the KSA logo,cRc certifies this ONLY when the bottle bears the KSA logo.,https://consumer.crckosher.org/liquor/full-liquor-list/,"cRc full liquor list, table row 2118 (category column = Vodka)",2026-08-11,verified_against_current_official_source
CRC-row2119,cRc,Vodka,Smirnoff Ice,Watermelon Mimosa,Certified,KSA,True,true,no_evidence,True,False,True,False,Certified when bearing the KSA logo,cRc certifies this ONLY when the bottle bears the KSA logo.,https://consumer.crckosher.org/liquor/full-liquor-list/,"cRc full liquor list, table row 2119 (category column = Vodka)",2026-08-11,verified_against_current_official_source
CRC-row2120,cRc,Vodka,Smirnoff Ice Zero Sugar,Black Cherry,Certified,KSA,True,true,no_evidence,True,False,True,False,Certified when bearing the KSA logo,cRc certifies this ONLY when the bottle bears the KSA logo.,https://consumer.crckosher.org/liquor/full-liquor-list/,"cRc full liquor list, table row 2120 (category column = Vodka)",2026-08-11,verified_against_current_official_source
CRC-row2121,cRc,Vodka,Smirnoff Ice Zero Sugar,Raspberry,Certified,KSA,True,true,no_evidence,True,False,True,False,Certified when bearing the KSA logo,cRc certifies this ONLY when the bottle bears the KSA logo.,https://consumer.crckosher.org/liquor/full-liquor-list/,"cRc full liquor list, table row 2121 (category column = Vodka)",2026-08-11,verified_against_current_official_source
CRC-row2122,cRc,Vodka,Smirnoff Sorbet,Light Lemon Sorbet,Certified,KSA,True,true,no_evidence,True,False,True,False,Certified when bearing the KSA logo,cRc certifies this ONLY when the bottle bears the KSA logo.,https://consumer.crckosher.org/liquor/full-liquor-list/,"cRc full liquor list, table row 2122 (category column = Vodka)",2026-08-11,verified_against_current_official_source
CRC-row2123,cRc,Vodka,Smirnoff Sorbet,Light Mango Passionfruit Sorbet,Certified,KSA,True,true,no_evidence,True,False,True,False,Certified when bearing the KSA logo,cRc certifies this ONLY when the bottle bears the KSA logo.,https://consumer.crckosher.org/liquor/full-liquor-list/,"cRc full liquor list, table row 2123 (category column = Vodka)",2026-08-11,verified_against_current_official_source
CRC-row2124,cRc,Vodka,Smirnoff Sorbet,Light Pineapple Coconut Sorbet,Certified,KSA,True,true,no_evidence,True,False,True,False,Certified when bearing the KSA logo,cRc certifies this ONLY when the bottle bears the KSA logo.,https://consumer.crckosher.org/liquor/full-liquor-list/,"cRc full liquor list, table row 2124 (category column = Vodka)",2026-08-11,verified_against_current_official_source
CRC-row2125,cRc,Vodka,Smirnoff Sorbet,Light Raspberry Pomegranate Sorbet,Certified,KSA,True,true,no_evidence,True,False,True,False,Certified when bearing the KSA logo,cRc certifies this ONLY when the bottle bears the KSA logo.,https://consumer.crckosher.org/liquor/full-liquor-list/,"cRc full liquor list, table row 2125 (category column = Vodka)",2026-08-11,verified_against_current_official_source
CRC-row2126,cRc,Vodka,Smirnoff Sorbet,Summer Strawberry,Certified,KSA,True,true,no_evidence,True,False,True,False,Certified when bearing the KSA logo,cRc certifies this ONLY when the bottle bears the KSA logo.,https://consumer.crckosher.org/liquor/full-liquor-list/,"cRc full liquor list, table row 2126 (category column = Vodka)",2026-08-11,verified_against_current_official_source
CRC-row2127,cRc,Vodka,Smirnoff Sorbet,White Peach,Certified,KSA,True,true,no_evidence,True,False,True,False,Certified when bearing the KSA logo,cRc certifies this ONLY when the bottle bears the KSA logo.,https://consumer.crckosher.org/liquor/full-liquor-list/,"cRc full liquor list, table row 2127 (category column = Vodka)",2026-08-11,verified_against_current_official_source
CRC-row2128,cRc,Vodka,Smirnoff Soured Vodka,Cranberry Apple,Certified,KSA,True,true,no_evidence,True,False,True,False,Certified when bearing the KSA logo,cRc certifies this ONLY when the bottle bears the KSA logo.,https://consumer.crckosher.org/liquor/full-liquor-list/,"cRc full liquor list, table row 2128 (category column = Vodka)",2026-08-11,verified_against_current_official_source
CRC-row2129,cRc,Vodka,Smirnoff Soured Vodka,Grapefruit,Certified,KSA,True,true,no_evidence,True,False,True,False,Certified when bearing the KSA logo,cRc certifies this ONLY when the bottle bears the KSA logo.,https://consumer.crckosher.org/liquor/full-liquor-list/,"cRc full liquor list, table row 2129 (category column = Vodka)",2026-08-11,verified_against_current_official_source
CRC-row2130,cRc,Vodka,Smirnoff Soured Vodka,Orange,Certified,KSA,True,true,no_evidence,True,False,True,False,Certified when bearing the KSA logo,cRc certifies this ONLY when the bottle bears the KSA logo.,https://consumer.crckosher.org/liquor/full-liquor-list/,"cRc full liquor list, table row 2130 (category column = Vodka)",2026-08-11,verified_against_current_official_source
CRC-row2131,cRc,Vodka,Smirnoff Soured Vodka,Pineapple,Certified,KSA,True,true,no_evidence,True,False,True,False,Certified when bearing the KSA logo,cRc certifies this ONLY when the bottle bears the KSA logo.,https://consumer.crckosher.org/liquor/full-liquor-list/,"cRc full liquor list, table row 2131 (category column = Vodka)",2026-08-11,verified_against_current_official_source
CRC-row2132,cRc,Vodka,Smirnoff Soured Vodka,Red Ruby Grapefruit,Certified,KSA,True,true,no_evidence,True,False,True,False,Certified when bearing the KSA logo,cRc certifies this ONLY when the bottle bears the KSA logo.,https://consumer.crckosher.org/liquor/full-liquor-list/,"cRc full liquor list, table row 2132 (category column = Vodka)",2026-08-11,verified_against_current_official_source
CRC-row2133,cRc,Vodka,Smirnoff Sours,Fruit Punch Sour,Certified,KSA,True,true,no_evidence,True,False,True,False,Certified when bearing the KSA logo,cRc certifies this ONLY when the bottle bears the KSA logo.,https://consumer.crckosher.org/liquor/full-liquor-list/,"cRc full liquor list, table row 2133 (category column = Vodka)",2026-08-11,verified_against_current_official_source
CRC-row2134,cRc,Vodka,Smirnoff Sours,Green Apple Sour,Certified,KSA,True,true,no_evidence,True,False,True,False,Certified when bearing the KSA logo,cRc certifies this ONLY when the bottle bears the KSA logo.,https://consumer.crckosher.org/liquor/full-liquor-list/,"cRc full liquor list, table row 2134 (category column = Vodka)",2026-08-11,verified_against_current_official_source
CRC-row2135,cRc,Vodka,Smirnoff Sours,Watermelon,Certified,KSA,True,true,no_evidence,True,False,True,False,Certified when bearing the KSA logo,cRc certifies this ONLY when the bottle bears the KSA logo.,https://consumer.crckosher.org/liquor/full-liquor-list/,"cRc full liquor list, table row 2135 (category column = Vodka)",2026-08-11,verified_against_current_official_source
CRC-row2136,cRc,Vodka,Smirnoff,Amaretto,Certified,KSA,True,true,no_evidence,True,False,True,False,Certified when bearing the KSA logo,cRc certifies this ONLY when the bottle bears the KSA logo.,https://consumer.crckosher.org/liquor/full-liquor-list/,"cRc full liquor list, table row 2136 (category column = Vodka)",2026-08-11,verified_against_current_official_source
CRC-row2137,cRc,Vodka,Smirnoff,Blueberry,Certified,KSA,True,true,no_evidence,True,False,True,False,Certified when bearing the KSA logo,cRc certifies this ONLY when the bottle bears the KSA logo.,https://consumer.crckosher.org/liquor/full-liquor-list/,"cRc full liquor list, table row 2137 (category column = Vodka)",2026-08-11,verified_against_current_official_source
CRC-row2138,cRc,Vodka,Smirnoff,Cherry,Certified,KSA,True,true,no_evidence,True,False,True,False,Certified when bearing the KSA logo,cRc certifies this ONLY when the bottle bears the KSA logo.,https://consumer.crckosher.org/liquor/full-liquor-list/,"cRc full liquor list, table row 2138 (category column = Vodka)",2026-08-11,verified_against_current_official_source
CRC-row2139,cRc,Vodka,Smirnoff,Cinna Sugar,Certified,KSA,True,true,no_evidence,True,False,True,False,Certified when bearing the KSA logo,cRc certifies this ONLY when the bottle bears the KSA logo.,https://consumer.crckosher.org/liquor/full-liquor-list/,"cRc full liquor list, table row 2139 (category column = Vodka)",2026-08-11,verified_against_current_official_source
CRC-row2140,cRc,Vodka,Smirnoff,Citrus,Certified,KSA,True,true,no_evidence,True,False,True,False,Certified when bearing the KSA logo,cRc certifies this ONLY when the bottle bears the KSA logo.,https://consumer.crckosher.org/liquor/full-liquor-list/,"cRc full liquor list, table row 2140 (category column = Vodka)",2026-08-11,verified_against_current_official_source
CRC-row2141,cRc,Vodka,Smirnoff,Coconut,Certified,KSA,True,true,no_evidence,True,False,True,False,Certified when bearing the KSA logo,cRc certifies this ONLY when the bottle bears the KSA logo.,https://consumer.crckosher.org/liquor/full-liquor-list/,"cRc full liquor list, table row 2141 (category column = Vodka)",2026-08-11,verified_against_current_official_source
CRC-row2142,cRc,Vodka,Smirnoff,Cranberry,Certified,KSA,True,true,no_evidence,True,False,True,False,Certified when bearing the KSA logo,cRc certifies this ONLY when the bottle bears the KSA logo.,https://consumer.crckosher.org/liquor/full-liquor-list/,"cRc full liquor list, table row 2142 (category column = Vodka)",2026-08-11,verified_against_current_official_source
CRC-row2143,cRc,Vodka,Smirnoff,Double Black,Certified,KSA,True,true,no_evidence,True,False,True,False,Certified when bearing the KSA logo,cRc certifies this ONLY when the bottle bears the KSA logo.,https://consumer.crckosher.org/liquor/full-liquor-list/,"cRc full liquor list, table row 2143 (category column = Vodka)",2026-08-11,verified_against_current_official_source
CRC-row2144,cRc,Vodka,Smirnoff,Espresso (DAIRY),Certified,KSA-D,True,true,no_evidence,True,False,True,False,Certified when bearing the KSA-D logo | DAIRY,cRc certifies this ONLY when the bottle bears the KSA-D logo. Note from cRc: DAIRY,https://consumer.crckosher.org/liquor/full-liquor-list/,"cRc full liquor list, table row 2144 (category column = Vodka)",2026-08-11,verified_against_current_official_source
CRC-row2145,cRc,Vodka,Smirnoff,Fluffed Marshmallow,Certified,KSA,True,true,no_evidence,True,False,True,False,Certified when bearing the KSA logo,cRc certifies this ONLY when the bottle bears the KSA logo.,https://consumer.crckosher.org/liquor/full-liquor-list/,"cRc full liquor list, table row 2145 (category column = Vodka)",2026-08-11,verified_against_current_official_source
CRC-row2146,cRc,Vodka,Smirnoff,Green Apple,Certified,KSA,True,true,no_evidence,True,False,True,False,Certified when bearing the KSA logo,cRc certifies this ONLY when the bottle bears the KSA logo.,https://consumer.crckosher.org/liquor/full-liquor-list/,"cRc full liquor list, table row 2146 (category column = Vodka)",2026-08-11,verified_against_current_official_source
CRC-row2147,cRc,Vodka,Smirnoff,Iced Cake,Certified,KSA,True,true,no_evidence,True,False,True,False,Certified when bearing the KSA logo,cRc certifies this ONLY when the bottle bears the KSA logo.,https://consumer.crckosher.org/liquor/full-liquor-list/,"cRc full liquor list, table row 2147 (category column = Vodka)",2026-08-11,verified_against_current_official_source
CRC-row2148,cRc,Vodka,Smirnoff,Kissed Caramel,Certified,KSA,True,true,no_evidence,True,False,True,False,Certified when bearing the KSA logo,cRc certifies this ONLY when the bottle bears the KSA logo.,https://consumer.crckosher.org/liquor/full-liquor-list/,"cRc full liquor list, table row 2148 (category column = Vodka)",2026-08-11,verified_against_current_official_source
CRC-row2149,cRc,Vodka,Smirnoff,Lime,Certified,KSA,True,true,no_evidence,True,False,True,False,Certified when bearing the KSA logo,cRc certifies this ONLY when the bottle bears the KSA logo.,https://consumer.crckosher.org/liquor/full-liquor-list/,"cRc full liquor list, table row 2149 (category column = Vodka)",2026-08-11,verified_against_current_official_source
CRC-row2150,cRc,Vodka,Smirnoff,Mango,Certified,KSA,True,true,no_evidence,True,False,True,False,Certified when bearing the KSA logo,cRc certifies this ONLY when the bottle bears the KSA logo.,https://consumer.crckosher.org/liquor/full-liquor-list/,"cRc full liquor list, table row 2150 (category column = Vodka)",2026-08-11,verified_against_current_official_source
CRC-row2151,cRc,Vodka,Smirnoff,Melon,Certified,KSA,True,true,no_evidence,True,False,True,False,Certified when bearing the KSA logo,cRc certifies this ONLY when the bottle bears the KSA logo.,https://consumer.crckosher.org/liquor/full-liquor-list/,"cRc full liquor list, table row 2151 (category column = Vodka)",2026-08-11,verified_against_current_official_source
CRC-row2152,cRc,Vodka,Smirnoff,Orange,Certified,KSA,True,true,no_evidence,True,False,True,False,Certified when bearing the KSA logo,cRc certifies this ONLY when the bottle bears the KSA logo.,https://consumer.crckosher.org/liquor/full-liquor-list/,"cRc full liquor list, table row 2152 (category column = Vodka)",2026-08-11,verified_against_current_official_source
CRC-row2153,cRc,Vodka,Smirnoff,Passionfruit,Certified,KSA,True,true,no_evidence,True,False,True,False,Certified when bearing the KSA logo,cRc certifies this ONLY when the bottle bears the KSA logo.,https://consumer.crckosher.org/liquor/full-liquor-list/,"cRc full liquor list, table row 2153 (category column = Vodka)",2026-08-11,verified_against_current_official_source
CRC-row2154,cRc,Vodka,Smirnoff,Peach,Certified,KSA,True,true,no_evidence,True,False,True,False,Certified when bearing the KSA logo,cRc certifies this ONLY when the bottle bears the KSA logo.,https://consumer.crckosher.org/liquor/full-liquor-list/,"cRc full liquor list, table row 2154 (category column = Vodka)",2026-08-11,verified_against_current_official_source
CRC-row2155,cRc,Vodka,Smirnoff,Pear,Certified,KSA,True,true,no_evidence,True,False,True,False,Certified when bearing the KSA logo,cRc certifies this ONLY when the bottle bears the KSA logo.,https://consumer.crckosher.org/liquor/full-liquor-list/,"cRc full liquor list, table row 2155 (category column = Vodka)",2026-08-11,verified_against_current_official_source
CRC-row2156,cRc,Vodka,Smirnoff,Pomegranate,Certified,KSA,True,true,no_evidence,True,False,True,False,Certified when bearing the KSA logo,cRc certifies this ONLY when the bottle bears the KSA logo.,https://consumer.crckosher.org/liquor/full-liquor-list/,"cRc full liquor list, table row 2156 (category column = Vodka)",2026-08-11,verified_against_current_official_source
CRC-row2157,cRc,Vodka,Smirnoff,Pineapple,Certified,KSA,True,true,no_evidence,True,False,True,False,Certified when bearing the KSA logo,cRc certifies this ONLY when the bottle bears the KSA logo.,https://consumer.crckosher.org/liquor/full-liquor-list/,"cRc full liquor list, table row 2157 (category column = Vodka)",2026-08-11,verified_against_current_official_source
CRC-row2158,cRc,Vodka,Smirnoff,Raspberry,Certified,KSA,True,true,no_evidence,True,False,True,False,Certified when bearing the KSA logo,cRc certifies this ONLY when the bottle bears the KSA logo.,https://consumer.crckosher.org/liquor/full-liquor-list/,"cRc full liquor list, table row 2158 (category column = Vodka)",2026-08-11,verified_against_current_official_source
CRC-row2159,cRc,Vodka,Smirnoff,"Red, White & Berry",Certified,KSA,True,true,no_evidence,True,False,True,False,Certified when bearing the KSA logo,cRc certifies this ONLY when the bottle bears the KSA logo.,https://consumer.crckosher.org/liquor/full-liquor-list/,"cRc full liquor list, table row 2159 (category column = Vodka)",2026-08-11,verified_against_current_official_source
CRC-row2160,cRc,Vodka,Smirnoff,Root Beer (DAIRY),Certified,KSA-D,True,true,no_evidence,True,False,True,False,Certified when bearing the KSA-D logo | DAIRY,cRc certifies this ONLY when the bottle bears the KSA-D logo. Note from cRc: DAIRY,https://consumer.crckosher.org/liquor/full-liquor-list/,"cRc full liquor list, table row 2160 (category column = Vodka)",2026-08-11,verified_against_current_official_source
CRC-row2161,cRc,Vodka,Smirnoff,Berry Blast,Certified,KSA,True,true,no_evidence,True,False,True,False,Certified when bearing the KSA logo,cRc certifies this ONLY when the bottle bears the KSA logo.,https://consumer.crckosher.org/liquor/full-liquor-list/,"cRc full liquor list, table row 2161 (category column = Vodka)",2026-08-11,verified_against_current_official_source
CRC-row2162,cRc,Vodka,Smirnoff,Moscow Mule,Certified,KSA,True,true,no_evidence,True,False,True,False,Certified when bearing the KSA logo,cRc certifies this ONLY when the bottle bears the KSA logo.,https://consumer.crckosher.org/liquor/full-liquor-list/,"cRc full liquor list, table row 2162 (category column = Vodka)",2026-08-11,verified_against_current_official_source
CRC-row2163,cRc,Vodka,Smirnoff,Strawberry,Certified,KSA,True,true,no_evidence,True,False,True,False,Certified when bearing the KSA logo,cRc certifies this ONLY when the bottle bears the KSA logo.,https://consumer.crckosher.org/liquor/full-liquor-list/,"cRc full liquor list, table row 2163 (category column = Vodka)",2026-08-11,verified_against_current_official_source
CRC-row2164,cRc,Vodka,Smirnoff,Synthe,Certified,KSA,True,true,no_evidence,True,False,True,False,Certified when bearing the KSA logo,cRc certifies this ONLY when the bottle bears the KSA logo.,https://consumer.crckosher.org/liquor/full-liquor-list/,"cRc full liquor list, table row 2164 (category column = Vodka)",2026-08-11,verified_against_current_official_source
CRC-row2165,cRc,Vodka,Smirnoff,Vanilla,Certified,KSA,True,true,no_evidence,True,False,True,False,Certified when bearing the KSA logo,cRc certifies this ONLY when the bottle bears the KSA logo.,https://consumer.crckosher.org/liquor/full-liquor-list/,"cRc full liquor list, table row 2165 (category column = Vodka)",2026-08-11,verified_against_current_official_source
CRC-row2166,cRc,Vodka,Smirnoff,Whipped Cream,Certified,KSA,True,true,no_evidence,True,False,True,False,Certified when bearing the KSA logo,cRc certifies this ONLY when the bottle bears the KSA logo.,https://consumer.crckosher.org/liquor/full-liquor-list/,"cRc full liquor list, table row 2166 (category column = Vodka)",2026-08-11,verified_against_current_official_source
CRC-row2167,cRc,Vodka,Smirnoff,Wild Honey,Certified,KSA,True,true,no_evidence,True,False,True,False,Certified when bearing the KSA logo,cRc certifies this ONLY when the bottle bears the KSA logo.,https://consumer.crckosher.org/liquor/full-liquor-list/,"cRc full liquor list, table row 2167 (category column = Vodka)",2026-08-11,verified_against_current_official_source
CRC-row2168,cRc,Vodka,Kordials,Vodka,Certified,OU,True,true,no_evidence,True,False,True,False,Certified when bearing the OU logo,cRc certifies this ONLY when the bottle bears the OU logo.,https://consumer.crckosher.org/liquor/full-liquor-list/,"cRc full liquor list, table row 2168 (category column = Vodka)",2026-08-11,verified_against_current_official_source
CRC-row2169,cRc,Vodka,Crater Lake,Hatch Green Chile Vodka,Certified,Oregon K,True,true,no_evidence,True,False,True,False,Certified when bearing the Oregon K logo,cRc certifies this ONLY when the bottle bears the Oregon K logo.,https://consumer.crckosher.org/liquor/full-liquor-list/,"cRc full liquor list, table row 2169 (category column = Vodka)",2026-08-11,verified_against_current_official_source
CRC-row2170,cRc,Vodka,Absolut,Lime,Certified,OU,True,true,no_evidence,True,False,True,False,Certified when bearing the OU logo,cRc certifies this ONLY when the bottle bears the OU logo.,https://consumer.crckosher.org/liquor/full-liquor-list/,"cRc full liquor list, table row 2170 (category column = Vodka)",2026-08-11,verified_against_current_official_source
CRC-row2171,cRc,Vodka,Absolut,Watermelon,Certified,OU,True,true,no_evidence,True,False,True,False,Certified when bearing the OU logo,cRc certifies this ONLY when the bottle bears the OU logo.,https://consumer.crckosher.org/liquor/full-liquor-list/,"cRc full liquor list, table row 2171 (category column = Vodka)",2026-08-11,verified_against_current_official_source
CRC-row2172,cRc,Vodka,Absolut,Extrakt,Certified,OU,True,true,no_evidence,True,False,True,False,Certified when bearing the OU logo,cRc certifies this ONLY when the bottle bears the OU logo.,https://consumer.crckosher.org/liquor/full-liquor-list/,"cRc full liquor list, table row 2172 (category column = Vodka)",2026-08-11,verified_against_current_official_source
CRC-row2173,cRc,Vodka,Absolut,Grapefruit,Certified,OU,True,true,no_evidence,True,False,True,False,Certified when bearing the OU logo,cRc certifies this ONLY when the bottle bears the OU logo.,https://consumer.crckosher.org/liquor/full-liquor-list/,"cRc full liquor list, table row 2173 (category column = Vodka)",2026-08-11,verified_against_current_official_source
CRC-row2174,cRc,Vodka,Absolut,Nights Smoky Pina,Certified,OU,True,true,no_evidence,True,False,True,False,Certified when bearing the OU logo,cRc certifies this ONLY when the bottle bears the OU logo.,https://consumer.crckosher.org/liquor/full-liquor-list/,"cRc full liquor list, table row 2174 (category column = Vodka)",2026-08-11,verified_against_current_official_source
CRC-row2175,cRc,Vodka,Dead Drop,Vodka,Certified,OU-P,True,true,no_evidence,True,False,True,False,Certified when bearing the OU-P logo | Kosher for Passover,cRc certifies this ONLY when the bottle bears the OU-P logo. Note from cRc: Kosher for Passover,https://consumer.crckosher.org/liquor/full-liquor-list/,"cRc full liquor list, table row 2175 (category column = Vodka)",2026-08-11,verified_against_current_official_source
CRC-row2176,cRc,Vodka,Boyar,Vodka,Certified,OU-P,True,true,no_evidence,True,False,True,False,Certified when bearing the OU-P logo | Kosher for Passover,cRc certifies this ONLY when the bottle bears the OU-P logo. Note from cRc: Kosher for Passover,https://consumer.crckosher.org/liquor/full-liquor-list/,"cRc full liquor list, table row 2176 (category column = Vodka)",2026-08-11,verified_against_current_official_source
CRC-row2177,cRc,Vodka,Kedem,Vodka,Certified,OU-P,True,true,no_evidence,True,False,True,False,Certified when bearing the OU-P logo | Kosher for Passover,cRc certifies this ONLY when the bottle bears the OU-P logo. Note from cRc: Kosher for Passover,https://consumer.crckosher.org/liquor/full-liquor-list/,"cRc full liquor list, table row 2177 (category column = Vodka)",2026-08-11,verified_against_current_official_source
CRC-row2178,cRc,Vodka,Vincenzi,Vodka,Certified,OU-P,True,true,no_evidence,True,False,True,False,Certified when bearing the OU-P logo | Kosher for Passover,cRc certifies this ONLY when the bottle bears the OU-P logo. Note from cRc: Kosher for Passover,https://consumer.crckosher.org/liquor/full-liquor-list/,"cRc full liquor list, table row 2178 (category column = Vodka)",2026-08-11,verified_against_current_official_source
CRC-row2179,cRc,Vodka,Yikvei Zion,Vodka 40%,Certified,OU-P,True,true,no_evidence,True,False,True,False,Certified when bearing the OU-P logo | Kosher for Passover,cRc certifies this ONLY when the bottle bears the OU-P logo. Note from cRc: Kosher for Passover,https://consumer.crckosher.org/liquor/full-liquor-list/,"cRc full liquor list, table row 2179 (category column = Vodka)",2026-08-11,verified_against_current_official_source
CRC-row2180,cRc,Vodka,Shikor,Vodka infused with Saffron,Certified,OU-P,True,true,no_evidence,True,False,True,False,Certified when bearing the OU-P logo | Kosher for Passover,cRc certifies this ONLY when the bottle bears the OU-P logo. Note from cRc: Kosher for Passover,https://consumer.crckosher.org/liquor/full-liquor-list/,"cRc full liquor list, table row 2180 (category column = Vodka)",2026-08-11,verified_against_current_official_source
CRC-row2181,cRc,Vodka,Shikor,Hot Shot- Vodka with Chili Pepper,Certified,OU-P,True,true,no_evidence,True,False,True,False,Certified when bearing the OU-P logo | Kosher for Passover,cRc certifies this ONLY when the bottle bears the OU-P logo. Note from cRc: Kosher for Passover,https://consumer.crckosher.org/liquor/full-liquor-list/,"cRc full liquor list, table row 2181 (category column = Vodka)",2026-08-11,verified_against_current_official_source
CRC-row2182,cRc,Vodka,Yikvei Zion,Lemon Vodka 40%,Certified,OU-P,True,true,no_evidence,True,False,True,False,Certified when bearing the OU-P logo | Kosher for Passover,cRc certifies this ONLY when the bottle bears the OU-P logo. Note from cRc: Kosher for Passover,https://consumer.crckosher.org/liquor/full-liquor-list/,"cRc full liquor list, table row 2182 (category column = Vodka)",2026-08-11,verified_against_current_official_source
CRC-row2183,cRc,Vodka,Lvov,Vodka,Certified,OU-P,True,true,no_evidence,True,False,True,False,Certified when bearing the OU-P logo | Kosher for Passover,cRc certifies this ONLY when the bottle bears the OU-P logo. Note from cRc: Kosher for Passover,https://consumer.crckosher.org/liquor/full-liquor-list/,"cRc full liquor list, table row 2183 (category column = Vodka)",2026-08-11,verified_against_current_official_source
CRC-row2184,cRc,Vodka,Pravda,Vodka,Certified,OU,True,true,no_evidence,True,False,True,False,Certified when bearing the OU logo,cRc certifies this ONLY when the bottle bears the OU logo.,https://consumer.crckosher.org/liquor/full-liquor-list/,"cRc full liquor list, table row 2184 (category column = Vodka)",2026-08-11,verified_against_current_official_source
CRC-row2185,cRc,Vodka,Sauvage,Upstate Vodka,Certified,OK-P,True,true,no_evidence,True,False,True,False,Certified when bearing the OK-P logo | Kosher for Passover,cRc certifies this ONLY when the bottle bears the OK-P logo. Note from cRc: Kosher for Passover,https://consumer.crckosher.org/liquor/full-liquor-list/,"cRc full liquor list, table row 2185 (category column = Vodka)",2026-08-11,verified_against_current_official_source
CRC-row2186,cRc,Vodka,Zachlawi,Orange Swirl,Certified,OU,True,true,no_evidence,True,False,True,False,Certified when bearing the OU logo,cRc certifies this ONLY when the bottle bears the OU logo.,https://consumer.crckosher.org/liquor/full-liquor-list/,"cRc full liquor list, table row 2186 (category column = Vodka)",2026-08-11,verified_against_current_official_source
CRC-row2187,cRc,Vodka,Zachlawi,Citrus Splash,Certified,OU,True,true,no_evidence,True,False,True,False,Certified when bearing the OU logo,cRc certifies this ONLY when the bottle bears the OU logo.,https://consumer.crckosher.org/liquor/full-liquor-list/,"cRc full liquor list, table row 2187 (category column = Vodka)",2026-08-11,verified_against_current_official_source
CRC-row2188,cRc,Vodka,Zachlawi,Cold Brew Coffee Vodka,Certified,OU,True,true,no_evidence,True,False,True,False,Certified when bearing the OU logo |  ,cRc certifies this ONLY when the bottle bears the OU logo. Note from cRc:  ,https://consumer.crckosher.org/liquor/full-liquor-list/,"cRc full liquor list, table row 2188 (category column = Vodka)",2026-08-11,verified_against_current_official_source
CRC-row2189,cRc,Vodka,Zachlawi,Vodka Mocha Cappuccino,Certified,OU,True,true,no_evidence,True,False,True,False,Certified when bearing the OU logo,cRc certifies this ONLY when the bottle bears the OU logo.,https://consumer.crckosher.org/liquor/full-liquor-list/,"cRc full liquor list, table row 2189 (category column = Vodka)",2026-08-11,verified_against_current_official_source
CRC-row2190,cRc,Vodka,Absolut,Honey,Certified,OU,True,true,no_evidence,True,False,True,False,Certified when bearing the OU logo,cRc certifies this ONLY when the bottle bears the OU logo.,https://consumer.crckosher.org/liquor/full-liquor-list/,"cRc full liquor list, table row 2190 (category column = Vodka)",2026-08-11,verified_against_current_official_source
CRC-row2191,cRc,Vodka,Absolut,Sensations,Certified,OU,True,true,no_evidence,True,False,True,False,Certified when bearing the OU logo,cRc certifies this ONLY when the bottle bears the OU logo.,https://consumer.crckosher.org/liquor/full-liquor-list/,"cRc full liquor list, table row 2191 (category column = Vodka)",2026-08-11,verified_against_current_official_source
CRC-row2192,cRc,Vodka,Absolut,Smoky Pina,Certified,OU,True,true,no_evidence,True,False,True,False,Certified when bearing the OU logo,cRc certifies this ONLY when the bottle bears the OU logo.,https://consumer.crckosher.org/liquor/full-liquor-list/,"cRc full liquor list, table row 2192 (category column = Vodka)",2026-08-11,verified_against_current_official_source
CRC-row2193,cRc,Vodka,Canadian Iceberg,Assorted Varieties,Certified,OU,True,true,no_evidence,True,False,True,False,Certified when bearing the OU logo,cRc certifies this ONLY when the bottle bears the OU logo.,https://consumer.crckosher.org/liquor/full-liquor-list/,"cRc full liquor list, table row 2193 (category column = Vodka)",2026-08-11,verified_against_current_official_source
CRC-row2194,cRc,Vodka,Zachlawi,Vodka Hazelnut Cappuccino,Certified,OU,True,true,no_evidence,True,False,True,False,Certified when bearing the OU logo,cRc certifies this ONLY when the bottle bears the OU logo.,https://consumer.crckosher.org/liquor/full-liquor-list/,"cRc full liquor list, table row 2194 (category column = Vodka)",2026-08-11,verified_against_current_official_source
CRC-row2195,cRc,Vodka,Nemiroff,Bold Orange,Certified,OU,True,true,no_evidence,True,False,True,False,Certified when bearing the OU logo,cRc certifies this ONLY when the bottle bears the OU logo.,https://consumer.crckosher.org/liquor/full-liquor-list/,"cRc full liquor list, table row 2195 (category column = Vodka)",2026-08-11,verified_against_current_official_source
CRC-row2196,cRc,Vodka,Nemiroff,Burning Pear,Certified,OU,True,true,no_evidence,True,False,True,False,Certified when bearing the OU logo,cRc certifies this ONLY when the bottle bears the OU logo.,https://consumer.crckosher.org/liquor/full-liquor-list/,"cRc full liquor list, table row 2196 (category column = Vodka)",2026-08-11,verified_against_current_official_source
CRC-row2197,cRc,Vodka,Nemiroff,Wild Cranberry,Certified,OU,True,true,no_evidence,True,False,True,False,Certified when bearing the OU logo,cRc certifies this ONLY when the bottle bears the OU logo.,https://consumer.crckosher.org/liquor/full-liquor-list/,"cRc full liquor list, table row 2197 (category column = Vodka)",2026-08-11,verified_against_current_official_source
CRC-row2198,cRc,Vodka,Smirnoff,Blue Raspberry Lemonade,Certified,KSA,True,true,no_evidence,True,False,True,False,Certified when bearing the KSA logo,cRc certifies this ONLY when the bottle bears the KSA logo.,https://consumer.crckosher.org/liquor/full-liquor-list/,"cRc full liquor list, table row 2198 (category column = Vodka)",2026-08-11,verified_against_current_official_source
CRC-row2199,cRc,Vodka,Smirnoff Ice,Pink Lemonade,Certified,KSA,True,true,no_evidence,True,False,True,False,Certified when bearing the KSA logo,cRc certifies this ONLY when the bottle bears the KSA logo.,https://consumer.crckosher.org/liquor/full-liquor-list/,"cRc full liquor list, table row 2199 (category column = Vodka)",2026-08-11,verified_against_current_official_source
CRC-row2200,cRc,Vodka,Smirnoff,Red White Berry Zero Sugar,Certified,KSA,True,true,no_evidence,True,False,True,False,Certified when bearing the KSA logo,cRc certifies this ONLY when the bottle bears the KSA logo.,https://consumer.crckosher.org/liquor/full-liquor-list/,"cRc full liquor list, table row 2200 (category column = Vodka)",2026-08-11,verified_against_current_official_source
CRC-row2201,cRc,Vodka,Smirnoff Ice,Smirnoff Ice Pink Lemonade 4.5%,Certified,KSA,True,true,no_evidence,True,False,True,False,Certified when bearing the KSA logo,cRc certifies this ONLY when the bottle bears the KSA logo.,https://consumer.crckosher.org/liquor/full-liquor-list/,"cRc full liquor list, table row 2201 (category column = Vodka)",2026-08-11,verified_against_current_official_source
CRC-row2202,cRc,Vodka,Smirnoff Ice,Smirnoff Ice Raspberry- Utah,Certified,KSA,True,true,no_evidence,True,False,True,False,Certified when bearing the KSA logo,cRc certifies this ONLY when the bottle bears the KSA logo.,https://consumer.crckosher.org/liquor/full-liquor-list/,"cRc full liquor list, table row 2202 (category column = Vodka)",2026-08-11,verified_against_current_official_source
CRC-row2203,cRc,Vodka,Smirnoff Ice,Smirnoff Ice Smash Blue Raspberry Lemonade,Certified,KSA,True,true,no_evidence,True,False,True,False,Certified when bearing the KSA logo,cRc certifies this ONLY when the bottle bears the KSA logo.,https://consumer.crckosher.org/liquor/full-liquor-list/,"cRc full liquor list, table row 2203 (category column = Vodka)",2026-08-11,verified_against_current_official_source
CRC-row2204,cRc,Vodka,Smirnoff Ice,Smirnoff Ice Smash Lemon Tea,Certified,KSA,True,true,no_evidence,True,False,True,False,Certified when bearing the KSA logo,cRc certifies this ONLY when the bottle bears the KSA logo.,https://consumer.crckosher.org/liquor/full-liquor-list/,"cRc full liquor list, table row 2204 (category column = Vodka)",2026-08-11,verified_against_current_official_source
CRC-row2205,cRc,Vodka,Smirnoff Ice,Smirnoff Ice Smash Peach Tea,Certified,KSA,True,true,no_evidence,True,False,True,False,Certified when bearing the KSA logo,cRc certifies this ONLY when the bottle bears the KSA logo.,https://consumer.crckosher.org/liquor/full-liquor-list/,"cRc full liquor list, table row 2205 (category column = Vodka)",2026-08-11,verified_against_current_official_source
CRC-row2206,cRc,Vodka,Smirnoff Ice,Smirnoff Ice Watermelon Mimosa- Utah,Certified,KSA,True,true,no_evidence,True,False,True,False,Certified when bearing the KSA logo,cRc certifies this ONLY when the bottle bears the KSA logo.,https://consumer.crckosher.org/liquor/full-liquor-list/,"cRc full liquor list, table row 2206 (category column = Vodka)",2026-08-11,verified_against_current_official_source
CRC-row2207,cRc,Vodka,Smirnoff Ice,Smirnoff Smash Cherry Lime,Certified,KSA,True,true,no_evidence,True,False,True,False,Certified when bearing the KSA logo,cRc certifies this ONLY when the bottle bears the KSA logo.,https://consumer.crckosher.org/liquor/full-liquor-list/,"cRc full liquor list, table row 2207 (category column = Vodka)",2026-08-11,verified_against_current_official_source
CRC-row2208,cRc,Vodka,Smirnoff Ice,Smirnoff Smash Peach Mango,Certified,KSA,True,true,no_evidence,True,False,True,False,Certified when bearing the KSA logo,cRc certifies this ONLY when the bottle bears the KSA logo.,https://consumer.crckosher.org/liquor/full-liquor-list/,"cRc full liquor list, table row 2208 (category column = Vodka)",2026-08-11,verified_against_current_official_source
CRC-row2209,cRc,Vodka,Smirnoff Ice,Smirnoff Smash Strawberry Lemon,Certified,KSA,True,true,no_evidence,True,False,True,False,Certified when bearing the KSA logo,cRc certifies this ONLY when the bottle bears the KSA logo.,https://consumer.crckosher.org/liquor/full-liquor-list/,"cRc full liquor list, table row 2209 (category column = Vodka)",2026-08-11,verified_against_current_official_source
CRC-row2210,cRc,Vodka,Smirnoff Ice Zero Sugar,Pink Lemonade,Certified,KSA,True,true,no_evidence,True,False,True,False,Certified when bearing the KSA logo,cRc certifies this ONLY when the bottle bears the KSA logo.,https://consumer.crckosher.org/liquor/full-liquor-list/,"cRc full liquor list, table row 2210 (category column = Vodka)",2026-08-11,verified_against_current_official_source
CRC-row2211,cRc,Vodka,Crater Lake,Black Fig Vodka,Certified,Oregon K,True,true,no_evidence,True,False,True,False,Certified when bearing the Oregon K logo,cRc certifies this ONLY when the bottle bears the Oregon K logo.,https://consumer.crckosher.org/liquor/full-liquor-list/,"cRc full liquor list, table row 2211 (category column = Vodka)",2026-08-11,verified_against_current_official_source
CRC-row2212,cRc,Vodka,Crater Lake,Gold Apricot Vodka,Certified,Oregon K,True,true,no_evidence,True,False,True,False,Certified when bearing the Oregon K logo,cRc certifies this ONLY when the bottle bears the Oregon K logo.,https://consumer.crckosher.org/liquor/full-liquor-list/,"cRc full liquor list, table row 2212 (category column = Vodka)",2026-08-11,verified_against_current_official_source
CRC-row2213,cRc,Vodka,Crater Lake,Dark Cherry Vodka,Certified,Oregon K,True,true,no_evidence,True,False,True,False,Certified when bearing the Oregon K logo,cRc certifies this ONLY when the bottle bears the Oregon K logo.,https://consumer.crckosher.org/liquor/full-liquor-list/,"cRc full liquor list, table row 2213 (category column = Vodka)",2026-08-11,verified_against_current_official_source
CRC-row2214,cRc,Vodka,Absolut,Nights Nordic Spice,Certified,OU,True,true,no_evidence,True,False,True,False,Certified when bearing the OU logo,cRc certifies this ONLY when the bottle bears the OU logo.,https://consumer.crckosher.org/liquor/full-liquor-list/,"cRc full liquor list, table row 2214 (category column = Vodka)",2026-08-11,verified_against_current_official_source
CRC-row2215,cRc,Vodka,Stoli,Gluten Free,Certified,OU-P,True,true,no_evidence,True,False,True,False,Certified when bearing the OU-P logo | Kosher for Passover,cRc certifies this ONLY when the bottle bears the OU-P logo. Note from cRc: Kosher for Passover,https://consumer.crckosher.org/liquor/full-liquor-list/,"cRc full liquor list, table row 2215 (category column = Vodka)",2026-08-11,verified_against_current_official_source
CRC-row2216,cRc,Vodka,Voda,Vodka,Certified,cRc,True,true,no_evidence,True,False,True,False,Certified when bearing the cRc logo,cRc certifies this ONLY when the bottle bears the cRc logo.,https://consumer.crckosher.org/liquor/full-liquor-list/,"cRc full liquor list, table row 2216 (category column = Vodka)",2026-08-11,verified_against_current_official_source
CRC-row2217,cRc,Vodka,Smirnoff,Cranberry Apple Cosmopolitan,Certified,KSA,True,true,no_evidence,True,False,True,False,Certified when bearing the KSA logo,cRc certifies this ONLY when the bottle bears the KSA logo.,https://consumer.crckosher.org/liquor/full-liquor-list/,"cRc full liquor list, table row 2217 (category column = Vodka)",2026-08-11,verified_against_current_official_source
CRC-row2218,cRc,Vodka,Smirnoff Ice,Green Apple - Utah,Certified,KSA,True,true,no_evidence,True,False,True,False,Certified when bearing the KSA logo,cRc certifies this ONLY when the bottle bears the KSA logo.,https://consumer.crckosher.org/liquor/full-liquor-list/,"cRc full liquor list, table row 2218 (category column = Vodka)",2026-08-11,verified_against_current_official_source
CRC-row2219,cRc,Vodka,Smirnoff Ice,Orange Cream Pop,Certified,KSA,True,true,no_evidence,True,False,True,False,Certified when bearing the KSA logo,cRc certifies this ONLY when the bottle bears the KSA logo.,https://consumer.crckosher.org/liquor/full-liquor-list/,"cRc full liquor list, table row 2219 (category column = Vodka)",2026-08-11,verified_against_current_official_source
CRC-row2220,cRc,Vodka,Smirnoff Ice,Smash Blue Raspberry + Blackberry,Certified,KSA,True,true,no_evidence,True,False,True,False,Certified when bearing the KSA logo,cRc certifies this ONLY when the bottle bears the KSA logo.,https://consumer.crckosher.org/liquor/full-liquor-list/,"cRc full liquor list, table row 2220 (category column = Vodka)",2026-08-11,verified_against_current_official_source
CRC-row2221,cRc,Vodka,Pride & Clarke,Vodka,Certified,cRc,True,true,no_evidence,True,False,True,False,Certified when bearing the cRc logo,cRc certifies this ONLY when the bottle bears the cRc logo.,https://consumer.crckosher.org/liquor/full-liquor-list/,"cRc full liquor list, table row 2221 (category column = Vodka)",2026-08-11,verified_against_current_official_source
CRC-row2222,cRc,Vodka,Metropolitan Martini Company,Apple Martini,Certified,OU,True,true,no_evidence,True,False,True,False,Certified when bearing the OU logo,cRc certifies this ONLY when the bottle bears the OU logo.,https://consumer.crckosher.org/liquor/full-liquor-list/,"cRc full liquor list, table row 2222 (category column = Vodka)",2026-08-11,verified_against_current_official_source
CRC-row2223,cRc,Vodka,Metropolitan Martini Company,Chocolate Martini,Certified,OU,True,true,no_evidence,True,False,True,False,Certified when bearing the OU logo,cRc certifies this ONLY when the bottle bears the OU logo.,https://consumer.crckosher.org/liquor/full-liquor-list/,"cRc full liquor list, table row 2223 (category column = Vodka)",2026-08-11,verified_against_current_official_source
CRC-row2224,cRc,Vodka,Metropolitan Martini Company,Cosmopolitan,Certified,OU,True,true,no_evidence,True,False,True,False,Certified when bearing the OU logo,cRc certifies this ONLY when the bottle bears the OU logo.,https://consumer.crckosher.org/liquor/full-liquor-list/,"cRc full liquor list, table row 2224 (category column = Vodka)",2026-08-11,verified_against_current_official_source
CRC-row2225,cRc,Vodka,Absolut,Hunni,Certified,OU,True,true,no_evidence,True,False,True,False,Certified when bearing the OU logo,cRc certifies this ONLY when the bottle bears the OU logo.,https://consumer.crckosher.org/liquor/full-liquor-list/,"cRc full liquor list, table row 2225 (category column = Vodka)",2026-08-11,verified_against_current_official_source
CRC-row2226,cRc,Vodka,Smirnoff Ice,Original,Not Recommended,,False,,no_evidence,False,False,False,True,,"cRc lists this as ""Not Recommended"". Do not use it.",https://consumer.crckosher.org/liquor/full-liquor-list/,"cRc full liquor list, table row 2226 (category column = Vodka)",2026-08-11,verified_against_current_official_source
CRC-row2227,cRc,Vodka,Song Dog Farm Distillery,Vodka,Certified,cRc,True,true,no_evidence,True,False,True,False,Certified when bearing the cRc logo |  ,cRc certifies this ONLY when the bottle bears the cRc logo. Note from cRc:  ,https://consumer.crckosher.org/liquor/full-liquor-list/,"cRc full liquor list, table row 2227 (category column = Vodka)",2026-08-11,verified_against_current_official_source
CRC-row2228,cRc,Vodka,Absolut,Orange Peel,Certified,OU,True,true,no_evidence,True,False,True,False,Certified when bearing the OU logo,cRc certifies this ONLY when the bottle bears the OU logo.,https://consumer.crckosher.org/liquor/full-liquor-list/,"cRc full liquor list, table row 2228 (category column = Vodka)",2026-08-11,verified_against_current_official_source
CRC-row2229,cRc,Vodka,Van Gogh,Acai Blueberry,Certified,OU,True,true,no_evidence,True,False,True,False,Certified when bearing the OU logo,cRc certifies this ONLY when the bottle bears the OU logo.,https://consumer.crckosher.org/liquor/full-liquor-list/,"cRc full liquor list, table row 2229 (category column = Vodka)",2026-08-11,verified_against_current_official_source
CRC-row2230,cRc,Vodka,Van Gogh,Vodka Blue,Certified,OU,True,true,no_evidence,True,False,True,False,Certified when bearing the OU logo,cRc certifies this ONLY when the bottle bears the OU logo.,https://consumer.crckosher.org/liquor/full-liquor-list/,"cRc full liquor list, table row 2230 (category column = Vodka)",2026-08-11,verified_against_current_official_source
CRC-row2231,cRc,Vodka,Absolut,Original,Certified,OU,True,true,no_evidence,True,False,True,False,Certified when bearing the OU logo,cRc certifies this ONLY when the bottle bears the OU logo.,https://consumer.crckosher.org/liquor/full-liquor-list/,"cRc full liquor list, table row 2231 (category column = Vodka)",2026-08-11,verified_against_current_official_source
CRC-row2232,cRc,Vodka,Belvedere,Assorted Varieties,Certified,OU,True,true,no_evidence,True,False,True,False,Certified when bearing the OU logo,cRc certifies this ONLY when the bottle bears the OU logo.,https://consumer.crckosher.org/liquor/full-liquor-list/,"cRc full liquor list, table row 2232 (category column = Vodka)",2026-08-11,verified_against_current_official_source
CRC-row2233,cRc,Vodka,Chopin,Unflavored,Acceptable (not certified),,False,false,no_evidence,False,True,False,False,,cRc lists this as acceptable without certification.,https://consumer.crckosher.org/liquor/full-liquor-list/,"cRc full liquor list, table row 2233 (category column = Vodka)",2026-08-11,verified_against_current_official_source
CRC-row2234,cRc,Vodka,Finlandia,Unflavored,Acceptable (not certified),,False,false,no_evidence,False,True,False,False,,cRc lists this as acceptable without certification.,https://consumer.crckosher.org/liquor/full-liquor-list/,"cRc full liquor list, table row 2234 (category column = Vodka)",2026-08-11,verified_against_current_official_source
CRC-row2235,cRc,Vodka,Grey Goose,Unflavored,Acceptable (not certified),,False,false,no_evidence,False,True,False,False,,cRc lists this as acceptable without certification.,https://consumer.crckosher.org/liquor/full-liquor-list/,"cRc full liquor list, table row 2235 (category column = Vodka)",2026-08-11,verified_against_current_official_source
CRC-row2236,cRc,Vodka,Ketel One,Unflavored,Acceptable (not certified),,False,false,no_evidence,False,True,False,False,,cRc lists this as acceptable without certification.,https://consumer.crckosher.org/liquor/full-liquor-list/,"cRc full liquor list, table row 2236 (category column = Vodka)",2026-08-11,verified_against_current_official_source
CRC-row2237,cRc,Vodka,Vox,Unflavored,Acceptable (not certified),,False,false,no_evidence,False,True,False,False,,cRc lists this as acceptable without certification.,https://consumer.crckosher.org/liquor/full-liquor-list/,"cRc full liquor list, table row 2237 (category column = Vodka)",2026-08-11,verified_against_current_official_source
CRC-row2238,cRc,Vodka,Van Gogh,Unflavored,Certified,OU,True,true,no_evidence,True,False,True,False,Certified when bearing the OU logo,cRc certifies this ONLY when the bottle bears the OU logo.,https://consumer.crckosher.org/liquor/full-liquor-list/,"cRc full liquor list, table row 2238 (category column = Vodka)",2026-08-11,verified_against_current_official_source
CRC-row2239,cRc,Vodka,Three Olives,Unflavored,Acceptable (not certified),,False,false,no_evidence,False,True,False,False,,cRc lists this as acceptable without certification.,https://consumer.crckosher.org/liquor/full-liquor-list/,"cRc full liquor list, table row 2239 (category column = Vodka)",2026-08-11,verified_against_current_official_source
CRC-row2240,cRc,Vodka,Absolut,Peach,Certified,OU,True,true,no_evidence,True,False,True,False,Certified when bearing the OU logo,cRc certifies this ONLY when the bottle bears the OU logo.,https://consumer.crckosher.org/liquor/full-liquor-list/,"cRc full liquor list, table row 2240 (category column = Vodka)",2026-08-11,verified_against_current_official_source
CRC-row2241,cRc,Vodka,Absolut,Kurant,Certified,OU,True,true,no_evidence,True,False,True,False,Certified when bearing the OU logo,cRc certifies this ONLY when the bottle bears the OU logo.,https://consumer.crckosher.org/liquor/full-liquor-list/,"cRc full liquor list, table row 2241 (category column = Vodka)",2026-08-11,verified_against_current_official_source
CRC-row2242,cRc,Vodka,Absolut,Mango,Certified,OU,True,true,no_evidence,True,False,True,False,Certified when bearing the OU logo,cRc certifies this ONLY when the bottle bears the OU logo.,https://consumer.crckosher.org/liquor/full-liquor-list/,"cRc full liquor list, table row 2242 (category column = Vodka)",2026-08-11,verified_against_current_official_source
CRC-row2243,cRc,Vodka,Absolut,Peppar,Certified,OU,True,true,no_evidence,True,False,True,False,Certified when bearing the OU logo,cRc certifies this ONLY when the bottle bears the OU logo.,https://consumer.crckosher.org/liquor/full-liquor-list/,"cRc full liquor list, table row 2243 (category column = Vodka)",2026-08-11,verified_against_current_official_source
CRC-row2244,cRc,Vodka,Absolut,Citron,Certified,OU,True,true,no_evidence,True,False,True,False,Certified when bearing the OU logo,cRc certifies this ONLY when the bottle bears the OU logo.,https://consumer.crckosher.org/liquor/full-liquor-list/,"cRc full liquor list, table row 2244 (category column = Vodka)",2026-08-11,verified_against_current_official_source
CRC-row2245,cRc,Vodka,Absolut,Raspberri,Certified,OU,True,true,no_evidence,True,False,True,False,Certified when bearing the OU logo,cRc certifies this ONLY when the bottle bears the OU logo.,https://consumer.crckosher.org/liquor/full-liquor-list/,"cRc full liquor list, table row 2245 (category column = Vodka)",2026-08-11,verified_against_current_official_source
CRC-row2246,cRc,Vodka,Absolut,ELYX,Certified,OU,True,true,no_evidence,True,False,True,False,Certified when bearing the OU logo,cRc certifies this ONLY when the bottle bears the OU logo.,https://consumer.crckosher.org/liquor/full-liquor-list/,"cRc full liquor list, table row 2246 (category column = Vodka)",2026-08-11,verified_against_current_official_source
CRC-row2247,cRc,Vodka,Absolut,Mandrin,Certified,OU,True,true,no_evidence,True,False,True,False,Certified when bearing the OU logo,cRc certifies this ONLY when the bottle bears the OU logo.,https://consumer.crckosher.org/liquor/full-liquor-list/,"cRc full liquor list, table row 2247 (category column = Vodka)",2026-08-11,verified_against_current_official_source
CRC-row2248,cRc,Vodka,Absolut,Pears,Certified,OU,True,true,no_evidence,True,False,True,False,Certified when bearing the OU logo,cRc certifies this ONLY when the bottle bears the OU logo.,https://consumer.crckosher.org/liquor/full-liquor-list/,"cRc full liquor list, table row 2248 (category column = Vodka)",2026-08-11,verified_against_current_official_source
CRC-row2249,cRc,Vodka,Absolut,Vanilia,Certified,OU,True,true,no_evidence,True,False,True,False,Certified when bearing the OU logo,cRc certifies this ONLY when the bottle bears the OU logo.,https://consumer.crckosher.org/liquor/full-liquor-list/,"cRc full liquor list, table row 2249 (category column = Vodka)",2026-08-11,verified_against_current_official_source
CRC-row2250,cRc,Vodka,Stoli,Stolichnaya Imported Russia Vodka,Certified,OU,True,true,no_evidence,True,False,True,False,Certified when bearing the OU logo,cRc certifies this ONLY when the bottle bears the OU logo.,https://consumer.crckosher.org/liquor/full-liquor-list/,"cRc full liquor list, table row 2250 (category column = Vodka)",2026-08-11,verified_against_current_official_source
CRC-row2251,cRc,Vodka,Smirnoff,Diageo Blend,Certified,KSA,True,true,no_evidence,True,False,True,False,Certified when bearing the KSA logo,cRc certifies this ONLY when the bottle bears the KSA logo.,https://consumer.crckosher.org/liquor/full-liquor-list/,"cRc full liquor list, table row 2251 (category column = Vodka)",2026-08-11,verified_against_current_official_source
CRC-row2252,cRc,Vodka,Weldon Mills,House Vodka,Certified,OK,True,false,no_evidence,False,True,False,False, ,cRc lists this as Certified under OK. Per cRc's legend a symbol is not required on the bottle; this does NOT prove the bottle is printed with one. Note from cRc:  ,https://consumer.crckosher.org/liquor/full-liquor-list/,"cRc full liquor list, table row 2252 (category column = Vodka)",2026-08-11,verified_against_current_official_source
CRC-row2253,cRc,Vodka,Dray 25,Strawberry Guava Flavored Vodka,Certified,OK,True,false,no_evidence,False,True,False,False, ,cRc lists this as Certified under OK. Per cRc's legend a symbol is not required on the bottle; this does NOT prove the bottle is printed with one. Note from cRc:  ,https://consumer.crckosher.org/liquor/full-liquor-list/,"cRc full liquor list, table row 2253 (category column = Vodka)",2026-08-11,verified_against_current_official_source
CRC-row2254,cRc,Vodka,Dray 25,Lavender Lime Flavored Vodka,Certified,OK,True,false,no_evidence,False,True,False,False, ,cRc lists this as Certified under OK. Per cRc's legend a symbol is not required on the bottle; this does NOT prove the bottle is printed with one. Note from cRc:  ,https://consumer.crckosher.org/liquor/full-liquor-list/,"cRc full liquor list, table row 2254 (category column = Vodka)",2026-08-11,verified_against_current_official_source
CRC-row2255,cRc,Vodka,Dray 25,Orange Blossom Flavored Vodka,Certified,OK,True,false,no_evidence,False,True,False,False, ,cRc lists this as Certified under OK. Per cRc's legend a symbol is not required on the bottle; this does NOT prove the bottle is printed with one. Note from cRc:  ,https://consumer.crckosher.org/liquor/full-liquor-list/,"cRc full liquor list, table row 2255 (category column = Vodka)",2026-08-11,verified_against_current_official_source
CRC-row2256,cRc,Vodka,Dray 25,Raspberry Rose and Lychee Flavored Vodka,Certified,OK,True,false,no_evidence,False,True,False,False, ,cRc lists this as Certified under OK. Per cRc's legend a symbol is not required on the bottle; this does NOT prove the bottle is printed with one. Note from cRc:  ,https://consumer.crckosher.org/liquor/full-liquor-list/,"cRc full liquor list, table row 2256 (category column = Vodka)",2026-08-11,verified_against_current_official_source
CRC-row2257,cRc,Vodka,WMD,Bombardier Cinnamon Vodka,Certified,OK,True,false,no_evidence,False,True,False,False, ,cRc lists this as Certified under OK. Per cRc's legend a symbol is not required on the bottle; this does NOT prove the bottle is printed with one. Note from cRc:  ,https://consumer.crckosher.org/liquor/full-liquor-list/,"cRc full liquor list, table row 2257 (category column = Vodka)",2026-08-11,verified_against_current_official_source
CRC-row2258,cRc,Vodka,Zachlawi,Blue Caracao Vodka,Certified,OU-P,True,true,no_evidence,True,False,True,False,Certified when bearing the OU-P logo | Kosher for Passover,cRc certifies this ONLY when the bottle bears the OU-P logo. Note from cRc: Kosher for Passover,https://consumer.crckosher.org/liquor/full-liquor-list/,"cRc full liquor list, table row 2258 (category column = Vodka)",2026-08-11,verified_against_current_official_source
CRC-row2259,cRc,Vodka,Zachlawi,Cinnamon Vodka,Certified,OU-P,True,true,no_evidence,True,False,True,False,Certified when bearing the OU-P logo | Kosher for Passover,cRc certifies this ONLY when the bottle bears the OU-P logo. Note from cRc: Kosher for Passover,https://consumer.crckosher.org/liquor/full-liquor-list/,"cRc full liquor list, table row 2259 (category column = Vodka)",2026-08-11,verified_against_current_official_source
CRC-row2260,cRc,Vodka,Zachlawi,Coffee Vodka,Certified,OU-P,True,true,no_evidence,True,False,True,False,Certified when bearing the OU-P logo | Kosher for Passover,cRc certifies this ONLY when the bottle bears the OU-P logo. Note from cRc: Kosher for Passover,https://consumer.crckosher.org/liquor/full-liquor-list/,"cRc full liquor list, table row 2260 (category column = Vodka)",2026-08-11,verified_against_current_official_source
CRC-row2261,cRc,Vodka,Zachlawi,Premium Vodka,Certified,OU-P,True,true,no_evidence,True,False,True,False,Certified when bearing the OU-P logo | Kosher for Passover,cRc certifies this ONLY when the bottle bears the OU-P logo. Note from cRc: Kosher for Passover,https://consumer.crckosher.org/liquor/full-liquor-list/,"cRc full liquor list, table row 2261 (category column = Vodka)",2026-08-11,verified_against_current_official_source
CRC-row2262,cRc,Vodka,Smirnoff,Grape,Certified,KSA,True,true,no_evidence,True,False,True,False,Certified when bearing the KSA logo,cRc certifies this ONLY when the bottle bears the KSA logo.,https://consumer.crckosher.org/liquor/full-liquor-list/,"cRc full liquor list, table row 2262 (category column = Vodka)",2026-08-11,verified_against_current_official_source
CRC-row2263,cRc,Vodka,Smirnoff Ice,Smirnoff Ice Smash Hard Raspberry Tea,Certified,KSA,True,true,no_evidence,True,False,True,False,Certified when bearing the KSA logo,cRc certifies this ONLY when the bottle bears the KSA logo.,https://consumer.crckosher.org/liquor/full-liquor-list/,"cRc full liquor list, table row 2263 (category column = Vodka)",2026-08-11,verified_against_current_official_source
